date,actual_mean_temp,actual_min_temp,actual_max_temp,average_min_temp,average_max_temp,record_min_temp,record_max_temp,record_min_temp_year,record_max_temp_year,actual_precipitation,average_precipitation,record_precipitation,City,Station,Year,Month,MonthName,HistoricalAvgTemp,TempAnomaly,NearRecordHigh,NearRecordLow,PrecipAnomaly
2014-07-01,81,70,91,67,89,56,104,1919.0,2012.0,0.0,0.1,5.91,Charlotte,KCLT,2014,7,Jul,78.0,3.0,False,False,-0.1
2014-07-02,85,74,95,68,89,56,101,2008.0,1931.0,0.0,0.1,1.53,Charlotte,KCLT,2014,7,Jul,78.5,6.5,False,False,-0.1
2014-07-03,82,71,93,68,89,56,99,2010.0,1931.0,0.14,0.11,2.5,Charlotte,KCLT,2014,7,Jul,78.5,3.5,False,False,0.030000000000000013
2014-07-04,75,64,86,68,89,55,99,1933.0,1955.0,0.0,0.1,2.63,Charlotte,KCLT,2014,7,Jul,78.5,-3.5,False,False,-0.1
2014-07-05,72,60,84,68,89,57,100,1967.0,1954.0,0.0,0.1,1.65,Charlotte,KCLT,2014,7,Jul,78.5,-6.5,False,True,-0.1
2014-07-06,74,61,87,68,89,57,99,1964.0,1948.0,0.0,0.1,1.95,Charlotte,KCLT,2014,7,Jul,78.5,-4.5,False,False,-0.1
2014-07-07,79,67,91,68,89,55,100,1972.0,1954.0,0.0,0.11,2.37,Charlotte,KCLT,2014,7,Jul,78.5,0.5,False,False,-0.11
2014-07-08,83,72,94,68,89,58,101,1892.0,2010.0,0.0,0.11,1.87,Charlotte,KCLT,2014,7,Jul,78.5,4.5,False,False,-0.11
2014-07-09,80,71,89,68,89,57,101,1891.0,1986.0,0.15,0.12,3.71,Charlotte,KCLT,2014,7,Jul,78.5,1.5,False,False,0.03
2014-07-10,78,71,85,68,89,53,101,1961.0,1926.0,0.0,0.11,2.45,Charlotte,KCLT,2014,7,Jul,78.5,-0.5,False,False,-0.11
2014-07-11,78,68,87,68,89,55,100,1961.0,1986.0,0.0,0.12,3.1,Charlotte,KCLT,2014,7,Jul,78.5,-0.5,False,False,-0.12
2014-07-12,79,67,91,68,89,59,102,1953.0,1930.0,0.0,0.11,1.95,Charlotte,KCLT,2014,7,Jul,78.5,0.5,False,False,-0.11
2014-07-13,81,69,92,68,89,56,100,1918.0,1986.0,0.0,0.12,2.09,Charlotte,KCLT,2014,7,Jul,78.5,2.5,False,False,-0.12
2014-07-14,85,74,96,68,89,59,102,2007.0,1954.0,0.0,0.12,2.15,Charlotte,KCLT,2014,7,Jul,78.5,6.5,False,False,-0.12
2014-07-15,81,67,94,68,89,58,100,2001.0,1893.0,0.87,0.12,4.61,Charlotte,KCLT,2014,7,Jul,78.5,2.5,False,False,0.75
2014-07-16,76,66,85,68,89,58,100,2001.0,1887.0,0.0,0.12,1.47,Charlotte,KCLT,2014,7,Jul,78.5,-2.5,False,False,-0.12
2014-07-17,74,63,84,68,89,62,100,1886.0,1986.0,0.0,0.12,4.14,Charlotte,KCLT,2014,7,Jul,78.5,-4.5,False,True,-0.12
2014-07-18,77,70,83,68,89,62,102,1896.0,1887.0,0.0,0.12,1.82,Charlotte,KCLT,2014,7,Jul,78.5,-1.5,False,False,-0.12
2014-07-19,70,66,74,68,89,60,103,2009.0,1986.0,0.17,0.12,2.3,Charlotte,KCLT,2014,7,Jul,78.5,-8.5,False,False,0.05000000000000002
2014-07-20,74,65,83,68,89,60,101,1910.0,1986.0,0.0,0.12,1.25,Charlotte,KCLT,2014,7,Jul,78.5,-4.5,False,False,-0.12
2014-07-21,74,70,77,68,89,57,103,1890.0,1986.0,1.3,0.12,3.83,Charlotte,KCLT,2014,7,Jul,78.5,-4.5,False,False,1.1800000000000002
2014-07-22,79,72,85,68,89,58,103,2001.0,1926.0,0.0,0.12,2.56,Charlotte,KCLT,2014,7,Jul,78.5,0.5,False,False,-0.12
2014-07-23,80,69,90,68,89,56,101,2007.0,1987.0,0.0,0.13,6.88,Charlotte,KCLT,2014,7,Jul,78.5,1.5,False,False,-0.13
2014-07-24,80,71,89,68,89,59,100,1947.0,1952.0,0.06,0.12,2.83,Charlotte,KCLT,2014,7,Jul,78.5,1.5,False,False,-0.06
2014-07-25,77,68,86,68,89,62,101,1947.0,2010.0,0.0,0.13,2.34,Charlotte,KCLT,2014,7,Jul,78.5,-1.5,False,False,-0.13
2014-07-26,78,66,89,68,89,60,100,1904.0,2005.0,0.0,0.13,2.84,Charlotte,KCLT,2014,7,Jul,78.5,-0.5,False,False,-0.13
2014-07-27,80,70,90,68,89,57,103,1920.0,1940.0,0.18,0.13,2.46,Charlotte,KCLT,2014,7,Jul,78.5,1.5,False,False,0.04999999999999999
2014-07-28,79,68,90,68,89,54,102,1962.0,1952.0,0.06,0.13,2.98,Charlotte,KCLT,2014,7,Jul,78.5,0.5,False,False,-0.07
2014-07-29,73,62,83,68,89,59,103,1920.0,1952.0,0.0,0.14,2.04,Charlotte,KCLT,2014,7,Jul,78.5,-5.5,False,True,-0.14
2014-07-30,74,63,85,68,89,58,101,1914.0,2011.0,0.0,0.14,4.24,Charlotte,KCLT,2014,7,Jul,78.5,-4.5,False,False,-0.14
2014-07-31,72,65,78,68,89,56,100,1914.0,1999.0,1.45,0.14,1.45,Charlotte,KCLT,2014,7,Jul,78.5,-6.5,False,False,1.31
2014-08-01,68,65,70,68,89,58,98,1966.0,1957.0,2.39,0.14,2.39,Charlotte,KCLT,2014,8,Aug,78.5,-10.5,False,False,2.25
2014-08-02,69,65,72,68,89,59,98,1895.0,1942.0,0.0,0.14,2.0,Charlotte,KCLT,2014,8,Aug,78.5,-9.5,False,False,-0.14
2014-08-03,77,67,86,68,89,60,98,1998.0,2011.0,0.0,0.15,4.51,Charlotte,KCLT,2014,8,Aug,78.5,-1.5,False,False,-0.15
2014-08-04,78,69,87,68,89,58,98,1912.0,1935.0,0.0,0.15,2.59,Charlotte,KCLT,2014,8,Aug,78.5,-0.5,False,False,-0.15
2014-08-05,77,65,88,68,89,55,100,1912.0,1954.0,0.0,0.15,3.01,Charlotte,KCLT,2014,8,Aug,78.5,-1.5,False,False,-0.15
2014-08-06,78,68,88,68,88,57,102,1912.0,1956.0,0.17,0.14,3.19,Charlotte,KCLT,2014,8,Aug,78.0,0.0,False,False,0.03
2014-08-07,78,67,88,68,88,50,100,2004.0,1963.0,0.0,0.13,1.53,Charlotte,KCLT,2014,8,Aug,78.0,0.0,False,False,-0.13
2014-08-08,77,73,81,68,88,55,102,2004.0,2007.0,0.0,0.13,1.37,Charlotte,KCLT,2014,8,Aug,78.0,-1.0,False,False,-0.13
2014-08-09,76,68,84,68,88,56,104,2002.0,2007.0,0.0,0.13,1.26,Charlotte,KCLT,2014,8,Aug,78.0,-2.0,False,False,-0.13
2014-08-10,70,67,73,68,88,56,104,1879.0,2007.0,0.01,0.13,2.26,Charlotte,KCLT,2014,8,Aug,78.0,-8.0,False,False,-0.12000000000000001
2014-08-11,78,71,85,68,88,58,98,1879.0,1956.0,0.58,0.13,3.04,Charlotte,KCLT,2014,8,Aug,78.0,0.0,False,False,0.44999999999999996
2014-08-12,81,72,89,68,88,57,100,1890.0,1925.0,0.31,0.13,2.25,Charlotte,KCLT,2014,8,Aug,78.0,3.0,False,False,0.18
2014-08-13,75,65,84,68,88,57,102,1979.0,1956.0,0.0,0.14,1.27,Charlotte,KCLT,2014,8,Aug,78.0,-3.0,False,False,-0.14
2014-08-14,71,59,83,68,88,57,98,1967.0,1925.0,0.0,0.14,2.0,Charlotte,KCLT,2014,8,Aug,78.0,-7.0,False,True,-0.14
2014-08-15,73,60,86,68,88,55,99,1964.0,2007.0,0.0,0.14,3.17,Charlotte,KCLT,2014,8,Aug,78.0,-5.0,False,False,-0.14
2014-08-16,77,68,86,68,88,57,102,1924.0,1954.0,0.0,0.14,2.51,Charlotte,KCLT,2014,8,Aug,78.0,-1.0,False,False,-0.14
2014-08-17,78,67,89,67,88,55,97,1979.0,1911.0,0.0,0.14,2.92,Charlotte,KCLT,2014,8,Aug,77.5,0.5,False,False,-0.14
2014-08-18,81,71,90,67,88,59,101,1976.0,1988.0,0.0,0.13,1.76,Charlotte,KCLT,2014,8,Aug,77.5,3.5,False,False,-0.13
2014-08-19,80,70,90,67,87,59,100,1981.0,1988.0,0.0,0.14,1.96,Charlotte,KCLT,2014,8,Aug,77.0,3.0,False,False,-0.14
2014-08-20,79,67,91,67,87,56,103,1918.0,1925.0,0.0,0.14,1.84,Charlotte,KCLT,2014,8,Aug,77.0,2.0,False,False,-0.14
2014-08-21,80,67,93,67,87,56,103,1998.0,1983.0,0.0,0.13,2.22,Charlotte,KCLT,2014,8,Aug,77.0,3.0,False,False,-0.13
2014-08-22,83,70,95,67,87,57,101,1886.0,1983.0,0.0,0.15,2.81,Charlotte,KCLT,2014,8,Aug,77.0,6.0,False,False,-0.15
2014-08-23,82,73,91,67,87,53,103,1930.0,1983.0,0.08,0.13,2.74,Charlotte,KCLT,2014,8,Aug,77.0,5.0,False,False,-0.05
2014-08-24,74,66,81,67,87,55,97,1888.0,1968.0,0.14,0.14,2.35,Charlotte,KCLT,2014,8,Aug,77.0,-3.0,False,False,0.0
2014-08-25,72,60,83,66,87,56,98,1952.0,1943.0,0.0,0.14,3.16,Charlotte,KCLT,2014,8,Aug,76.5,-4.5,False,False,-0.14
2014-08-26,72,60,84,66,87,55,100,1942.0,1954.0,0.0,0.14,5.36,Charlotte,KCLT,2014,8,Aug,76.5,-4.5,False,False,-0.14
2014-08-27,72,57,87,66,86,55,101,1952.0,1954.0,0.0,0.13,4.39,Charlotte,KCLT,2014,8,Aug,76.0,-4.0,False,True,-0.13
2014-08-28,77,61,92,66,86,55,98,1905.0,1924.0,0.0,0.13,4.64,Charlotte,KCLT,2014,8,Aug,76.0,1.0,False,False,-0.13
2014-08-29,79,69,88,66,86,54,100,1986.0,1948.0,0.0,0.13,1.42,Charlotte,KCLT,2014,8,Aug,76.0,3.0,False,False,-0.13
2014-08-30,79,68,90,66,86,53,101,1965.0,1932.0,0.0,0.12,2.54,Charlotte,KCLT,2014,8,Aug,76.0,3.0,False,False,-0.12
2014-08-31,83,74,91,65,86,53,99,1946.0,1957.0,0.06,0.12,3.4,Charlotte,KCLT,2014,8,Aug,75.5,7.5,False,False,-0.06
2014-09-01,82,71,93,65,85,51,99,1999.0,1957.0,0.0,0.11,2.93,Charlotte,KCLT,2014,9,Sep,75.0,7.0,False,False,-0.11
2014-09-02,82,69,94,65,85,53,99,1967.0,1932.0,0.0,0.12,1.2,Charlotte,KCLT,2014,9,Sep,75.0,7.0,False,False,-0.12
2014-09-03,81,68,93,65,85,52,98,1967.0,1925.0,0.63,0.11,2.67,Charlotte,KCLT,2014,9,Sep,75.0,6.0,False,False,0.52
2014-09-04,77,69,85,64,85,54,100,1952.0,1925.0,0.82,0.11,1.15,Charlotte,KCLT,2014,9,Sep,74.5,2.5,False,False,0.71
2014-09-05,79,69,89,64,84,54,101,1967.0,1954.0,0.01,0.11,2.46,Charlotte,KCLT,2014,9,Sep,74.0,5.0,False,False,-0.1
2014-09-06,80,70,90,64,84,53,104,1924.0,1954.0,0.0,0.11,3.47,Charlotte,KCLT,2014,9,Sep,74.0,6.0,False,False,-0.11
2014-09-07,79,70,88,64,84,53,100,1924.0,1925.0,0.09,0.11,2.38,Charlotte,KCLT,2014,9,Sep,74.0,5.0,False,False,-0.020000000000000004
2014-09-08,70,67,73,63,84,54,99,1988.0,1925.0,0.0,0.11,1.96,Charlotte,KCLT,2014,9,Sep,73.5,-3.5,False,False,-0.11
2014-09-09,72,66,77,63,83,46,101,1998.0,1939.0,0.0,0.11,1.92,Charlotte,KCLT,2014,9,Sep,73.0,-1.0,False,False,-0.11
2014-09-10,72,65,79,63,83,47,98,1998.0,1939.0,0.0,0.1,3.64,Charlotte,KCLT,2014,9,Sep,73.0,-1.0,False,False,-0.1
2014-09-11,77,64,89,62,83,49,96,1956.0,1925.0,0.09,0.1,1.8,Charlotte,KCLT,2014,9,Sep,72.5,4.5,False,False,-0.010000000000000009
2014-09-12,81,72,90,62,83,45,95,1917.0,1925.0,0.08,0.09,1.76,Charlotte,KCLT,2014,9,Sep,72.5,8.5,False,False,-0.009999999999999995
2014-09-13,76,66,86,62,82,49,94,1917.0,1962.0,1.56,0.11,4.12,Charlotte,KCLT,2014,9,Sep,72.0,4.0,False,False,1.45
2014-09-14,66,62,69,61,82,47,97,1985.0,1897.0,0.0,0.1,3.23,Charlotte,KCLT,2014,9,Sep,71.5,-5.5,False,False,-0.1
2014-09-15,76,65,86,61,81,47,96,2000.0,1956.0,0.37,0.11,4.06,Charlotte,KCLT,2014,9,Sep,71.0,5.0,False,False,0.26
2014-09-16,76,65,86,61,81,47,96,2000.0,1956.0,0.37,0.11,4.06,Charlotte,KCLT,2014,9,Sep,71.0,5.0,False,False,0.26
2014-09-17,69,63,74,60,81,46,96,1984.0,1954.0,0.0,0.11,3.14,Charlotte,KCLT,2014,9,Sep,70.5,-1.5,False,False,-0.11
2014-09-18,71,62,80,60,81,48,99,2001.0,1896.0,0.0,0.11,4.84,Charlotte,KCLT,2014,9,Sep,70.5,0.5,False,False,-0.11
2014-09-19,73,67,79,59,80,46,97,1984.0,1954.0,0.02,0.1,2.72,Charlotte,KCLT,2014,9,Sep,69.5,3.5,False,False,-0.08
2014-09-20,71,59,82,59,80,45,98,1929.0,1925.0,0.0,0.11,2.82,Charlotte,KCLT,2014,9,Sep,69.5,1.5,False,False,-0.11
2014-09-21,71,57,85,59,80,43,97,1918.0,1895.0,0.0,0.11,2.74,Charlotte,KCLT,2014,9,Sep,69.5,1.5,False,False,-0.11
2014-09-22,69,61,76,58,79,43,98,1918.0,1895.0,0.0,0.1,2.92,Charlotte,KCLT,2014,9,Sep,68.5,0.5,False,False,-0.1
2014-09-23,59,53,65,58,79,39,97,1999.0,1931.0,0.02,0.11,1.69,Charlotte,KCLT,2014,9,Sep,68.5,-9.5,False,False,-0.09
2014-09-24,59,53,64,57,79,43,95,1999.0,1895.0,0.19,0.1,3.89,Charlotte,KCLT,2014,9,Sep,68.0,-9.0,False,False,0.09
2014-09-25,66,61,70,57,78,40,94,1887.0,2010.0,0.01,0.11,1.31,Charlotte,KCLT,2014,9,Sep,67.5,-1.5,False,False,-0.1
2014-09-26,67,62,71,57,78,42,94,1950.0,1961.0,0.0,0.11,2.54,Charlotte,KCLT,2014,9,Sep,67.5,-0.5,False,False,-0.11
2014-09-27,69,59,78,56,78,43,93,1940.0,1900.0,0.0,0.11,1.94,Charlotte,KCLT,2014,9,Sep,67.0,2.0,False,False,-0.11
2014-09-28,68,60,76,56,77,41,93,1947.0,1954.0,0.0,0.12,3.38,Charlotte,KCLT,2014,9,Sep,66.5,1.5,False,False,-0.12
2014-09-29,67,64,70,55,77,40,93,1942.0,1941.0,0.09,0.11,3.59,Charlotte,KCLT,2014,9,Sep,66.0,1.0,False,False,-0.020000000000000004
2014-09-30,71,59,83,55,77,38,91,1888.0,1926.0,0.0,0.12,3.65,Charlotte,KCLT,2014,9,Sep,66.0,5.0,False,False,-0.12
2014-10-01,70,56,84,54,76,39,92,1899.0,1954.0,0.0,0.12,3.8,Charlotte,KCLT,2014,10,Oct,65.0,5.0,False,False,-0.12
2014-10-02,72,59,85,54,76,36,92,1899.0,1954.0,0.0,0.11,1.6,Charlotte,KCLT,2014,10,Oct,65.0,7.0,False,False,-0.11
2014-10-03,70,61,79,54,76,36,91,1974.0,1954.0,0.03,0.12,2.15,Charlotte,KCLT,2014,10,Oct,65.0,5.0,False,False,-0.09
2014-10-04,55,43,67,53,75,33,95,1974.0,1954.0,0.0,0.12,4.21,Charlotte,KCLT,2014,10,Oct,64.0,-9.0,False,False,-0.12
2014-10-05,52,38,65,53,75,38,97,1974.0,1954.0,0.0,0.12,1.16,Charlotte,KCLT,2014,10,Oct,64.0,-12.0,False,True,-0.12
2014-10-06,62,47,76,52,75,38,98,1935.0,1954.0,0.0,0.12,1.98,Charlotte,KCLT,2014,10,Oct,63.5,-1.5,False,False,-0.12
2014-10-07,67,53,80,52,74,34,91,1935.0,1951.0,0.0,0.11,2.7,Charlotte,KCLT,2014,10,Oct,63.0,4.0,False,False,-0.11
2014-10-08,72,58,86,52,74,34,93,1889.0,1941.0,0.0,0.12,3.82,Charlotte,KCLT,2014,10,Oct,63.0,9.0,False,False,-0.12
2014-10-09,66,52,80,51,74,31,92,2000.0,2007.0,0.0,0.12,3.8,Charlotte,KCLT,2014,10,Oct,62.5,3.5,False,False,-0.12
2014-10-10,72,60,84,51,74,30,89,2000.0,1939.0,0.0,0.11,4.18,Charlotte,KCLT,2014,10,Oct,62.5,9.5,False,False,-0.11
2014-10-11,78,68,87,51,73,29,90,2000.0,1939.0,0.08,0.12,2.58,Charlotte,KCLT,2014,10,Oct,62.0,16.0,True,False,-0.039999999999999994
2014-10-12,63,58,68,50,73,31,87,1906.0,1919.0,0.02,0.12,2.82,Charlotte,KCLT,2014,10,Oct,61.5,1.5,False,False,-0.09999999999999999
2014-10-13,66,59,72,50,73,35,91,1964.0,1954.0,0.04,0.12,1.93,Charlotte,KCLT,2014,10,Oct,61.5,4.5,False,False,-0.07999999999999999
2014-10-14,73,64,82,49,72,32,87,2006.0,1940.0,0.45,0.11,2.27,Charlotte,KCLT,2014,10,Oct,60.5,12.5,False,False,0.34
2014-10-15,66,58,73,49,72,30,88,2006.0,1985.0,0.24,0.11,1.83,Charlotte,KCLT,2014,10,Oct,60.5,5.5,False,False,0.13
2014-10-16,61,50,71,49,72,35,87,1939.0,1925.0,0.0,0.11,4.76,Charlotte,KCLT,2014,10,Oct,60.5,0.5,False,False,-0.11
2014-10-17,59,44,74,48,71,35,85,2001.0,1962.0,0.0,0.11,1.9,Charlotte,KCLT,2014,10,Oct,59.5,-0.5,False,False,-0.11
2014-10-18,65,53,76,48,71,31,87,2001.0,1938.0,0.0,0.12,2.34,Charlotte,KCLT,2014,10,Oct,59.5,5.5,False,False,-0.12
2014-10-19,57,45,69,48,71,30,87,2009.0,1938.0,0.0,0.1,1.2,Charlotte,KCLT,2014,10,Oct,59.5,-2.5,False,False,-0.1
2014-10-20,59,46,71,47,71,30,86,1972.0,1926.0,0.0,0.11,2.33,Charlotte,KCLT,2014,10,Oct,59.0,0.0,False,False,-0.11
2014-10-21,61,47,75,47,70,30,88,1952.0,1943.0,0.0,0.11,1.31,Charlotte,KCLT,2014,10,Oct,58.5,2.5,False,False,-0.11
2014-10-22,56,44,68,47,70,29,85,1952.0,1939.0,0.0,0.1,4.52,Charlotte,KCLT,2014,10,Oct,58.5,-2.5,False,False,-0.1
2014-10-23,55,40,70,46,70,31,88,1998.0,1941.0,0.0,0.11,1.72,Charlotte,KCLT,2014,10,Oct,58.0,-3.0,False,False,-0.11
2014-10-24,54,39,69,46,70,28,88,2006.0,1939.0,0.0,0.1,0.85,Charlotte,KCLT,2014,10,Oct,58.0,-4.0,False,False,-0.1
2014-10-25,57,39,74,46,69,27,84,2006.0,1931.0,0.0,0.09,2.65,Charlotte,KCLT,2014,10,Oct,57.5,-0.5,False,False,-0.09
2014-10-26,66,48,83,45,69,27,86,2013.0,1940.0,0.0,0.1,1.85,Charlotte,KCLT,2014,10,Oct,57.0,9.0,True,False,-0.1
2014-10-27,62,43,80,45,69,24,86,1962.0,1939.0,0.0,0.09,2.03,Charlotte,KCLT,2014,10,Oct,57.0,5.0,False,False,-0.09
2014-10-28,68,52,84,45,68,26,87,2001.0,1940.0,0.0,0.1,1.23,Charlotte,KCLT,2014,10,Oct,56.5,11.5,True,False,-0.1
2014-10-29,69,58,79,44,68,27,82,1976.0,1984.0,0.0,0.1,1.65,Charlotte,KCLT,2014,10,Oct,56.0,13.0,True,False,-0.1
2014-10-30,57,45,68,44,68,26,84,1952.0,1950.0,0.0,0.1,2.51,Charlotte,KCLT,2014,10,Oct,56.0,1.0,False,False,-0.1
2014-10-31,50,39,61,44,68,29,85,2008.0,1950.0,0.49,0.1,1.68,Charlotte,KCLT,2014,10,Oct,56.0,-6.0,False,False,0.39
2014-11-01,47,40,53,43,67,29,84,1954.0,1950.0,0.28,0.1,1.14,Charlotte,KCLT,2014,11,Nov,55.0,-8.0,False,False,0.18000000000000002
2014-11-02,44,30,57,43,67,27,85,1954.0,1961.0,0.0,0.1,1.82,Charlotte,KCLT,2014,11,Nov,55.0,-11.0,False,True,-0.1
2014-11-03,45,24,65,43,67,24,84,1954.0,1961.0,0.0,0.1,1.69,Charlotte,KCLT,2014,11,Nov,55.0,-10.0,False,True,-0.1
2014-11-04,53,39,67,43,66,22,83,1966.0,1961.0,0.0,0.1,1.97,Charlotte,KCLT,2014,11,Nov,54.5,-1.5,False,False,-0.1
2014-11-05,60,49,70,42,66,24,81,2006.0,2003.0,0.0,0.1,0.97,Charlotte,KCLT,2014,11,Nov,54.0,6.0,False,False,-0.1
2014-11-06,60,48,71,42,66,26,82,1976.0,2003.0,0.04,0.1,1.34,Charlotte,KCLT,2014,11,Nov,54.0,6.0,False,False,-0.060000000000000005
2014-11-07,50,39,61,42,65,26,78,1998.0,1888.0,0.0,0.1,1.71,Charlotte,KCLT,2014,11,Nov,53.5,-3.5,False,False,-0.1
2014-11-08,45,31,58,41,65,25,78,1967.0,1934.0,0.0,0.11,2.79,Charlotte,KCLT,2014,11,Nov,53.0,-8.0,False,False,-0.11
2014-11-09,51,38,63,41,65,24,82,1976.0,2005.0,0.0,0.1,2.76,Charlotte,KCLT,2014,11,Nov,53.0,-2.0,False,False,-0.1
2014-11-10,51,32,69,41,64,28,83,1973.0,2006.0,0.0,0.1,1.43,Charlotte,KCLT,2014,11,Nov,52.5,-1.5,False,False,-0.1
2014-11-11,57,39,74,41,64,24,78,1973.0,2006.0,0.0,0.09,1.82,Charlotte,KCLT,2014,11,Nov,52.5,4.5,False,False,-0.09
2014-11-12,59,41,77,40,64,24,81,1894.0,1989.0,0.0,0.1,1.54,Charlotte,KCLT,2014,11,Nov,52.0,7.0,False,False,-0.1
2014-11-13,53,46,60,40,63,21,81,2013.0,1931.0,0.0,0.1,1.93,Charlotte,KCLT,2014,11,Nov,51.5,1.5,False,False,-0.1
2014-11-14,37,28,46,40,63,21,80,2013.0,1879.0,0.01,0.11,1.23,Charlotte,KCLT,2014,11,Nov,51.5,-14.5,False,False,-0.1
2014-11-15,35,25,45,39,63,20,82,1969.0,1993.0,0.0,0.1,1.32,Charlotte,KCLT,2014,11,Nov,51.0,-16.0,False,False,-0.1
2014-11-16,41,29,53,39,62,22,82,1969.0,1958.0,0.0,0.1,2.26,Charlotte,KCLT,2014,11,Nov,50.5,-9.5,False,False,-0.1
2014-11-17,47,36,57,39,62,20,84,1883.0,1958.0,0.63,0.11,1.9,Charlotte,KCLT,2014,11,Nov,50.5,-3.5,False,False,0.52
2014-11-18,30,20,39,38,62,20,78,2014.0,1942.0,0.0,0.1,1.93,Charlotte,KCLT,2014,11,Nov,50.0,-20.0,False,True,-0.1
2014-11-19,29,14,44,38,61,14,78,2014.0,1942.0,0.0,0.11,2.04,Charlotte,KCLT,2014,11,Nov,49.5,-20.5,False,True,-0.11
2014-11-20,47,34,59,38,61,18,79,1951.0,1942.0,0.0,0.11,1.36,Charlotte,KCLT,2014,11,Nov,49.5,-2.5,False,False,-0.11
2014-11-21,44,30,58,38,61,19,78,1914.0,1942.0,0.0,0.11,3.26,Charlotte,KCLT,2014,11,Nov,49.5,-5.5,False,False,-0.11
2014-11-22,39,22,55,37,60,13,76,2008.0,2011.0,0.0,0.11,1.68,Charlotte,KCLT,2014,11,Nov,48.5,-9.5,False,False,-0.11
2014-11-23,54,42,65,37,60,18,78,1880.0,1900.0,1.72,0.11,1.72,Charlotte,KCLT,2014,11,Nov,48.5,5.5,False,False,1.6099999999999999
2014-11-24,67,59,74,37,59,16,75,1970.0,1958.0,0.0,0.11,1.68,Charlotte,KCLT,2014,11,Nov,48.0,19.0,True,False,-0.11
2014-11-25,58,49,66,37,59,13,76,1970.0,1921.0,0.22,0.1,2.42,Charlotte,KCLT,2014,11,Nov,48.0,10.0,False,False,0.12
2014-11-26,46,40,52,36,59,11,75,1950.0,2001.0,0.89,0.11,2.36,Charlotte,KCLT,2014,11,Nov,47.5,-1.5,False,False,0.78
2014-11-27,43,34,52,36,58,18,77,1903.0,2001.0,0.0,0.11,1.54,Charlotte,KCLT,2014,11,Nov,47.0,-4.0,False,False,-0.11
2014-11-28,36,25,47,36,58,19,77,2013.0,1990.0,0.0,0.11,2.93,Charlotte,KCLT,2014,11,Nov,47.0,-11.0,False,False,-0.11
2014-11-29,44,31,56,35,58,20,76,1955.0,2001.0,0.0,0.12,1.37,Charlotte,KCLT,2014,11,Nov,46.5,-2.5,False,False,-0.12
2014-11-30,54,39,68,35,57,15,76,1929.0,1991.0,0.0,0.11,2.09,Charlotte,KCLT,2014,11,Nov,46.0,8.0,False,False,-0.11
2014-12-01,57,41,73,35,57,15,76,1964.0,1946.0,0.0,0.11,1.21,Charlotte,KCLT,2014,12,Dec,46.0,11.0,True,False,-0.11
2014-12-02,49,42,55,35,57,20,76,1924.0,1991.0,0.0,0.11,1.85,Charlotte,KCLT,2014,12,Dec,46.0,3.0,False,False,-0.11
2014-12-03,53,42,64,34,56,20,75,1960.0,1998.0,0.0,0.12,2.96,Charlotte,KCLT,2014,12,Dec,45.0,8.0,False,False,-0.12
2014-12-04,56,49,63,34,56,18,76,2000.0,1956.0,0.0,0.11,1.93,Charlotte,KCLT,2014,12,Dec,45.0,11.0,False,False,-0.11
2014-12-05,47,42,51,34,56,18,75,1969.0,1998.0,0.04,0.11,2.06,Charlotte,KCLT,2014,12,Dec,45.0,2.0,False,False,-0.07
2014-12-06,47,42,52,34,55,18,78,1895.0,1998.0,0.12,0.1,2.37,Charlotte,KCLT,2014,12,Dec,44.5,2.5,False,False,0.01999999999999999
2014-12-07,48,39,56,33,55,12,76,2010.0,1998.0,0.0,0.1,1.56,Charlotte,KCLT,2014,12,Dec,44.0,4.0,False,False,-0.1
2014-12-08,40,36,43,33,55,10,76,1882.0,1998.0,0.14,0.11,1.15,Charlotte,KCLT,2014,12,Dec,44.0,-4.0,False,False,0.030000000000000013
2014-12-09,46,37,55,33,54,14,78,2006.0,1943.0,0.0,0.1,1.78,Charlotte,KCLT,2014,12,Dec,43.5,2.5,False,False,-0.1
2014-12-10,43,32,53,33,54,13,80,1917.0,2007.0,0.0,0.1,1.91,Charlotte,KCLT,2014,12,Dec,43.5,-0.5,False,False,-0.1
2014-12-11,37,23,51,33,54,13,79,1957.0,2007.0,0.0,0.11,1.69,Charlotte,KCLT,2014,12,Dec,43.5,-6.5,False,False,-0.11
2014-12-12,41,22,60,32,54,7,79,1962.0,2007.0,0.0,0.11,1.57,Charlotte,KCLT,2014,12,Dec,43.0,-2.0,False,False,-0.11
2014-12-13,46,25,66,32,53,2,77,1962.0,2007.0,0.0,0.1,1.78,Charlotte,KCLT,2014,12,Dec,42.5,3.5,False,False,-0.1
2014-12-14,46,29,63,32,53,12,73,1962.0,1948.0,0.0,0.1,2.38,Charlotte,KCLT,2014,12,Dec,42.5,3.5,False,False,-0.1
2014-12-15,43,26,60,32,53,10,73,2010.0,1948.0,0.0,0.1,2.46,Charlotte,KCLT,2014,12,Dec,42.5,0.5,False,False,-0.1
2014-12-16,48,37,58,32,53,12,75,1958.0,1971.0,0.09,0.1,1.58,Charlotte,KCLT,2014,12,Dec,42.5,5.5,False,False,-0.010000000000000009
2014-12-17,46,31,60,32,52,14,73,1901.0,1956.0,0.0,0.1,1.3,Charlotte,KCLT,2014,12,Dec,42.0,4.0,False,False,-0.1
2014-12-18,43,30,56,31,52,11,75,1953.0,1984.0,0.0,0.1,1.74,Charlotte,KCLT,2014,12,Dec,41.5,1.5,False,False,-0.1
2014-12-19,43,30,56,31,52,11,76,1963.0,1984.0,0.0,0.11,0.85,Charlotte,KCLT,2014,12,Dec,41.5,1.5,False,False,-0.11
2014-12-20,44,40,48,31,52,12,79,1884.0,1931.0,0.03,0.1,2.38,Charlotte,KCLT,2014,12,Dec,41.5,2.5,False,False,-0.07
2014-12-21,47,42,51,31,52,10,73,1901.0,2013.0,0.0,0.1,2.19,Charlotte,KCLT,2014,12,Dec,41.5,5.5,False,False,-0.1
2014-12-22,42,38,46,31,51,11,72,1960.0,1998.0,0.26,0.11,2.27,Charlotte,KCLT,2014,12,Dec,41.0,1.0,False,False,0.15000000000000002
2014-12-23,42,37,47,31,51,8,73,1989.0,1990.0,0.29,0.11,2.12,Charlotte,KCLT,2014,12,Dec,41.0,1.0,False,False,0.18
2014-12-24,53,45,60,31,51,6,71,1983.0,1982.0,0.91,0.11,1.47,Charlotte,KCLT,2014,12,Dec,41.0,12.0,False,False,0.8
2014-12-25,45,32,57,30,51,4,77,1983.0,1955.0,0.0,0.1,2.32,Charlotte,KCLT,2014,12,Dec,40.5,4.5,False,False,-0.1
2014-12-26,43,27,59,30,51,6,76,1983.0,1889.0,0.0,0.11,1.72,Charlotte,KCLT,2014,12,Dec,40.5,2.5,False,False,-0.11
2014-12-27,48,32,64,30,51,15,72,1970.0,1971.0,0.0,0.1,1.25,Charlotte,KCLT,2014,12,Dec,40.5,7.5,False,False,-0.1
2014-12-28,55,49,60,30,51,10,77,1925.0,1971.0,0.04,0.11,1.67,Charlotte,KCLT,2014,12,Dec,40.5,14.5,False,False,-0.07
2014-12-29,51,44,58,30,51,2,74,1894.0,1984.0,0.59,0.1,1.82,Charlotte,KCLT,2014,12,Dec,40.5,10.5,False,False,0.49
2014-12-30,39,32,45,30,50,-5,76,1880.0,1984.0,0.06,0.1,1.21,Charlotte,KCLT,2014,12,Dec,40.0,-1.0,False,False,-0.04000000000000001
2014-12-31,37,27,46,30,50,0,70,1890.0,1996.0,0.0,0.1,2.15,Charlotte,KCLT,2014,12,Dec,40.0,-3.0,False,False,-0.1
2015-01-01,40,26,53,30,50,10,74,1928.0,1985.0,0.0,0.11,1.54,Charlotte,KCLT,2015,1,Jan,40.0,0.0,False,False,-0.11
2015-01-02,47,42,52,30,50,6,78,1928.0,1952.0,0.12,0.1,2.1,Charlotte,KCLT,2015,1,Jan,40.0,7.0,False,False,0.01999999999999999
2015-01-03,50,47,52,30,50,8,74,1887.0,2004.0,0.25,0.11,1.93,Charlotte,KCLT,2015,1,Jan,40.0,10.0,False,False,0.14
2015-01-04,56,47,65,30,50,8,75,1887.0,1950.0,0.26,0.11,1.32,Charlotte,KCLT,2015,1,Jan,40.0,16.0,False,False,0.15000000000000002
2015-01-05,45,36,54,30,50,10,72,1920.0,1950.0,0.0,0.12,1.77,Charlotte,KCLT,2015,1,Jan,40.0,5.0,False,False,-0.12
2015-01-06,41,24,57,30,50,5,73,1884.0,1950.0,0.0,0.11,3.45,Charlotte,KCLT,2015,1,Jan,40.0,1.0,False,False,-0.11
2015-01-07,29,16,41,29,50,6,77,2014.0,1890.0,0.0,0.12,1.76,Charlotte,KCLT,2015,1,Jan,39.5,-10.5,False,False,-0.12
2015-01-08,18,8,28,29,50,8,74,1970.0,1946.0,0.0,0.11,1.47,Charlotte,KCLT,2015,1,Jan,39.5,-21.5,False,True,-0.11
2015-01-09,34,22,45,29,50,4,72,1970.0,2008.0,0.0,0.11,1.91,Charlotte,KCLT,2015,1,Jan,39.5,-5.5,False,False,-0.11
2015-01-10,30,19,41,29,50,4,76,1970.0,1949.0,0.0,0.12,2.35,Charlotte,KCLT,2015,1,Jan,39.5,-9.5,False,False,-0.12
2015-01-11,31,15,46,29,50,0,78,1886.0,1949.0,0.08,0.12,1.78,Charlotte,KCLT,2015,1,Jan,39.5,-8.5,False,False,-0.039999999999999994
2015-01-12,41,37,45,29,50,-1,75,1886.0,1890.0,0.98,0.11,2.22,Charlotte,KCLT,2015,1,Jan,39.5,1.5,False,False,0.87
2015-01-13,41,35,47,29,50,3,75,1895.0,1960.0,0.04,0.12,1.68,Charlotte,KCLT,2015,1,Jan,39.5,1.5,False,False,-0.07999999999999999
2015-01-14,35,30,40,29,50,7,77,1912.0,1907.0,0.0,0.11,1.45,Charlotte,KCLT,2015,1,Jan,39.5,-4.5,False,False,-0.11
2015-01-15,34,26,42,29,50,12,77,1994.0,1907.0,0.0,0.11,0.96,Charlotte,KCLT,2015,1,Jan,39.5,-5.5,False,False,-0.11
2015-01-16,43,30,56,29,50,5,74,1893.0,1974.0,0.0,0.11,1.69,Charlotte,KCLT,2015,1,Jan,39.5,3.5,False,False,-0.11
2015-01-17,41,24,57,29,51,5,75,1977.0,1943.0,0.0,0.11,2.38,Charlotte,KCLT,2015,1,Jan,40.0,1.0,False,False,-0.11
2015-01-18,49,37,61,29,51,10,71,2003.0,1937.0,0.02,0.11,2.51,Charlotte,KCLT,2015,1,Jan,40.0,9.0,False,False,-0.09
2015-01-19,49,33,64,30,51,6,69,1994.0,1929.0,0.0,0.11,2.28,Charlotte,KCLT,2015,1,Jan,40.5,8.5,False,False,-0.11
2015-01-20,53,39,67,30,51,-2,71,1985.0,1951.0,0.0,0.11,1.98,Charlotte,KCLT,2015,1,Jan,40.5,12.5,False,False,-0.11
2015-01-21,50,36,64,30,51,-5,73,1985.0,1935.0,0.0,0.11,2.28,Charlotte,KCLT,2015,1,Jan,40.5,9.5,False,False,-0.11
2015-01-22,41,25,57,30,51,5,74,1970.0,1937.0,0.0,0.11,1.79,Charlotte,KCLT,2015,1,Jan,40.5,0.5,False,False,-0.11
2015-01-23,41,36,45,30,51,9,75,2003.0,1927.0,0.88,0.11,1.48,Charlotte,KCLT,2015,1,Jan,40.5,0.5,False,False,0.77
2015-01-24,43,33,53,30,51,7,74,1963.0,1967.0,0.16,0.1,1.79,Charlotte,KCLT,2015,1,Jan,40.5,2.5,False,False,0.06
2015-01-25,43,28,57,30,51,11,76,1963.0,1950.0,0.0,0.11,2.27,Charlotte,KCLT,2015,1,Jan,40.5,2.5,False,False,-0.11
2015-01-26,45,37,53,30,51,8,75,1940.0,1950.0,0.01,0.1,1.43,Charlotte,KCLT,2015,1,Jan,40.5,4.5,False,False,-0.09000000000000001
2015-01-27,39,29,48,30,52,6,75,1940.0,1890.0,0.0,0.1,1.51,Charlotte,KCLT,2015,1,Jan,41.0,-2.0,False,False,-0.1
2015-01-28,36,23,49,30,52,5,79,1986.0,1944.0,0.0,0.11,1.27,Charlotte,KCLT,2015,1,Jan,41.0,-5.0,False,False,-0.11
2015-01-29,38,25,50,30,52,8,79,1897.0,2002.0,0.0,0.1,1.21,Charlotte,KCLT,2015,1,Jan,41.0,-3.0,False,False,-0.1
2015-01-30,38,26,49,30,52,4,78,1966.0,2002.0,0.0,0.11,1.13,Charlotte,KCLT,2015,1,Jan,41.0,-3.0,False,False,-0.11
2015-01-31,35,19,51,30,52,4,77,1966.0,1975.0,0.0,0.11,1.75,Charlotte,KCLT,2015,1,Jan,41.0,-6.0,False,False,-0.11
2015-02-01,47,36,57,31,52,10,76,1900.0,1950.0,0.01,0.11,1.78,Charlotte,KCLT,2015,2,Feb,41.5,5.5,False,False,-0.1
2015-02-02,42,26,57,31,52,10,80,1917.0,1989.0,0.39,0.11,2.3,Charlotte,KCLT,2015,2,Feb,41.5,0.5,False,False,0.28
2015-02-03,34,22,46,31,53,8,81,1917.0,1989.0,0.0,0.12,1.25,Charlotte,KCLT,2015,2,Feb,42.0,-8.0,False,False,-0.12
2015-02-04,41,28,53,31,53,11,76,1886.0,1927.0,0.0,0.11,1.93,Charlotte,KCLT,2015,2,Feb,42.0,-1.0,False,False,-0.11
2015-02-05,40,27,52,31,53,6,78,1886.0,1890.0,0.0,0.11,2.0,Charlotte,KCLT,2015,2,Feb,42.0,-2.0,False,False,-0.11
2015-02-06,32,18,45,31,53,13,79,1977.0,1927.0,0.0,0.1,2.91,Charlotte,KCLT,2015,2,Feb,42.0,-10.0,False,False,-0.1
2015-02-07,47,28,65,31,53,10,74,1895.0,1999.0,0.0,0.11,1.65,Charlotte,KCLT,2015,2,Feb,42.0,5.0,False,False,-0.11
2015-02-08,59,47,70,31,54,1,74,1895.0,2009.0,0.0,0.1,1.12,Charlotte,KCLT,2015,2,Feb,42.5,16.5,False,False,-0.1
2015-02-09,56,51,61,32,54,6,77,1895.0,1994.0,0.87,0.11,1.81,Charlotte,KCLT,2015,2,Feb,43.0,13.0,False,False,0.76
2015-02-10,45,37,53,32,54,8,76,1934.0,1938.0,0.13,0.1,2.22,Charlotte,KCLT,2015,2,Feb,43.0,2.0,False,False,0.03
2015-02-11,42,28,55,32,54,12,75,1885.0,1965.0,0.0,0.11,1.19,Charlotte,KCLT,2015,2,Feb,43.0,-1.0,False,False,-0.11
2015-02-12,42,26,57,32,54,11,73,1899.0,1999.0,0.0,0.11,1.65,Charlotte,KCLT,2015,2,Feb,43.0,-1.0,False,False,-0.11
2015-02-13,31,21,40,32,55,2,74,1899.0,1951.0,0.0,0.12,1.88,Charlotte,KCLT,2015,2,Feb,43.5,-12.5,False,False,-0.12
2015-02-14,40,23,56,33,55,-5,77,1899.0,1949.0,0.0,0.11,1.53,Charlotte,KCLT,2015,2,Feb,44.0,-4.0,False,False,-0.11
2015-02-15,25,14,36,33,55,12,80,1943.0,1989.0,0.0,0.13,1.65,Charlotte,KCLT,2015,2,Feb,44.0,-19.0,False,True,-0.13
2015-02-16,29,24,33,33,55,11,76,1905.0,1976.0,0.51,0.12,2.28,Charlotte,KCLT,2015,2,Feb,44.0,-15.0,False,False,0.39
2015-02-17,29,23,34,33,55,7,79,1958.0,1927.0,0.15,0.13,1.47,Charlotte,KCLT,2015,2,Feb,44.0,-15.0,False,False,0.01999999999999999
2015-02-18,32,21,42,33,56,5,78,1958.0,1891.0,0.0,0.12,1.89,Charlotte,KCLT,2015,2,Feb,44.5,-12.5,False,False,-0.12
2015-02-19,19,12,26,34,56,8,76,1958.0,1939.0,0.0,0.13,2.08,Charlotte,KCLT,2015,2,Feb,45.0,-26.0,False,False,-0.13
2015-02-20,19,7,31,34,56,7,77,2015.0,2014.0,0.0,0.13,1.82,Charlotte,KCLT,2015,2,Feb,45.0,-26.0,False,True,-0.13
2015-02-21,34,25,42,34,56,6,75,1896.0,2011.0,0.0,0.13,1.44,Charlotte,KCLT,2015,2,Feb,45.0,-11.0,False,False,-0.13
2015-02-22,47,36,57,34,57,12,74,1963.0,1990.0,0.18,0.13,1.53,Charlotte,KCLT,2015,2,Feb,45.5,1.5,False,False,0.04999999999999999
2015-02-23,44,35,52,34,57,19,76,1963.0,1962.0,0.02,0.13,1.72,Charlotte,KCLT,2015,2,Feb,45.5,-1.5,False,False,-0.11
2015-02-24,32,28,35,35,57,16,80,1967.0,1982.0,0.07,0.13,1.9,Charlotte,KCLT,2015,2,Feb,46.0,-14.0,False,False,-0.06
2015-02-25,36,29,42,35,57,7,82,1967.0,1930.0,0.48,0.13,1.78,Charlotte,KCLT,2015,2,Feb,46.0,-10.0,False,False,0.35
2015-02-26,37,31,42,35,58,7,81,1967.0,1977.0,0.21,0.12,1.82,Charlotte,KCLT,2015,2,Feb,46.5,-9.5,False,False,0.09
2015-02-27,38,26,50,35,58,7,82,1963.0,2011.0,0.0,0.13,1.7,Charlotte,KCLT,2015,2,Feb,46.5,-8.5,False,False,-0.13
2015-02-28,37,29,44,36,58,14,78,2002.0,2011.0,0.0,0.13,2.09,Charlotte,KCLT,2015,2,Feb,47.0,-10.0,False,False,-0.13
2015-03-01,36,31,40,36,59,15,82,1980.0,1918.0,0.16,0.13,2.18,Charlotte,KCLT,2015,3,Mar,47.5,-11.5,False,False,0.03
2015-03-02,55,39,70,36,59,14,80,1980.0,1887.0,0.0,0.14,1.59,Charlotte,KCLT,2015,3,Mar,47.5,7.5,False,False,-0.14
2015-03-03,46,40,51,36,59,4,84,1980.0,1976.0,0.06,0.12,3.04,Charlotte,KCLT,2015,3,Mar,47.5,-1.5,False,False,-0.06
2015-03-04,56,42,69,36,59,15,82,1943.0,1976.0,0.0,0.13,1.7,Charlotte,KCLT,2015,3,Mar,47.5,8.5,False,False,-0.13
2015-03-05,52,36,68,37,60,12,84,1960.0,1955.0,0.54,0.14,1.65,Charlotte,KCLT,2015,3,Mar,48.5,3.5,False,False,0.4
2015-03-06,35,25,44,37,60,10,78,1960.0,1956.0,0.0,0.13,2.46,Charlotte,KCLT,2015,3,Mar,48.5,-13.5,False,False,-0.13
2015-03-07,42,23,61,37,60,14,85,1899.0,1974.0,0.0,0.14,1.38,Charlotte,KCLT,2015,3,Mar,48.5,-6.5,False,False,-0.14
2015-03-08,52,32,71,37,61,16,84,1920.0,1974.0,0.0,0.14,1.87,Charlotte,KCLT,2015,3,Mar,49.0,3.0,False,False,-0.14
2015-03-09,58,51,65,38,61,16,83,1996.0,1974.0,0.01,0.14,1.78,Charlotte,KCLT,2015,3,Mar,49.5,8.5,False,False,-0.13
2015-03-10,66,53,78,38,61,17,82,1932.0,1974.0,0.0,0.13,1.35,Charlotte,KCLT,2015,3,Mar,49.5,16.5,False,False,-0.13
2015-03-11,71,58,83,38,62,22,83,1969.0,1990.0,0.15,0.14,1.04,Charlotte,KCLT,2015,3,Mar,50.0,21.0,True,False,0.009999999999999981
2015-03-12,61,51,70,38,62,19,86,1969.0,1990.0,0.0,0.14,2.17,Charlotte,KCLT,2015,3,Mar,50.0,11.0,False,False,-0.14
2015-03-13,50,42,58,39,62,18,86,1960.0,1990.0,0.19,0.13,2.31,Charlotte,KCLT,2015,3,Mar,50.5,-0.5,False,False,0.06
2015-03-14,53,41,64,39,62,16,83,1926.0,2012.0,0.35,0.14,1.81,Charlotte,KCLT,2015,3,Mar,50.5,2.5,False,False,0.20999999999999996
2015-03-15,63,49,76,39,63,16,86,1993.0,1967.0,0.0,0.14,4.24,Charlotte,KCLT,2015,3,Mar,51.0,12.0,False,False,-0.14
2015-03-16,62,43,81,39,63,18,83,1970.0,1945.0,0.0,0.13,1.84,Charlotte,KCLT,2015,3,Mar,51.0,11.0,True,False,-0.13
2015-03-17,63,41,84,40,63,23,90,1900.0,1945.0,0.0,0.13,2.0,Charlotte,KCLT,2015,3,Mar,51.5,11.5,False,False,-0.13
2015-03-18,54,47,61,40,64,21,85,1967.0,2011.0,0.0,0.13,1.52,Charlotte,KCLT,2015,3,Mar,52.0,2.0,False,False,-0.13
2015-03-19,49,42,55,40,64,21,86,1902.0,1945.0,0.21,0.13,2.65,Charlotte,KCLT,2015,3,Mar,52.0,-3.0,False,False,0.07999999999999999
2015-03-20,50,42,58,40,64,23,85,1923.0,1948.0,0.0,0.12,2.11,Charlotte,KCLT,2015,3,Mar,52.0,-2.0,False,False,-0.12
2015-03-21,56,40,71,41,65,18,87,1965.0,1935.0,0.0,0.12,1.79,Charlotte,KCLT,2015,3,Mar,53.0,3.0,False,False,-0.12
2015-03-22,62,54,70,41,65,24,89,1965.0,1907.0,0.01,0.12,0.88,Charlotte,KCLT,2015,3,Mar,53.0,9.0,False,False,-0.11
2015-03-23,58,51,65,41,65,20,91,1888.0,1907.0,0.0,0.11,2.0,Charlotte,KCLT,2015,3,Mar,53.0,5.0,False,False,-0.11
2015-03-24,59,45,72,41,66,24,88,1940.0,1929.0,0.0,0.12,1.62,Charlotte,KCLT,2015,3,Mar,53.5,5.5,False,False,-0.12
2015-03-25,62,54,69,42,66,22,90,1940.0,1929.0,0.01,0.12,1.89,Charlotte,KCLT,2015,3,Mar,54.0,8.0,False,False,-0.11
2015-03-26,65,56,74,42,66,22,86,1972.0,1929.0,0.0,0.13,2.86,Charlotte,KCLT,2015,3,Mar,54.0,11.0,False,False,-0.13
2015-03-27,54,43,65,42,67,19,85,1955.0,1950.0,0.24,0.12,1.22,Charlotte,KCLT,2015,3,Mar,54.5,-0.5,False,False,0.12
2015-03-28,43,34,51,42,67,25,90,1982.0,1907.0,0.0,0.13,1.95,Charlotte,KCLT,2015,3,Mar,54.5,-11.5,False,False,-0.13
2015-03-29,42,29,55,42,67,26,89,2013.0,1907.0,0.0,0.12,2.2,Charlotte,KCLT,2015,3,Mar,54.5,-12.5,False,True,-0.12
2015-03-30,55,39,70,43,67,24,86,1964.0,1998.0,0.26,0.13,2.36,Charlotte,KCLT,2015,3,Mar,55.0,0.0,False,False,0.13
2015-03-31,56,35,77,43,68,21,86,1964.0,1986.0,0.0,0.12,2.21,Charlotte,KCLT,2015,3,Mar,55.5,0.5,False,False,-0.12
2015-04-01,61,49,73,43,68,24,86,1923.0,1986.0,0.0,0.11,1.26,Charlotte,KCLT,2015,4,Apr,55.5,5.5,False,False,-0.11
2015-04-02,66,58,73,43,68,28,86,1881.0,1978.0,0.04,0.12,2.99,Charlotte,KCLT,2015,4,Apr,55.5,10.5,False,False,-0.07999999999999999
2015-04-03,70,58,82,44,69,28,90,1972.0,1946.0,0.0,0.1,1.18,Charlotte,KCLT,2015,4,Apr,56.5,13.5,False,False,-0.1
2015-04-04,58,45,71,44,69,29,87,1936.0,1999.0,0.0,0.11,1.58,Charlotte,KCLT,2015,4,Apr,56.5,1.5,False,False,-0.11
2015-04-05,52,36,67,44,69,26,88,1891.0,1942.0,0.0,0.1,1.86,Charlotte,KCLT,2015,4,Apr,56.5,-4.5,False,False,-0.1
2015-04-06,64,51,77,44,70,28,90,1944.0,1929.0,0.0,0.1,3.84,Charlotte,KCLT,2015,4,Apr,57.0,7.0,False,False,-0.1
2015-04-07,65,57,72,45,70,25,89,2007.0,1929.0,0.51,0.11,1.74,Charlotte,KCLT,2015,4,Apr,57.5,7.5,False,False,0.4
2015-04-08,73,63,82,45,70,21,88,2007.0,1929.0,0.26,0.1,1.33,Charlotte,KCLT,2015,4,Apr,57.5,15.5,False,False,0.16
2015-04-09,77,65,88,45,70,25,89,1972.0,1893.0,0.02,0.1,2.07,Charlotte,KCLT,2015,4,Apr,57.5,19.5,True,False,-0.08
2015-04-10,75,67,82,45,71,28,90,1985.0,2001.0,0.0,0.11,1.98,Charlotte,KCLT,2015,4,Apr,58.0,17.0,False,False,-0.11
2015-04-11,67,56,78,46,71,28,88,1961.0,1930.0,0.0,0.1,3.2,Charlotte,KCLT,2015,4,Apr,58.5,8.5,False,False,-0.1
2015-04-12,62,50,74,46,71,29,92,1973.0,1930.0,0.0,0.09,1.77,Charlotte,KCLT,2015,4,Apr,58.5,3.5,False,False,-0.09
2015-04-13,66,59,73,46,71,28,90,1940.0,1930.0,0.11,0.1,1.75,Charlotte,KCLT,2015,4,Apr,58.5,7.5,False,False,0.009999999999999995
2015-04-14,73,65,80,46,72,27,89,1950.0,1941.0,0.16,0.09,1.65,Charlotte,KCLT,2015,4,Apr,59.0,14.0,False,False,0.07
2015-04-15,58,50,65,47,72,28,89,1907.0,1936.0,1.26,0.09,1.73,Charlotte,KCLT,2015,4,Apr,59.5,-1.5,False,False,1.17
2015-04-16,51,47,54,47,72,29,89,1962.0,1896.0,0.4,0.1,1.6,Charlotte,KCLT,2015,4,Apr,59.5,-8.5,False,False,0.30000000000000004
2015-04-17,62,54,69,47,72,30,94,1949.0,1896.0,0.03,0.1,1.51,Charlotte,KCLT,2015,4,Apr,59.5,2.5,False,False,-0.07
2015-04-18,70,60,79,48,73,32,93,2001.0,1896.0,0.04,0.1,1.7,Charlotte,KCLT,2015,4,Apr,60.5,9.5,False,False,-0.060000000000000005
2015-04-19,67,64,69,48,73,30,89,1983.0,1955.0,2.65,0.1,2.65,Charlotte,KCLT,2015,4,Apr,60.5,6.5,False,False,2.55
2015-04-20,67,60,74,48,73,28,91,1983.0,1896.0,0.47,0.11,1.47,Charlotte,KCLT,2015,4,Apr,60.5,6.5,False,False,0.36
2015-04-21,58,45,71,48,73,30,90,1983.0,1963.0,0.0,0.1,2.39,Charlotte,KCLT,2015,4,Apr,60.5,-2.5,False,False,-0.1
2015-04-22,60,43,77,49,74,33,91,1978.0,1957.0,0.0,0.11,2.28,Charlotte,KCLT,2015,4,Apr,61.5,-1.5,False,False,-0.11
2015-04-23,62,49,74,49,74,35,91,1986.0,1960.0,0.0,0.11,1.58,Charlotte,KCLT,2015,4,Apr,61.5,0.5,False,False,-0.11
2015-04-24,54,38,70,49,74,36,96,1893.0,1925.0,0.0,0.1,2.33,Charlotte,KCLT,2015,4,Apr,61.5,-7.5,False,True,-0.1
2015-04-25,56,51,61,49,74,31,93,2005.0,1925.0,0.19,0.1,1.78,Charlotte,KCLT,2015,4,Apr,61.5,-5.5,False,False,0.09
2015-04-26,53,48,58,50,75,34,92,1910.0,1915.0,0.0,0.1,2.34,Charlotte,KCLT,2015,4,Apr,62.5,-9.5,False,False,-0.1
2015-04-27,55,39,71,50,75,37,90,1972.0,1981.0,0.0,0.1,1.35,Charlotte,KCLT,2015,4,Apr,62.5,-7.5,False,True,-0.1
2015-04-28,54,38,69,50,75,36,90,1967.0,1943.0,0.0,0.1,2.23,Charlotte,KCLT,2015,4,Apr,62.5,-8.5,False,True,-0.1
2015-04-29,55,45,64,51,75,33,91,1973.0,1888.0,0.0,0.09,2.19,Charlotte,KCLT,2015,4,Apr,63.0,-8.0,False,False,-0.09
2015-04-30,63,49,76,51,75,37,91,2008.0,1962.0,0.0,0.09,2.34,Charlotte,KCLT,2015,4,Apr,63.0,0.0,False,False,-0.09
2015-05-01,57,47,67,51,76,37,92,1963.0,1962.0,0.0,0.09,1.84,Charlotte,KCLT,2015,5,May,63.5,-6.5,False,False,-0.09
2015-05-02,61,45,76,52,76,32,91,1963.0,1959.0,0.0,0.1,1.36,Charlotte,KCLT,2015,5,May,64.0,-3.0,False,False,-0.1
2015-05-03,63,46,80,52,76,39,94,1981.0,1902.0,0.0,0.1,3.67,Charlotte,KCLT,2015,5,May,64.0,-1.0,False,False,-0.1
2015-05-04,69,55,83,52,76,34,92,1971.0,1959.0,0.0,0.1,1.62,Charlotte,KCLT,2015,5,May,64.0,5.0,False,False,-0.1
2015-05-05,69,56,82,52,76,36,91,1940.0,1955.0,0.0,0.1,2.4,Charlotte,KCLT,2015,5,May,64.0,5.0,False,False,-0.1
2015-05-06,69,53,84,53,77,39,93,1891.0,1950.0,0.0,0.09,1.6,Charlotte,KCLT,2015,5,May,65.0,4.0,False,False,-0.09
2015-05-07,70,58,81,53,77,38,95,1891.0,1940.0,0.0,0.1,2.58,Charlotte,KCLT,2015,5,May,65.0,5.0,False,False,-0.1
2015-05-08,71,57,85,53,77,35,96,1989.0,1940.0,0.0,0.1,2.41,Charlotte,KCLT,2015,5,May,65.0,6.0,False,False,-0.1
2015-05-09,72,60,84,54,77,39,94,1984.0,1889.0,0.0,0.1,1.35,Charlotte,KCLT,2015,5,May,65.5,6.5,False,False,-0.1
2015-05-10,74,65,82,54,78,38,94,1906.0,1889.0,0.0,0.1,0.86,Charlotte,KCLT,2015,5,May,66.0,8.0,False,False,-0.1
2015-05-11,76,61,90,54,78,39,95,1977.0,1916.0,0.0,0.1,1.12,Charlotte,KCLT,2015,5,May,66.0,10.0,False,False,-0.1
2015-05-12,77,66,88,55,78,39,94,1969.0,1889.0,0.0,0.1,1.92,Charlotte,KCLT,2015,5,May,66.5,10.5,False,False,-0.1
2015-05-13,73,60,85,55,78,38,93,1960.0,1881.0,0.0,0.1,2.46,Charlotte,KCLT,2015,5,May,66.5,6.5,False,False,-0.1
2015-05-14,67,58,75,55,78,41,95,1917.0,1956.0,0.0,0.1,1.34,Charlotte,KCLT,2015,5,May,66.5,0.5,False,False,-0.1
2015-05-15,73,63,82,56,79,40,94,1888.0,1962.0,0.0,0.1,2.11,Charlotte,KCLT,2015,5,May,67.5,5.5,False,False,-0.1
2015-05-16,75,62,87,56,79,42,94,1978.0,1941.0,0.0,0.1,1.79,Charlotte,KCLT,2015,5,May,67.5,7.5,False,False,-0.1
2015-05-17,75,63,86,56,79,43,93,1973.0,1896.0,0.0,0.09,1.09,Charlotte,KCLT,2015,5,May,67.5,7.5,False,False,-0.09
2015-05-18,78,67,89,56,79,34,94,1973.0,1960.0,0.0,0.1,4.85,Charlotte,KCLT,2015,5,May,67.5,10.5,False,False,-0.1
2015-05-19,77,65,89,57,80,40,95,2009.0,1962.0,0.0,0.1,2.4,Charlotte,KCLT,2015,5,May,68.5,8.5,False,False,-0.1
2015-05-20,76,61,91,57,80,40,95,2002.0,1964.0,0.0,0.1,3.81,Charlotte,KCLT,2015,5,May,68.5,7.5,False,False,-0.1
2015-05-21,75,64,86,57,80,41,97,1894.0,1941.0,0.0,0.1,2.41,Charlotte,KCLT,2015,5,May,68.5,6.5,False,False,-0.1
2015-05-22,64,52,76,58,80,42,98,2002.0,1941.0,0.0,0.1,3.5,Charlotte,KCLT,2015,5,May,69.0,-5.0,False,False,-0.1
2015-05-23,65,47,82,58,81,37,98,2002.0,1941.0,0.0,0.1,3.16,Charlotte,KCLT,2015,5,May,69.5,-4.5,False,False,-0.1
2015-05-24,68,54,82,58,81,43,95,1931.0,1939.0,0.0,0.11,1.03,Charlotte,KCLT,2015,5,May,69.5,-1.5,False,False,-0.11
2015-05-25,73,59,86,59,81,41,95,2013.0,1953.0,0.0,0.11,2.24,Charlotte,KCLT,2015,5,May,70.0,3.0,False,False,-0.11
2015-05-26,78,67,88,59,81,45,96,1979.0,1995.0,0.32,0.11,3.03,Charlotte,KCLT,2015,5,May,70.0,8.0,False,False,0.21000000000000002
2015-05-27,75,65,84,59,82,41,96,1961.0,1916.0,0.0,0.11,1.55,Charlotte,KCLT,2015,5,May,70.5,4.5,False,False,-0.11
2015-05-28,78,67,88,60,82,42,97,1961.0,1941.0,0.0,0.12,2.7,Charlotte,KCLT,2015,5,May,71.0,7.0,False,False,-0.12
2015-05-29,78,67,88,60,82,48,98,1894.0,1941.0,0.0,0.12,1.18,Charlotte,KCLT,2015,5,May,71.0,7.0,False,False,-0.12
2015-05-30,76,65,87,60,82,47,95,1894.0,1918.0,0.0,0.11,2.52,Charlotte,KCLT,2015,5,May,71.0,5.0,False,False,-0.11
2015-05-31,78,67,89,61,83,42,97,1984.0,1953.0,0.0,0.12,1.77,Charlotte,KCLT,2015,5,May,72.0,6.0,False,False,-0.12
2015-06-01,77,66,88,61,83,45,98,1889.0,1918.0,0.0,0.13,2.87,Charlotte,KCLT,2015,6,Jun,72.0,5.0,False,False,-0.13
2015-06-02,73,64,81,61,83,46,99,1966.0,1951.0,0.76,0.13,2.28,Charlotte,KCLT,2015,6,Jun,72.0,1.0,False,False,0.63
2015-06-03,67,64,69,61,83,51,100,1966.0,1895.0,0.02,0.13,3.78,Charlotte,KCLT,2015,6,Jun,72.0,-5.0,False,False,-0.11
2015-06-04,69,61,77,62,84,50,98,1988.0,1911.0,0.0,0.13,2.12,Charlotte,KCLT,2015,6,Jun,73.0,-4.0,False,False,-0.13
2015-06-05,72,59,84,62,84,50,102,1954.0,1943.0,0.0,0.13,2.45,Charlotte,KCLT,2015,6,Jun,73.0,-1.0,False,False,-0.13
2015-06-06,76,62,90,62,84,48,98,1976.0,1943.0,0.0,0.13,2.76,Charlotte,KCLT,2015,6,Jun,73.0,3.0,False,False,-0.13
2015-06-07,78,70,86,63,84,45,97,2000.0,1899.0,0.17,0.14,2.22,Charlotte,KCLT,2015,6,Jun,73.5,4.5,False,False,0.03
2015-06-08,79,69,88,63,85,47,99,1977.0,1899.0,0.01,0.13,1.98,Charlotte,KCLT,2015,6,Jun,74.0,5.0,False,False,-0.12000000000000001
2015-06-09,79,67,90,63,85,50,99,1912.0,2008.0,0.0,0.13,3.26,Charlotte,KCLT,2015,6,Jun,74.0,5.0,False,False,-0.13
2015-06-10,79,69,89,63,85,46,99,1977.0,1947.0,0.0,0.12,2.18,Charlotte,KCLT,2015,6,Jun,74.0,5.0,False,False,-0.12
2015-06-11,79,68,90,64,85,47,100,1913.0,1914.0,0.0,0.14,2.85,Charlotte,KCLT,2015,6,Jun,74.5,4.5,False,False,-0.14
2015-06-12,81,71,90,64,85,45,98,1972.0,1956.0,0.0,0.13,2.73,Charlotte,KCLT,2015,6,Jun,74.5,6.5,False,False,-0.13
2015-06-13,83,72,94,64,86,49,97,1903.0,1958.0,0.0,0.13,3.77,Charlotte,KCLT,2015,6,Jun,75.0,8.0,True,False,-0.13
2015-06-14,83,68,97,64,86,53,99,1903.0,1958.0,0.0,0.13,3.16,Charlotte,KCLT,2015,6,Jun,75.0,8.0,True,False,-0.13
2015-06-15,84,68,99,65,86,51,99,1933.0,2015.0,0.0,0.14,1.16,Charlotte,KCLT,2015,6,Jun,75.5,8.5,True,False,-0.14
2015-06-16,84,69,99,65,86,52,99,1961.0,2015.0,0.0,0.13,3.32,Charlotte,KCLT,2015,6,Jun,75.5,8.5,True,False,-0.13
2015-06-17,86,73,99,65,87,53,100,1917.0,1943.0,0.0,0.12,2.76,Charlotte,KCLT,2015,6,Jun,76.0,10.0,True,False,-0.12
2015-06-18,87,74,100,65,87,52,100,1961.0,2015.0,0.0,0.13,1.86,Charlotte,KCLT,2015,6,Jun,76.0,11.0,True,False,-0.13
2015-06-19,84,72,96,66,87,54,102,1965.0,1944.0,0.0,0.13,1.5,Charlotte,KCLT,2015,6,Jun,76.5,7.5,False,False,-0.13
2015-06-20,83,71,95,66,87,54,102,1879.0,1887.0,0.01,0.12,1.67,Charlotte,KCLT,2015,6,Jun,76.5,6.5,False,False,-0.11
2015-06-21,84,71,97,66,87,54,99,2003.0,1964.0,0.0,0.13,1.98,Charlotte,KCLT,2015,6,Jun,76.5,7.5,True,False,-0.13
2015-06-22,83,65,100,66,87,53,100,2003.0,2015.0,0.0,0.12,1.31,Charlotte,KCLT,2015,6,Jun,76.5,6.5,True,False,-0.12
2015-06-23,87,73,100,66,88,53,100,1947.0,2015.0,0.0,0.11,1.82,Charlotte,KCLT,2015,6,Jun,77.0,10.0,True,False,-0.11
2015-06-24,88,75,100,66,88,55,102,1972.0,1930.0,0.0,0.12,1.25,Charlotte,KCLT,2015,6,Jun,77.0,11.0,True,False,-0.12
2015-06-25,86,74,98,67,88,53,102,1889.0,1914.0,0.0,0.11,2.76,Charlotte,KCLT,2015,6,Jun,77.5,8.5,False,False,-0.11
2015-06-26,85,70,100,67,88,55,102,1979.0,1952.0,1.21,0.11,1.98,Charlotte,KCLT,2015,6,Jun,77.5,7.5,True,False,1.0999999999999999
2015-06-27,82,71,92,67,88,56,103,2012.0,1954.0,0.55,0.11,1.86,Charlotte,KCLT,2015,6,Jun,77.5,4.5,False,False,0.44000000000000006
2015-06-28,76,66,85,67,88,53,101,1968.0,1959.0,0.0,0.11,1.83,Charlotte,KCLT,2015,6,Jun,77.5,-1.5,False,False,-0.11
2015-06-29,73,59,87,67,88,54,104,1974.0,2012.0,0.0,0.11,2.39,Charlotte,KCLT,2015,6,Jun,77.5,-4.5,False,False,-0.11
2015-06-30,83,71,94,67,89,54,104,1962.0,2012.0,0.0,0.11,2.75,Charlotte,KCLT,2015,6,Jun,78.0,5.0,False,False,-0.11
2014-07-01,70,63,77,63,82,52,107,1886.0,1985.0,0.0,0.0,0.09,Los Angeles,KCQT,2014,7,Jul,72.5,-2.5,False,False,0.0
2014-07-02,70,62,77,63,82,51,102,1887.0,1985.0,0.0,0.0,0.0,Los Angeles,KCQT,2014,7,Jul,72.5,-2.5,False,False,0.0
2014-07-03,72,63,81,63,82,52,100,1902.0,1985.0,0.0,0.0,0.0,Los Angeles,KCQT,2014,7,Jul,72.5,-0.5,False,False,0.0
2014-07-04,72,62,82,63,82,53,103,1900.0,1907.0,0.0,0.0,0.07,Los Angeles,KCQT,2014,7,Jul,72.5,-0.5,False,False,0.0
2014-07-05,75,64,86,63,82,50,100,1886.0,1907.0,0.0,0.0,0.02,Los Angeles,KCQT,2014,7,Jul,72.5,2.5,False,False,0.0
2014-07-06,73,64,81,63,82,51,94,1894.0,1992.0,0.0,0.0,0.03,Los Angeles,KCQT,2014,7,Jul,72.5,0.5,False,False,0.0
2014-07-07,77,64,89,63,83,51,96,1894.0,1954.0,0.0,0.0,0.02,Los Angeles,KCQT,2014,7,Jul,73.0,4.0,False,False,0.0
2014-07-08,77,68,86,63,83,51,95,1894.0,1886.0,0.0,0.0,0.13,Los Angeles,KCQT,2014,7,Jul,73.0,4.0,False,False,0.0
2014-07-09,75,67,82,63,83,52,100,1901.0,1985.0,0.0,0.0,0.05,Los Angeles,KCQT,2014,7,Jul,73.0,2.0,False,False,0.0
2014-07-10,76,66,85,63,83,55,103,1903.0,1959.0,0.0,0.0,0.0,Los Angeles,KCQT,2014,7,Jul,73.0,3.0,False,False,0.0
2014-07-11,73,65,80,64,83,52,97,1878.0,1959.0,0.0,0.0,0.04,Los Angeles,KCQT,2014,7,Jul,73.5,-0.5,False,False,0.0
2014-07-12,74,65,82,64,83,49,98,1888.0,1953.0,0.0,0.0,0.05,Los Angeles,KCQT,2014,7,Jul,73.5,0.5,False,False,0.0
2014-07-13,75,67,82,64,83,51,98,1888.0,1990.0,0.0,0.0,0.02,Los Angeles,KCQT,2014,7,Jul,73.5,1.5,False,False,0.0
2014-07-14,74,68,80,64,83,52,98,1908.0,1984.0,0.0,0.0,0.24,Los Angeles,KCQT,2014,7,Jul,73.5,0.5,False,False,0.0
2014-07-15,76,69,82,64,83,50,98,1893.0,1886.0,0.0,0.0,0.0,Los Angeles,KCQT,2014,7,Jul,73.5,2.5,False,False,0.0
2014-07-16,74,66,81,64,83,52,96,1894.0,1930.0,0.0,0.01,0.02,Los Angeles,KCQT,2014,7,Jul,73.5,0.5,False,False,-0.01
2014-07-17,73,65,80,64,83,52,98,1894.0,1998.0,0.0,0.0,0.01,Los Angeles,KCQT,2014,7,Jul,73.5,-0.5,False,False,0.0
2014-07-18,72,64,79,64,84,53,97,1884.0,1936.0,0.0,0.0,0.36,Los Angeles,KCQT,2014,7,Jul,74.0,-2.0,False,False,0.0
2014-07-19,71,66,75,64,84,52,97,1884.0,1960.0,0.0,0.0,0.02,Los Angeles,KCQT,2014,7,Jul,74.0,-3.0,False,False,0.0
2014-07-20,73,66,80,64,84,52,100,1892.0,1960.0,0.0,0.0,0.0,Los Angeles,KCQT,2014,7,Jul,74.0,-1.0,False,False,0.0
2014-07-21,74,66,81,64,84,53,96,1903.0,1960.0,0.0,0.0,0.0,Los Angeles,KCQT,2014,7,Jul,74.0,0.0,False,False,0.0
2014-07-22,75,65,85,64,84,52,101,1880.0,2006.0,0.0,0.0,0.1,Los Angeles,KCQT,2014,7,Jul,74.0,1.0,False,False,0.0
2014-07-23,77,65,88,64,84,53,97,1903.0,1890.0,0.0,0.0,0.08,Los Angeles,KCQT,2014,7,Jul,74.0,3.0,False,False,0.0
2014-07-24,79,65,92,64,84,52,103,1882.0,1891.0,0.0,0.0,0.0,Los Angeles,KCQT,2014,7,Jul,74.0,5.0,False,False,0.0
2014-07-25,79,69,88,64,84,52,109,1903.0,1891.0,0.0,0.0,0.04,Los Angeles,KCQT,2014,7,Jul,74.0,5.0,False,False,0.0
2014-07-26,77,68,86,64,84,52,100,1886.0,1891.0,0.0,0.0,0.04,Los Angeles,KCQT,2014,7,Jul,74.0,3.0,False,False,0.0
2014-07-27,76,67,84,64,84,52,102,1903.0,1972.0,0.0,0.0,0.0,Los Angeles,KCQT,2014,7,Jul,74.0,2.0,False,False,0.0
2014-07-28,78,68,88,64,84,52,101,1883.0,1995.0,0.0,0.0,0.01,Los Angeles,KCQT,2014,7,Jul,74.0,4.0,False,False,0.0
2014-07-29,78,68,88,64,84,53,100,1909.0,1995.0,0.0,0.0,0.0,Los Angeles,KCQT,2014,7,Jul,74.0,4.0,False,False,0.0
2014-07-30,79,68,90,64,84,54,100,1894.0,1980.0,0.0,0.0,0.02,Los Angeles,KCQT,2014,7,Jul,74.0,5.0,False,False,0.0
2014-07-31,77,67,87,64,84,52,100,1885.0,1972.0,0.0,0.0,0.01,Los Angeles,KCQT,2014,7,Jul,74.0,3.0,False,False,0.0
2014-08-01,76,66,85,64,84,54,99,1888.0,1959.0,0.0,0.0,0.01,Los Angeles,KCQT,2014,8,Aug,74.0,2.0,False,False,0.0
2014-08-02,78,65,90,64,84,51,98,1888.0,1997.0,0.02,0.0,0.02,Los Angeles,KCQT,2014,8,Aug,74.0,4.0,False,False,0.02
2014-08-03,79,72,85,64,84,52,100,1913.0,1918.0,0.02,0.0,0.02,Los Angeles,KCQT,2014,8,Aug,74.0,5.0,False,False,0.02
2014-08-04,76,65,87,64,84,52,94,1912.0,1971.0,0.0,0.0,0.05,Los Angeles,KCQT,2014,8,Aug,74.0,2.0,False,False,0.0
2014-08-05,73,63,82,64,84,52,100,1887.0,1997.0,0.0,0.0,0.09,Los Angeles,KCQT,2014,8,Aug,74.0,-1.0,False,False,0.0
2014-08-06,70,63,77,64,84,50,105,1883.0,1983.0,0.0,0.01,0.02,Los Angeles,KCQT,2014,8,Aug,74.0,-4.0,False,False,-0.01
2014-08-07,73,64,81,64,84,54,99,1894.0,1884.0,0.0,0.0,0.11,Los Angeles,KCQT,2014,8,Aug,74.0,-1.0,False,False,0.0
2014-08-08,74,65,82,64,84,54,100,1916.0,1881.0,0.0,0.0,0.02,Los Angeles,KCQT,2014,8,Aug,74.0,0.0,False,False,0.0
2014-08-09,75,67,82,64,84,53,100,1889.0,1998.0,0.0,0.0,0.19,Los Angeles,KCQT,2014,8,Aug,74.0,1.0,False,False,0.0
2014-08-10,76,66,85,64,84,54,99,1897.0,1882.0,0.0,0.0,0.04,Los Angeles,KCQT,2014,8,Aug,74.0,2.0,False,False,0.0
2014-08-11,75,65,85,64,84,53,98,1894.0,1879.0,0.0,0.0,0.02,Los Angeles,KCQT,2014,8,Aug,74.0,1.0,False,False,0.0
2014-08-12,75,66,84,64,84,52,104,1894.0,1994.0,0.0,0.0,0.32,Los Angeles,KCQT,2014,8,Aug,74.0,1.0,False,False,0.0
2014-08-13,73,65,81,64,84,54,102,1892.0,1994.0,0.0,0.0,0.13,Los Angeles,KCQT,2014,8,Aug,74.0,-1.0,False,False,0.0
2014-08-14,74,65,83,64,84,54,97,1887.0,1885.0,0.0,0.01,0.01,Los Angeles,KCQT,2014,8,Aug,74.0,0.0,False,False,-0.01
2014-08-15,76,63,89,64,84,52,98,1894.0,1994.0,0.0,0.0,0.4,Los Angeles,KCQT,2014,8,Aug,74.0,2.0,False,False,0.0
2014-08-16,78,66,90,64,84,52,98,1883.0,1890.0,0.0,0.0,0.19,Los Angeles,KCQT,2014,8,Aug,74.0,4.0,False,False,0.0
2014-08-17,78,66,89,64,85,52,104,1887.0,1885.0,0.0,0.0,2.06,Los Angeles,KCQT,2014,8,Aug,74.5,3.5,False,False,0.0
2014-08-18,76,65,86,64,85,52,102,1887.0,1885.0,0.0,0.0,0.44,Los Angeles,KCQT,2014,8,Aug,74.5,1.5,False,False,0.0
2014-08-19,76,69,82,64,85,54,106,1916.0,1885.0,0.0,0.0,0.14,Los Angeles,KCQT,2014,8,Aug,74.5,1.5,False,False,0.0
2014-08-20,76,67,84,64,85,51,97,1900.0,1986.0,0.0,0.0,0.03,Los Angeles,KCQT,2014,8,Aug,74.5,1.5,False,False,0.0
2014-08-21,73,65,80,64,85,53,96,1899.0,1982.0,0.0,0.0,0.0,Los Angeles,KCQT,2014,8,Aug,74.5,-1.5,False,False,0.0
2014-08-22,74,66,81,64,85,52,102,1901.0,1972.0,0.0,0.01,0.04,Los Angeles,KCQT,2014,8,Aug,74.5,-0.5,False,False,-0.01
2014-08-23,76,66,85,64,85,54,100,1905.0,1968.0,0.0,0.0,0.0,Los Angeles,KCQT,2014,8,Aug,74.5,1.5,False,False,0.0
2014-08-24,75,67,83,64,85,53,96,1900.0,1931.0,0.0,0.0,0.05,Los Angeles,KCQT,2014,8,Aug,74.5,0.5,False,False,0.0
2014-08-25,72,64,80,64,85,52,102,1909.0,1985.0,0.0,0.0,0.01,Los Angeles,KCQT,2014,8,Aug,74.5,-2.5,False,False,0.0
2014-08-26,75,65,84,64,85,53,98,1885.0,1981.0,0.0,0.0,0.1,Los Angeles,KCQT,2014,8,Aug,74.5,0.5,False,False,0.0
2014-08-27,79,66,91,64,85,53,103,1902.0,1981.0,0.0,0.0,0.96,Los Angeles,KCQT,2014,8,Aug,74.5,4.5,False,False,0.0
2014-08-28,80,68,91,64,85,52,99,1902.0,1995.0,0.0,0.01,0.1,Los Angeles,KCQT,2014,8,Aug,74.5,5.5,False,False,-0.01
2014-08-29,78,65,90,64,85,51,102,1901.0,1884.0,0.0,0.0,0.08,Los Angeles,KCQT,2014,8,Aug,74.5,3.5,False,False,0.0
2014-08-30,77,65,89,64,85,49,101,1901.0,1998.0,0.0,0.0,0.21,Los Angeles,KCQT,2014,8,Aug,74.5,2.5,False,False,0.0
2014-08-31,78,69,87,64,85,52,103,1895.0,1967.0,0.0,0.0,0.61,Los Angeles,KCQT,2014,8,Aug,74.5,3.5,False,False,0.0
2014-09-01,78,70,85,64,85,49,110,1901.0,1955.0,0.0,0.0,0.41,Los Angeles,KCQT,2014,9,Sep,74.5,3.5,False,False,0.0
2014-09-02,76,68,84,64,85,51,108,1881.0,1955.0,0.0,0.0,0.02,Los Angeles,KCQT,2014,9,Sep,74.5,1.5,False,False,0.0
2014-09-03,75,67,83,64,85,51,103,1892.0,1988.0,0.0,0.0,0.05,Los Angeles,KCQT,2014,9,Sep,74.5,0.5,False,False,0.0
2014-09-04,73,66,80,64,85,52,110,1892.0,1988.0,0.0,0.01,0.3,Los Angeles,KCQT,2014,9,Sep,74.5,-1.5,False,False,-0.01
2014-09-05,75,66,83,64,85,50,105,1898.0,1984.0,0.0,0.0,0.32,Los Angeles,KCQT,2014,9,Sep,74.5,0.5,False,False,0.0
2014-09-06,76,65,86,64,84,48,102,1898.0,1955.0,0.0,0.0,0.17,Los Angeles,KCQT,2014,9,Sep,74.0,2.0,False,False,0.0
2014-09-07,80,68,92,64,84,50,103,1884.0,1949.0,0.0,0.0,0.0,Los Angeles,KCQT,2014,9,Sep,74.0,6.0,False,False,0.0
2014-09-08,80,71,88,64,84,47,103,1901.0,1984.0,0.01,0.0,0.19,Los Angeles,KCQT,2014,9,Sep,74.0,6.0,False,False,0.01
2014-09-09,80,68,91,64,84,48,102,1884.0,1956.0,0.0,0.01,0.01,Los Angeles,KCQT,2014,9,Sep,74.0,6.0,False,False,-0.01
2014-09-10,76,64,87,64,84,52,103,1893.0,1983.0,0.0,0.0,1.74,Los Angeles,KCQT,2014,9,Sep,74.0,2.0,False,False,0.0
2014-09-11,78,67,89,64,84,48,101,1901.0,1983.0,0.0,0.01,0.33,Los Angeles,KCQT,2014,9,Sep,74.0,4.0,False,False,-0.01
2014-09-12,80,68,91,64,84,48,102,1884.0,1971.0,0.0,0.01,0.13,Los Angeles,KCQT,2014,9,Sep,74.0,6.0,False,False,-0.01
2014-09-13,82,69,94,64,84,48,106,1884.0,1971.0,0.0,0.0,0.07,Los Angeles,KCQT,2014,9,Sep,74.0,8.0,False,False,0.0
2014-09-14,85,71,98,63,84,48,100,1898.0,2012.0,0.0,0.01,0.04,Los Angeles,KCQT,2014,9,Sep,73.5,11.5,True,False,-0.01
2014-09-15,84,73,94,63,83,49,103,1895.0,2012.0,0.0,0.01,0.03,Los Angeles,KCQT,2014,9,Sep,73.0,11.0,False,False,-0.01
2014-09-16,90,76,103,63,83,48,103,1884.0,1909.0,0.0,0.01,0.07,Los Angeles,KCQT,2014,9,Sep,73.0,17.0,True,False,-0.01
2014-09-17,84,72,96,63,83,46,108,1884.0,1913.0,0.0,0.01,0.42,Los Angeles,KCQT,2014,9,Sep,73.0,11.0,False,False,-0.01
2014-09-18,74,67,81,63,83,48,103,1884.0,1939.0,0.0,0.01,1.39,Los Angeles,KCQT,2014,9,Sep,73.0,1.0,False,False,-0.01
2014-09-19,75,67,82,63,83,49,104,1907.0,1939.0,0.0,0.01,0.27,Los Angeles,KCQT,2014,9,Sep,73.0,2.0,False,False,-0.01
2014-09-20,72,66,78,63,83,49,107,1900.0,1939.0,0.0,0.01,0.29,Los Angeles,KCQT,2014,9,Sep,73.0,-1.0,False,False,-0.01
2014-09-21,72,65,79,63,82,47,108,1880.0,1885.0,0.0,0.01,0.15,Los Angeles,KCQT,2014,9,Sep,72.5,-0.5,False,False,-0.01
2014-09-22,72,63,80,63,82,48,104,1895.0,1883.0,0.0,0.02,0.4,Los Angeles,KCQT,2014,9,Sep,72.5,-0.5,False,False,-0.02
2014-09-23,74,63,84,62,82,44,104,1880.0,1978.0,0.0,0.01,0.28,Los Angeles,KCQT,2014,9,Sep,72.0,2.0,False,False,-0.01
2014-09-24,75,62,88,62,82,45,106,1880.0,1978.0,0.0,0.01,1.95,Los Angeles,KCQT,2014,9,Sep,72.0,3.0,False,False,-0.01
2014-09-25,76,67,85,62,82,48,107,1879.0,1978.0,0.0,0.01,3.96,Los Angeles,KCQT,2014,9,Sep,72.0,4.0,False,False,-0.01
2014-09-26,74,65,83,62,82,48,109,1893.0,1963.0,0.0,0.01,0.24,Los Angeles,KCQT,2014,9,Sep,72.0,2.0,False,False,-0.01
2014-09-27,70,63,77,62,81,46,113,1901.0,2010.0,0.0,0.02,0.68,Los Angeles,KCQT,2014,9,Sep,71.5,-1.5,False,False,-0.02
2014-09-28,72,64,79,62,81,49,106,1901.0,1963.0,0.0,0.01,0.74,Los Angeles,KCQT,2014,9,Sep,71.5,0.5,False,False,-0.01
2014-09-29,70,61,78,62,81,44,102,1880.0,1999.0,0.0,0.01,0.49,Los Angeles,KCQT,2014,9,Sep,71.5,-1.5,False,False,-0.01
2014-09-30,75,64,85,62,81,48,105,1886.0,1906.0,0.0,0.02,1.58,Los Angeles,KCQT,2014,9,Sep,71.5,3.5,False,False,-0.02
2014-10-01,73,64,82,61,81,49,100,1901.0,1991.0,0.0,0.01,0.74,Los Angeles,KCQT,2014,10,Oct,71.0,2.0,False,False,-0.01
2014-10-02,81,64,98,61,81,44,101,1884.0,1995.0,0.0,0.02,0.53,Los Angeles,KCQT,2014,10,Oct,71.0,10.0,True,False,-0.02
2014-10-03,83,67,98,61,80,44,108,1884.0,1987.0,0.0,0.02,0.37,Los Angeles,KCQT,2014,10,Oct,70.5,12.5,False,False,-0.02
2014-10-04,81,65,97,61,80,44,108,1884.0,1987.0,0.0,0.01,0.24,Los Angeles,KCQT,2014,10,Oct,70.5,10.5,False,False,-0.01
2014-10-05,80,65,95,61,80,46,101,1884.0,1971.0,0.0,0.02,1.15,Los Angeles,KCQT,2014,10,Oct,70.5,9.5,False,False,-0.02
2014-10-06,78,64,92,61,80,44,102,1881.0,1971.0,0.0,0.02,0.3,Los Angeles,KCQT,2014,10,Oct,70.5,7.5,False,False,-0.02
2014-10-07,79,64,93,60,80,43,98,1884.0,1971.0,0.0,0.02,0.17,Los Angeles,KCQT,2014,10,Oct,70.0,9.0,False,False,-0.02
2014-10-08,75,63,87,60,80,43,100,1881.0,1994.0,0.0,0.02,0.42,Los Angeles,KCQT,2014,10,Oct,70.0,5.0,False,False,-0.02
2014-10-09,74,67,80,60,79,46,102,1879.0,1988.0,0.0,0.01,0.44,Los Angeles,KCQT,2014,10,Oct,69.5,4.5,False,False,-0.01
2014-10-10,72,64,79,60,79,46,107,1890.0,1991.0,0.0,0.02,0.71,Los Angeles,KCQT,2014,10,Oct,69.5,2.5,False,False,-0.02
2014-10-11,73,64,81,60,79,42,100,1879.0,1971.0,0.0,0.02,0.34,Los Angeles,KCQT,2014,10,Oct,69.5,3.5,False,False,-0.02
2014-10-12,74,67,81,60,79,43,99,1886.0,1950.0,0.0,0.02,0.43,Los Angeles,KCQT,2014,10,Oct,69.5,4.5,False,False,-0.02
2014-10-13,74,65,82,59,79,42,104,1886.0,1950.0,0.0,0.02,1.09,Los Angeles,KCQT,2014,10,Oct,69.0,5.0,False,False,-0.02
2014-10-14,71,66,76,59,79,44,103,1881.0,1961.0,0.0,0.02,1.75,Los Angeles,KCQT,2014,10,Oct,69.0,2.0,False,False,-0.02
2014-10-15,71,63,78,59,79,43,102,1881.0,1961.0,0.0,0.01,0.27,Los Angeles,KCQT,2014,10,Oct,69.0,2.0,False,False,-0.01
2014-10-16,69,61,77,59,79,44,104,1881.0,1958.0,0.0,0.02,0.35,Los Angeles,KCQT,2014,10,Oct,69.0,0.0,False,False,-0.02
2014-10-17,69,62,76,59,78,44,102,1881.0,1958.0,0.0,0.03,1.72,Los Angeles,KCQT,2014,10,Oct,68.5,0.5,False,False,-0.03
2014-10-18,70,61,78,58,78,44,97,1881.0,1940.0,0.0,0.02,0.48,Los Angeles,KCQT,2014,10,Oct,68.0,2.0,False,False,-0.02
2014-10-19,70,62,77,58,78,43,99,1881.0,1940.0,0.0,0.02,0.79,Los Angeles,KCQT,2014,10,Oct,68.0,2.0,False,False,-0.02
2014-10-20,71,63,79,58,78,43,96,1886.0,1964.0,0.0,0.02,3.16,Los Angeles,KCQT,2014,10,Oct,68.0,3.0,False,False,-0.02
2014-10-21,71,64,78,58,78,45,100,1882.0,1929.0,0.0,0.02,0.53,Los Angeles,KCQT,2014,10,Oct,68.0,3.0,False,False,-0.02
2014-10-22,72,60,84,58,78,40,100,1892.0,1965.0,0.0,0.02,0.77,Los Angeles,KCQT,2014,10,Oct,68.0,4.0,False,False,-0.02
2014-10-23,73,60,85,57,78,41,98,1892.0,1965.0,0.0,0.03,1.87,Los Angeles,KCQT,2014,10,Oct,67.5,5.5,False,False,-0.03
2014-10-24,74,59,88,57,78,43,99,1886.0,1909.0,0.0,0.02,0.55,Los Angeles,KCQT,2014,10,Oct,67.5,6.5,False,False,-0.02
2014-10-25,71,61,80,57,77,43,96,1886.0,1983.0,0.0,0.03,1.04,Los Angeles,KCQT,2014,10,Oct,67.0,4.0,False,False,-0.03
2014-10-26,70,61,78,57,77,45,95,1897.0,1879.0,0.0,0.02,1.74,Los Angeles,KCQT,2014,10,Oct,67.0,3.0,False,False,-0.02
2014-10-27,70,62,77,57,77,41,99,1886.0,1890.0,0.0,0.03,1.37,Los Angeles,KCQT,2014,10,Oct,67.0,3.0,False,False,-0.03
2014-10-28,69,59,78,56,77,45,94,1903.0,1931.0,0.0,0.03,0.56,Los Angeles,KCQT,2014,10,Oct,66.5,2.5,False,False,-0.03
2014-10-29,72,59,85,56,77,43,94,1878.0,1931.0,0.0,0.03,0.84,Los Angeles,KCQT,2014,10,Oct,66.5,5.5,False,False,-0.03
2014-10-30,71,60,81,56,77,41,99,1971.0,1939.0,0.0,0.03,1.02,Los Angeles,KCQT,2014,10,Oct,66.5,4.5,False,False,-0.03
2014-10-31,66,60,71,56,76,42,96,1886.0,1918.0,0.25,0.03,1.64,Los Angeles,KCQT,2014,10,Oct,66.0,0.0,False,False,0.22
2014-11-01,61,55,67,56,76,38,100,1886.0,1966.0,0.18,0.03,0.44,Los Angeles,KCQT,2014,11,Nov,66.0,-5.0,False,False,0.15
2014-11-02,61,51,70,55,76,36,99,1886.0,1997.0,0.0,0.03,0.35,Los Angeles,KCQT,2014,11,Nov,65.5,-4.5,False,False,-0.03
2014-11-03,65,52,77,55,76,41,97,1886.0,2010.0,0.0,0.02,0.35,Los Angeles,KCQT,2014,11,Nov,65.5,-0.5,False,False,-0.02
2014-11-04,64,51,77,55,76,44,96,1923.0,2010.0,0.0,0.03,0.42,Los Angeles,KCQT,2014,11,Nov,65.5,-1.5,False,False,-0.03
2014-11-05,69,53,85,55,75,41,94,1881.0,1898.0,0.0,0.03,0.56,Los Angeles,KCQT,2014,11,Nov,65.0,4.0,False,False,-0.03
2014-11-06,76,61,90,54,75,40,95,1879.0,2006.0,0.0,0.02,1.07,Los Angeles,KCQT,2014,11,Nov,64.5,11.5,False,False,-0.02
2014-11-07,75,60,89,54,75,41,97,1890.0,2006.0,0.0,0.03,3.85,Los Angeles,KCQT,2014,11,Nov,64.5,10.5,False,False,-0.03
2014-11-08,74,59,89,54,75,40,93,1888.0,1956.0,0.0,0.03,1.82,Los Angeles,KCQT,2014,11,Nov,64.5,9.5,False,False,-0.03
2014-11-09,68,58,77,54,75,43,94,1886.0,1996.0,0.0,0.03,3.41,Los Angeles,KCQT,2014,11,Nov,64.5,3.5,False,False,-0.03
2014-11-10,66,62,70,53,74,42,93,1880.0,1990.0,0.0,0.02,1.95,Los Angeles,KCQT,2014,11,Nov,63.5,2.5,False,False,-0.02
2014-11-11,66,62,69,53,74,39,94,1881.0,1900.0,0.0,0.03,1.55,Los Angeles,KCQT,2014,11,Nov,63.5,2.5,False,False,-0.03
2014-11-12,64,58,70,53,74,38,93,1978.0,1974.0,0.0,0.04,1.88,Los Angeles,KCQT,2014,11,Nov,63.5,0.5,False,False,-0.04
2014-11-13,63,55,70,53,74,35,96,1880.0,1933.0,0.0,0.03,0.99,Los Angeles,KCQT,2014,11,Nov,63.5,-0.5,False,False,-0.03
2014-11-14,67,60,73,52,73,36,93,1880.0,1933.0,0.0,0.03,1.33,Los Angeles,KCQT,2014,11,Nov,62.5,4.5,False,False,-0.03
2014-11-15,65,58,72,52,73,40,93,1968.0,2008.0,0.0,0.03,1.64,Los Angeles,KCQT,2014,11,Nov,62.5,2.5,False,False,-0.03
2014-11-16,65,55,74,52,73,35,93,1880.0,1924.0,0.0,0.04,2.01,Los Angeles,KCQT,2014,11,Nov,62.5,2.5,False,False,-0.04
2014-11-17,65,53,76,52,73,36,91,1886.0,1945.0,0.0,0.04,1.58,Los Angeles,KCQT,2014,11,Nov,62.5,2.5,False,False,-0.04
2014-11-18,65,52,77,51,72,34,94,1881.0,1895.0,0.0,0.03,1.5,Los Angeles,KCQT,2014,11,Nov,61.5,3.5,False,False,-0.03
2014-11-19,64,53,74,51,72,34,92,1886.0,2006.0,0.0,0.04,3.61,Los Angeles,KCQT,2014,11,Nov,61.5,2.5,False,False,-0.04
2014-11-20,62,53,70,51,72,37,91,1906.0,2006.0,0.0,0.03,1.38,Los Angeles,KCQT,2014,11,Nov,61.5,0.5,False,False,-0.03
2014-11-21,64,55,73,51,71,39,93,1905.0,1924.0,0.0,0.04,2.97,Los Angeles,KCQT,2014,11,Nov,61.0,3.0,False,False,-0.04
2014-11-22,63,52,73,50,71,36,89,1882.0,1950.0,0.0,0.04,3.51,Los Angeles,KCQT,2014,11,Nov,60.5,2.5,False,False,-0.04
2014-11-23,69,57,80,50,71,39,91,2003.0,1933.0,0.0,0.05,0.91,Los Angeles,KCQT,2014,11,Nov,60.5,8.5,False,False,-0.05
2014-11-24,67,53,80,50,71,36,94,1895.0,1933.0,0.0,0.04,2.03,Los Angeles,KCQT,2014,11,Nov,60.5,6.5,False,False,-0.04
2014-11-25,66,52,80,50,70,36,92,1879.0,1977.0,0.0,0.04,0.78,Los Angeles,KCQT,2014,11,Nov,60.0,6.0,False,False,-0.04
2014-11-26,69,53,85,50,70,40,90,1880.0,1903.0,0.0,0.04,1.28,Los Angeles,KCQT,2014,11,Nov,60.0,9.0,False,False,-0.04
2014-11-27,74,58,89,49,70,37,90,1897.0,1903.0,0.0,0.05,0.99,Los Angeles,KCQT,2014,11,Nov,59.5,14.5,True,False,-0.05
2014-11-28,67,53,81,49,70,36,90,1906.0,1924.0,0.0,0.04,3.51,Los Angeles,KCQT,2014,11,Nov,59.5,7.5,False,False,-0.04
2014-11-29,63,51,74,49,69,37,87,1878.0,1995.0,0.0,0.04,2.43,Los Angeles,KCQT,2014,11,Nov,59.0,4.0,False,False,-0.04
2014-11-30,63,60,66,49,69,37,88,1906.0,1964.0,0.3,0.05,1.96,Los Angeles,KCQT,2014,11,Nov,59.0,4.0,False,False,0.25
2014-12-01,63,57,69,49,69,38,85,1880.0,1972.0,0.0,0.05,1.4,Los Angeles,KCQT,2014,12,Dec,59.0,4.0,False,False,-0.05
2014-12-02,62,58,66,49,69,36,88,1884.0,1893.0,1.21,0.05,1.21,Los Angeles,KCQT,2014,12,Dec,59.0,3.0,False,False,1.16
2014-12-03,63,59,67,48,69,36,89,1897.0,1958.0,0.31,0.05,1.59,Los Angeles,KCQT,2014,12,Dec,58.5,4.5,False,False,0.26
2014-12-04,64,57,71,48,69,37,91,1909.0,1979.0,0.0,0.05,1.59,Los Angeles,KCQT,2014,12,Dec,58.5,5.5,False,False,-0.05
2014-12-05,63,57,69,48,68,38,89,1891.0,1979.0,0.0,0.06,1.81,Los Angeles,KCQT,2014,12,Dec,58.0,5.0,False,False,-0.06
2014-12-06,63,55,71,48,68,36,88,1897.0,1938.0,0.0,0.06,1.01,Los Angeles,KCQT,2014,12,Dec,58.0,5.0,False,False,-0.06
2014-12-07,65,54,76,48,68,32,88,1978.0,1940.0,0.0,0.06,2.78,Los Angeles,KCQT,2014,12,Dec,58.0,7.0,False,False,-0.06
2014-12-08,67,55,78,48,68,30,92,1978.0,1938.0,0.0,0.07,2.29,Los Angeles,KCQT,2014,12,Dec,58.0,9.0,False,False,-0.07
2014-12-09,65,54,76,48,68,32,85,1951.0,1973.0,0.0,0.06,1.7,Los Angeles,KCQT,2014,12,Dec,58.0,7.0,False,False,-0.06
2014-12-10,63,53,73,48,68,36,87,1951.0,1950.0,0.0,0.06,1.58,Los Angeles,KCQT,2014,12,Dec,58.0,5.0,False,False,-0.06
2014-12-11,64,60,67,48,68,34,86,1898.0,1895.0,0.01,0.07,1.65,Los Angeles,KCQT,2014,12,Dec,58.0,6.0,False,False,-0.060000000000000005
2014-12-12,59,52,65,47,68,34,86,1878.0,1895.0,1.6,0.06,4.3,Los Angeles,KCQT,2014,12,Dec,57.5,1.5,False,False,1.54
2014-12-13,57,48,66,47,67,31,83,1901.0,1952.0,0.0,0.07,1.67,Los Angeles,KCQT,2014,12,Dec,57.0,0.0,False,False,-0.07
2014-12-14,57,47,66,47,67,30,85,1878.0,1886.0,0.0,0.07,0.96,Los Angeles,KCQT,2014,12,Dec,57.0,0.0,False,False,-0.07
2014-12-15,56,47,65,47,67,36,85,1901.0,1998.0,0.0,0.07,2.26,Los Angeles,KCQT,2014,12,Dec,57.0,-1.0,False,False,-0.07
2014-12-16,57,54,60,47,67,37,89,1897.0,1980.0,0.41,0.07,1.96,Los Angeles,KCQT,2014,12,Dec,57.0,0.0,False,False,0.33999999999999997
2014-12-17,58,51,65,47,67,34,85,1895.0,1998.0,0.15,0.08,1.97,Los Angeles,KCQT,2014,12,Dec,57.0,1.0,False,False,0.06999999999999999
2014-12-18,55,48,62,47,67,35,86,1885.0,1917.0,0.0,0.08,2.18,Los Angeles,KCQT,2014,12,Dec,57.0,-2.0,False,False,-0.08
2014-12-19,58,49,66,47,67,32,86,1897.0,1917.0,0.0,0.08,2.8,Los Angeles,KCQT,2014,12,Dec,57.0,1.0,False,False,-0.08
2014-12-20,57,50,64,47,67,35,83,1887.0,1985.0,0.0,0.08,4.19,Los Angeles,KCQT,2014,12,Dec,57.0,0.0,False,False,-0.08
2014-12-21,59,50,68,47,67,30,85,1897.0,1917.0,0.0,0.08,1.57,Los Angeles,KCQT,2014,12,Dec,57.0,2.0,False,False,-0.08
2014-12-22,63,50,75,47,67,33,80,1990.0,1960.0,0.0,0.09,2.63,Los Angeles,KCQT,2014,12,Dec,57.0,6.0,False,False,-0.09
2014-12-23,67,51,83,47,67,33,86,1905.0,1989.0,0.0,0.08,1.84,Los Angeles,KCQT,2014,12,Dec,57.0,10.0,True,False,-0.08
2014-12-24,64,53,75,47,67,33,87,1879.0,1985.0,0.0,0.09,2.64,Los Angeles,KCQT,2014,12,Dec,57.0,7.0,False,False,-0.09
2014-12-25,58,50,65,47,67,30,85,1879.0,1980.0,0.0,0.09,3.01,Los Angeles,KCQT,2014,12,Dec,57.0,1.0,False,False,-0.09
2014-12-26,53,42,63,47,68,35,85,1987.0,1980.0,0.0,0.09,1.2,Los Angeles,KCQT,2014,12,Dec,57.5,-4.5,False,False,-0.09
2014-12-27,51,39,63,47,68,36,85,1916.0,2013.0,0.0,0.1,1.81,Los Angeles,KCQT,2014,12,Dec,57.5,-6.5,False,True,-0.1
2014-12-28,53,43,63,47,68,36,87,1954.0,1919.0,0.0,0.1,5.55,Los Angeles,KCQT,2014,12,Dec,57.5,-4.5,False,False,-0.1
2014-12-29,52,41,63,47,68,35,89,1882.0,1897.0,0.0,0.11,3.84,Los Angeles,KCQT,2014,12,Dec,57.5,-5.5,False,False,-0.11
2014-12-30,52,47,56,47,68,37,89,1945.0,1980.0,0.19,0.1,1.85,Los Angeles,KCQT,2014,12,Dec,57.5,-5.5,False,False,0.09
2014-12-31,49,41,57,47,68,36,86,1882.0,1897.0,0.0,0.1,4.86,Los Angeles,KCQT,2014,12,Dec,57.5,-8.5,False,False,-0.1
2015-01-01,48,37,59,47,68,35,84,1884.0,1898.0,0.0,0.11,3.12,Los Angeles,KCQT,2015,1,Jan,57.5,-9.5,False,True,-0.11
2015-01-02,50,39,61,47,68,32,85,1886.0,1994.0,0.0,0.1,1.57,Los Angeles,KCQT,2015,1,Jan,57.5,-7.5,False,False,-0.1
2015-01-03,52,40,63,47,68,33,87,1949.0,1902.0,0.0,0.11,2.27,Los Angeles,KCQT,2015,1,Jan,57.5,-5.5,False,False,-0.11
2015-01-04,56,42,69,47,68,28,87,1949.0,1902.0,0.0,0.1,3.24,Los Angeles,KCQT,2015,1,Jan,57.5,-1.5,False,False,-0.1
2015-01-05,66,50,81,48,68,31,85,1949.0,1902.0,0.0,0.1,2.11,Los Angeles,KCQT,2015,1,Jan,58.0,8.0,False,False,-0.1
2015-01-06,71,57,84,48,68,30,85,1913.0,2006.0,0.0,0.1,2.3,Los Angeles,KCQT,2015,1,Jan,58.0,13.0,True,False,-0.1
2015-01-07,69,53,85,48,68,28,87,1913.0,1996.0,0.0,0.1,3.52,Los Angeles,KCQT,2015,1,Jan,58.0,11.0,True,False,-0.1
2015-01-08,63,51,75,48,68,32,90,1888.0,1923.0,0.0,0.1,1.19,Los Angeles,KCQT,2015,1,Jan,58.0,5.0,False,False,-0.1
2015-01-09,64,56,72,48,68,31,88,1888.0,1923.0,0.0,0.1,2.58,Los Angeles,KCQT,2015,1,Jan,58.0,6.0,False,False,-0.1
2015-01-10,58,52,63,48,68,31,87,1888.0,1986.0,0.48,0.11,3.3,Los Angeles,KCQT,2015,1,Jan,58.0,0.0,False,False,0.37
2015-01-11,60,56,63,48,68,32,89,1949.0,1996.0,0.5,0.1,1.57,Los Angeles,KCQT,2015,1,Jan,58.0,2.0,False,False,0.4
2015-01-12,60,53,66,48,68,33,88,1949.0,2009.0,0.0,0.11,1.4,Los Angeles,KCQT,2015,1,Jan,58.0,2.0,False,False,-0.11
2015-01-13,61,54,68,48,68,34,86,1950.0,1986.0,0.0,0.1,1.45,Los Angeles,KCQT,2015,1,Jan,58.0,3.0,False,False,-0.1
2015-01-14,60,47,73,48,68,34,88,2013.0,1975.0,0.0,0.1,1.56,Los Angeles,KCQT,2015,1,Jan,58.0,2.0,False,False,-0.1
2015-01-15,64,51,76,48,68,32,85,1888.0,2009.0,0.0,0.11,2.13,Los Angeles,KCQT,2015,1,Jan,58.0,6.0,False,False,-0.11
2015-01-16,64,50,77,48,68,31,86,1888.0,1976.0,0.0,0.1,2.74,Los Angeles,KCQT,2015,1,Jan,58.0,6.0,False,False,-0.1
2015-01-17,64,50,78,48,68,34,90,1888.0,1971.0,0.0,0.11,2.74,Los Angeles,KCQT,2015,1,Jan,58.0,6.0,False,False,-0.11
2015-01-18,64,53,75,48,68,37,95,1892.0,1971.0,0.0,0.1,2.3,Los Angeles,KCQT,2015,1,Jan,58.0,6.0,False,False,-0.1
2015-01-19,61,50,72,48,68,32,92,1889.0,1971.0,0.0,0.09,2.26,Los Angeles,KCQT,2015,1,Jan,58.0,3.0,False,False,-0.09
2015-01-20,58,53,63,48,68,30,85,1883.0,2009.0,0.0,0.1,3.3,Los Angeles,KCQT,2015,1,Jan,58.0,0.0,False,False,-0.1
2015-01-21,63,54,71,48,68,32,81,1937.0,1912.0,0.0,0.09,2.98,Los Angeles,KCQT,2015,1,Jan,58.0,5.0,False,False,-0.09
2015-01-22,61,47,75,48,68,34,84,1937.0,1994.0,0.0,0.09,3.69,Los Angeles,KCQT,2015,1,Jan,58.0,3.0,False,False,-0.09
2015-01-23,63,50,75,48,68,33,84,1937.0,1968.0,0.0,0.1,1.05,Los Angeles,KCQT,2015,1,Jan,58.0,5.0,False,False,-0.1
2015-01-24,66,49,82,48,68,36,85,1937.0,1992.0,0.0,0.09,2.04,Los Angeles,KCQT,2015,1,Jan,58.0,8.0,True,False,-0.09
2015-01-25,66,48,83,48,68,36,86,1898.0,1986.0,0.0,0.09,3.43,Los Angeles,KCQT,2015,1,Jan,58.0,8.0,True,False,-0.09
2015-01-26,69,57,80,48,68,31,86,1898.0,1987.0,0.08,0.1,5.71,Los Angeles,KCQT,2015,1,Jan,58.0,11.0,False,False,-0.020000000000000004
2015-01-27,66,57,74,48,68,32,87,1898.0,1986.0,0.0,0.09,2.28,Los Angeles,KCQT,2015,1,Jan,58.0,8.0,False,False,-0.09
2015-01-28,66,56,75,48,68,35,90,1957.0,1971.0,0.0,0.1,2.81,Los Angeles,KCQT,2015,1,Jan,58.0,8.0,False,False,-0.1
2015-01-29,68,60,75,48,68,30,88,1880.0,1971.0,0.0,0.1,1.96,Los Angeles,KCQT,2015,1,Jan,58.0,10.0,False,False,-0.1
2015-01-30,65,59,70,48,68,35,85,1880.0,1992.0,0.03,0.11,2.19,Los Angeles,KCQT,2015,1,Jan,58.0,7.0,False,False,-0.08
2015-01-31,64,56,71,48,68,32,91,1880.0,2003.0,0.0,0.11,3.03,Los Angeles,KCQT,2015,1,Jan,58.0,6.0,False,False,-0.11
2015-02-01,63,49,76,48,68,34,88,1880.0,1995.0,0.0,0.12,2.26,Los Angeles,KCQT,2015,2,Feb,58.0,5.0,False,False,-0.12
2015-02-02,65,51,78,48,68,34,94,1901.0,1995.0,0.0,0.11,2.84,Los Angeles,KCQT,2015,2,Feb,58.0,7.0,False,False,-0.11
2015-02-03,62,51,72,49,68,30,94,1883.0,1995.0,0.0,0.12,1.84,Los Angeles,KCQT,2015,2,Feb,58.5,3.5,False,False,-0.12
2015-02-04,64,56,72,49,68,32,91,1883.0,1995.0,0.0,0.12,2.55,Los Angeles,KCQT,2015,2,Feb,58.5,5.5,False,False,-0.12
2015-02-05,68,53,82,49,68,33,89,1899.0,2007.0,0.0,0.13,2.3,Los Angeles,KCQT,2015,2,Feb,58.5,9.5,False,False,-0.13
2015-02-06,65,54,75,49,68,28,86,1883.0,1987.0,0.0,0.13,2.39,Los Angeles,KCQT,2015,2,Feb,58.5,6.5,False,False,-0.13
2015-02-07,62,54,69,49,68,32,89,1883.0,1996.0,0.02,0.13,1.6,Los Angeles,KCQT,2015,2,Feb,58.5,3.5,False,False,-0.11
2015-02-08,68,59,77,49,68,36,85,1899.0,1996.0,0.0,0.13,2.43,Los Angeles,KCQT,2015,2,Feb,58.5,9.5,False,False,-0.13
2015-02-09,66,58,73,49,68,33,85,1891.0,2006.0,0.0,0.14,1.92,Los Angeles,KCQT,2015,2,Feb,58.5,7.5,False,False,-0.14
2015-02-10,66,53,78,49,68,37,88,1890.0,1988.0,0.0,0.13,2.55,Los Angeles,KCQT,2015,2,Feb,58.5,7.5,False,False,-0.13
2015-02-11,70,55,85,49,68,35,88,1894.0,1971.0,0.0,0.13,2.12,Los Angeles,KCQT,2015,2,Feb,58.5,11.5,True,False,-0.13
2015-02-12,71,56,85,49,68,35,91,1949.0,1971.0,0.0,0.14,2.45,Los Angeles,KCQT,2015,2,Feb,58.5,12.5,False,False,-0.14
2015-02-13,73,57,88,49,69,35,90,1903.0,1985.0,0.0,0.14,2.71,Los Angeles,KCQT,2015,2,Feb,59.0,14.0,True,False,-0.14
2015-02-14,71,56,86,49,69,32,90,1903.0,1985.0,0.0,0.14,2.5,Los Angeles,KCQT,2015,2,Feb,59.0,12.0,False,False,-0.14
2015-02-15,67,54,80,49,69,33,88,1903.0,1985.0,0.0,0.14,2.78,Los Angeles,KCQT,2015,2,Feb,59.0,8.0,False,False,-0.14
2015-02-16,63,56,70,49,69,35,88,1903.0,1896.0,0.0,0.15,3.03,Los Angeles,KCQT,2015,2,Feb,59.0,4.0,False,False,-0.15
2015-02-17,64,57,71,50,69,33,89,1889.0,1890.0,0.0,0.16,2.18,Los Angeles,KCQT,2015,2,Feb,59.5,4.5,False,False,-0.16
2015-02-18,65,55,75,50,69,32,89,1882.0,1981.0,0.0,0.15,4.26,Los Angeles,KCQT,2015,2,Feb,59.5,5.5,False,False,-0.15
2015-02-19,65,57,72,50,69,34,91,1880.0,1995.0,0.0,0.15,2.32,Los Angeles,KCQT,2015,2,Feb,59.5,5.5,False,False,-0.15
2015-02-20,63,56,70,50,69,34,95,1882.0,1995.0,0.0,0.15,3.6,Los Angeles,KCQT,2015,2,Feb,59.5,3.5,False,False,-0.15
2015-02-21,63,57,69,50,69,35,88,1897.0,2002.0,0.0,0.15,2.08,Los Angeles,KCQT,2015,2,Feb,59.5,3.5,False,False,-0.15
2015-02-22,59,53,64,50,69,35,90,1897.0,2002.0,0.7,0.15,2.19,Los Angeles,KCQT,2015,2,Feb,59.5,-0.5,False,False,0.5499999999999999
2015-02-23,58,50,65,50,69,35,90,1894.0,1954.0,0.0,0.14,2.11,Los Angeles,KCQT,2015,2,Feb,59.5,-1.5,False,False,-0.14
2015-02-24,60,46,74,50,69,35,94,1890.0,1986.0,0.0,0.13,4.8,Los Angeles,KCQT,2015,2,Feb,59.5,0.5,False,False,-0.13
2015-02-25,62,51,72,50,69,40,92,1962.0,1921.0,0.0,0.14,2.33,Los Angeles,KCQT,2015,2,Feb,59.5,2.5,False,False,-0.14
2015-02-26,61,51,70,50,69,37,87,1894.0,2002.0,0.0,0.13,1.08,Los Angeles,KCQT,2015,2,Feb,59.5,1.5,False,False,-0.13
2015-02-27,61,55,66,50,69,38,86,1894.0,1992.0,0.0,0.13,2.17,Los Angeles,KCQT,2015,2,Feb,59.5,1.5,False,False,-0.13
2015-02-28,59,52,65,50,69,39,88,1962.0,1901.0,0.11,0.12,2.85,Los Angeles,KCQT,2015,2,Feb,59.5,-0.5,False,False,-0.009999999999999995
2015-03-01,58,50,65,50,69,36,88,1894.0,1967.0,0.66,0.11,3.42,Los Angeles,KCQT,2015,3,Mar,59.5,-1.5,False,False,0.55
2015-03-02,56,49,63,50,69,35,87,1896.0,1994.0,0.21,0.11,5.88,Los Angeles,KCQT,2015,3,Mar,59.5,-3.5,False,False,0.09999999999999999
2015-03-03,58,48,67,50,69,38,85,1894.0,1931.0,0.0,0.12,3.12,Los Angeles,KCQT,2015,3,Mar,59.5,-1.5,False,False,-0.12
2015-03-04,60,48,72,51,70,35,94,1976.0,1972.0,0.0,0.1,2.54,Los Angeles,KCQT,2015,3,Mar,60.5,-0.5,False,False,-0.1
2015-03-05,64,51,77,51,70,35,87,1896.0,1899.0,0.0,0.11,1.98,Los Angeles,KCQT,2015,3,Mar,60.5,3.5,False,False,-0.11
2015-03-06,66,49,83,51,70,39,90,1882.0,1899.0,0.0,0.11,0.88,Los Angeles,KCQT,2015,3,Mar,60.5,5.5,False,False,-0.11
2015-03-07,70,54,86,51,70,40,89,1893.0,1914.0,0.0,0.1,2.52,Los Angeles,KCQT,2015,3,Mar,60.5,9.5,True,False,-0.1
2015-03-08,66,53,78,51,70,35,93,1882.0,2004.0,0.0,0.09,1.71,Los Angeles,KCQT,2015,3,Mar,60.5,5.5,False,False,-0.09
2015-03-09,65,57,73,51,70,31,90,1893.0,1934.0,0.0,0.1,2.67,Los Angeles,KCQT,2015,3,Mar,60.5,4.5,False,False,-0.1
2015-03-10,68,55,80,51,70,38,96,1893.0,1916.0,0.0,0.09,2.22,Los Angeles,KCQT,2015,3,Mar,60.5,7.5,False,False,-0.09
2015-03-11,67,60,73,51,70,41,93,1969.0,1916.0,0.0,0.09,1.45,Los Angeles,KCQT,2015,3,Mar,60.5,6.5,False,False,-0.09
2015-03-12,71,56,86,51,70,36,93,1893.0,2007.0,0.0,0.09,1.44,Los Angeles,KCQT,2015,3,Mar,60.5,10.5,False,False,-0.09
2015-03-13,76,61,90,51,70,40,90,1907.0,2015.0,0.0,0.09,2.23,Los Angeles,KCQT,2015,3,Mar,60.5,15.5,True,False,-0.09
2015-03-14,78,62,93,51,70,39,93,1895.0,2015.0,0.0,0.08,1.74,Los Angeles,KCQT,2015,3,Mar,60.5,17.5,True,False,-0.08
2015-03-15,79,66,92,51,70,37,92,1880.0,2015.0,0.0,0.08,4.1,Los Angeles,KCQT,2015,3,Mar,60.5,18.5,True,False,-0.08
2015-03-16,78,66,90,51,70,36,91,1880.0,1914.0,0.0,0.08,2.53,Los Angeles,KCQT,2015,3,Mar,60.5,17.5,True,False,-0.08
2015-03-17,73,63,82,51,70,37,94,1881.0,1914.0,0.0,0.06,1.28,Los Angeles,KCQT,2015,3,Mar,60.5,12.5,False,False,-0.06
2015-03-18,69,62,75,51,70,38,87,1898.0,1997.0,0.0,0.07,1.03,Los Angeles,KCQT,2015,3,Mar,60.5,8.5,False,False,-0.07
2015-03-19,68,60,76,51,70,37,97,1886.0,1997.0,0.0,0.07,1.45,Los Angeles,KCQT,2015,3,Mar,60.5,7.5,False,False,-0.07
2015-03-20,69,59,78,51,70,39,93,1898.0,1997.0,0.0,0.06,2.42,Los Angeles,KCQT,2015,3,Mar,60.5,8.5,False,False,-0.06
2015-03-21,69,62,75,51,71,35,93,1894.0,1931.0,0.0,0.06,1.34,Los Angeles,KCQT,2015,3,Mar,61.0,8.0,False,False,-0.06
2015-03-22,66,59,72,51,71,37,88,1894.0,1986.0,0.0,0.06,1.11,Los Angeles,KCQT,2015,3,Mar,61.0,5.0,False,False,-0.06
2015-03-23,65,57,73,51,71,36,88,1898.0,1926.0,0.0,0.06,2.08,Los Angeles,KCQT,2015,3,Mar,61.0,4.0,False,False,-0.06
2015-03-24,67,58,75,51,71,37,94,1898.0,1988.0,0.0,0.06,1.39,Los Angeles,KCQT,2015,3,Mar,61.0,6.0,False,False,-0.06
2015-03-25,72,60,84,51,71,37,96,1902.0,1988.0,0.0,0.06,2.19,Los Angeles,KCQT,2015,3,Mar,61.0,11.0,False,False,-0.06
2015-03-26,77,61,92,51,71,39,98,1907.0,1988.0,0.0,0.06,1.53,Los Angeles,KCQT,2015,3,Mar,61.0,16.0,False,False,-0.06
2015-03-27,77,62,91,52,71,37,91,1884.0,1986.0,0.0,0.05,1.98,Los Angeles,KCQT,2015,3,Mar,61.5,15.5,True,False,-0.05
2015-03-28,71,61,81,52,71,37,90,1892.0,1879.0,0.0,0.06,1.62,Los Angeles,KCQT,2015,3,Mar,61.5,9.5,False,False,-0.06
2015-03-29,67,56,78,52,71,41,99,1880.0,1879.0,0.0,0.05,1.04,Los Angeles,KCQT,2015,3,Mar,61.5,5.5,False,False,-0.05
2015-03-30,68,57,78,52,71,36,89,1892.0,2003.0,0.0,0.05,1.27,Los Angeles,KCQT,2015,3,Mar,61.5,6.5,False,False,-0.05
2015-03-31,65,57,73,52,71,40,92,1897.0,2011.0,0.0,0.05,1.65,Los Angeles,KCQT,2015,3,Mar,61.5,3.5,False,False,-0.05
2015-04-01,66,58,74,52,71,40,93,1897.0,1985.0,0.0,0.04,1.01,Los Angeles,KCQT,2015,4,Apr,61.5,4.5,False,False,-0.04
2015-04-02,65,54,75,52,71,39,96,1906.0,1985.0,0.0,0.05,1.43,Los Angeles,KCQT,2015,4,Apr,61.5,3.5,False,False,-0.05
2015-04-03,72,57,86,52,71,40,94,1892.0,1961.0,0.0,0.04,1.14,Los Angeles,KCQT,2015,4,Apr,61.5,10.5,False,False,-0.04
2015-04-04,72,59,84,52,72,43,100,1892.0,1989.0,0.0,0.04,1.44,Los Angeles,KCQT,2015,4,Apr,62.0,10.0,False,False,-0.04
2015-04-05,64,57,71,52,72,42,105,1921.0,1989.0,0.0,0.04,2.74,Los Angeles,KCQT,2015,4,Apr,62.0,2.0,False,False,-0.04
2015-04-06,60,53,67,52,72,40,106,1975.0,1989.0,0.0,0.04,0.84,Los Angeles,KCQT,2015,4,Apr,62.0,-2.0,False,False,-0.04
2015-04-07,59,51,67,52,72,39,100,1975.0,1989.0,0.13,0.04,1.21,Los Angeles,KCQT,2015,4,Apr,62.0,-3.0,False,False,0.09
2015-04-08,60,49,70,53,72,36,92,1901.0,1989.0,0.0,0.04,2.19,Los Angeles,KCQT,2015,4,Apr,62.5,-2.5,False,False,-0.04
2015-04-09,65,53,76,53,72,40,94,1900.0,1890.0,0.0,0.03,1.71,Los Angeles,KCQT,2015,4,Apr,62.5,2.5,False,False,-0.03
2015-04-10,63,54,71,53,72,41,96,1927.0,1904.0,0.0,0.04,0.63,Los Angeles,KCQT,2015,4,Apr,62.5,0.5,False,False,-0.04
2015-04-11,63,53,72,53,72,40,90,1896.0,1940.0,0.0,0.03,1.97,Los Angeles,KCQT,2015,4,Apr,62.5,0.5,False,False,-0.03
2015-04-12,67,57,77,53,72,42,97,1887.0,1888.0,0.0,0.03,1.9,Los Angeles,KCQT,2015,4,Apr,62.5,4.5,False,False,-0.03
2015-04-13,67,58,75,53,73,41,99,1893.0,1898.0,0.0,0.02,0.49,Los Angeles,KCQT,2015,4,Apr,63.0,4.0,False,False,-0.02
2015-04-14,66,58,73,53,73,39,95,1883.0,1964.0,0.0,0.03,0.83,Los Angeles,KCQT,2015,4,Apr,63.0,3.0,False,False,-0.03
2015-04-15,69,57,80,53,73,43,99,1917.0,1966.0,0.0,0.03,0.81,Los Angeles,KCQT,2015,4,Apr,63.0,6.0,False,False,-0.03
2015-04-16,68,54,81,54,73,42,91,1917.0,2011.0,0.0,0.03,2.1,Los Angeles,KCQT,2015,4,Apr,63.5,4.5,False,False,-0.03
2015-04-17,69,56,81,54,73,40,90,1896.0,1999.0,0.0,0.03,1.24,Los Angeles,KCQT,2015,4,Apr,63.5,5.5,False,False,-0.03
2015-04-18,69,56,81,54,73,40,91,1882.0,1939.0,0.0,0.03,1.27,Los Angeles,KCQT,2015,4,Apr,63.5,5.5,False,False,-0.03
2015-04-19,65,55,75,54,73,40,94,1880.0,2009.0,0.0,0.02,0.86,Los Angeles,KCQT,2015,4,Apr,63.5,1.5,False,False,-0.02
2015-04-20,63,55,70,54,73,38,100,1896.0,2009.0,0.0,0.03,1.28,Los Angeles,KCQT,2015,4,Apr,63.5,-0.5,False,False,-0.03
2015-04-21,63,58,67,54,73,38,95,1896.0,2009.0,0.0,0.03,0.89,Los Angeles,KCQT,2015,4,Apr,63.5,-0.5,False,False,-0.03
2015-04-22,63,57,69,54,73,44,99,1882.0,1910.0,0.0,0.02,0.96,Los Angeles,KCQT,2015,4,Apr,63.5,-0.5,False,False,-0.02
2015-04-23,62,55,69,55,74,42,100,1896.0,1910.0,0.0,0.02,0.98,Los Angeles,KCQT,2015,4,Apr,64.5,-2.5,False,False,-0.02
2015-04-24,62,57,67,55,74,44,93,1900.0,2001.0,0.0,0.03,0.41,Los Angeles,KCQT,2015,4,Apr,64.5,-2.5,False,False,-0.03
2015-04-25,61,56,66,55,74,42,94,1882.0,1898.0,0.0,0.02,0.5,Los Angeles,KCQT,2015,4,Apr,64.5,-3.5,False,False,-0.02
2015-04-26,66,54,77,55,74,42,99,1894.0,2004.0,0.0,0.02,1.62,Los Angeles,KCQT,2015,4,Apr,64.5,1.5,False,False,-0.02
2015-04-27,70,57,82,55,74,41,102,1900.0,2004.0,0.0,0.02,0.82,Los Angeles,KCQT,2015,4,Apr,64.5,5.5,False,False,-0.02
2015-04-28,77,61,92,55,74,41,96,1900.0,2008.0,0.0,0.03,1.02,Los Angeles,KCQT,2015,4,Apr,64.5,12.5,False,False,-0.03
2015-04-29,75,60,89,55,74,44,98,1901.0,1981.0,0.0,0.02,0.89,Los Angeles,KCQT,2015,4,Apr,64.5,10.5,False,False,-0.02
2015-04-30,73,60,86,56,74,44,96,1915.0,1996.0,0.0,0.02,0.96,Los Angeles,KCQT,2015,4,Apr,65.0,8.0,False,False,-0.02
2015-05-01,71,57,84,56,74,41,92,1915.0,2014.0,0.0,0.02,0.76,Los Angeles,KCQT,2015,5,May,65.0,6.0,False,False,-0.02
2015-05-02,70,59,80,56,74,44,98,1915.0,2004.0,0.0,0.02,0.54,Los Angeles,KCQT,2015,5,May,65.0,5.0,False,False,-0.02
2015-05-03,66,58,74,56,74,42,101,1883.0,2004.0,0.0,0.01,1.76,Los Angeles,KCQT,2015,5,May,65.0,1.0,False,False,-0.01
2015-05-04,63,56,69,56,74,44,93,1899.0,1987.0,0.0,0.01,0.66,Los Angeles,KCQT,2015,5,May,65.0,-2.0,False,False,-0.01
2015-05-05,63,58,67,56,74,46,101,1920.0,1990.0,0.0,0.01,0.9,Los Angeles,KCQT,2015,5,May,65.0,-2.0,False,False,-0.01
2015-05-06,63,58,67,56,74,43,97,1892.0,1990.0,0.0,0.02,1.53,Los Angeles,KCQT,2015,5,May,65.0,-2.0,False,False,-0.02
2015-05-07,60,54,65,56,74,42,97,1892.0,1941.0,0.03,0.01,1.0,Los Angeles,KCQT,2015,5,May,65.0,-5.0,False,False,0.019999999999999997
2015-05-08,57,50,63,56,74,43,97,1879.0,1984.0,0.18,0.01,2.02,Los Angeles,KCQT,2015,5,May,65.0,-8.0,False,False,0.16999999999999998
2015-05-09,62,55,69,57,74,44,99,1879.0,1923.0,0.0,0.01,0.75,Los Angeles,KCQT,2015,5,May,65.5,-3.5,False,False,-0.01
2015-05-10,63,54,72,57,74,43,95,1922.0,1934.0,0.0,0.0,0.15,Los Angeles,KCQT,2015,5,May,65.5,-2.5,False,False,0.0
2015-05-11,67,57,76,57,74,43,93,1890.0,1996.0,0.0,0.01,0.29,Los Angeles,KCQT,2015,5,May,65.5,1.5,False,False,-0.01
2015-05-12,65,57,72,57,74,44,94,1887.0,1979.0,0.0,0.01,1.18,Los Angeles,KCQT,2015,5,May,65.5,-0.5,False,False,-0.01
2015-05-13,64,58,69,57,74,43,98,1880.0,1979.0,0.0,0.01,0.84,Los Angeles,KCQT,2015,5,May,65.5,-1.5,False,False,-0.01
2015-05-14,61,53,68,57,74,45,99,1882.0,2014.0,0.69,0.01,0.97,Los Angeles,KCQT,2015,5,May,65.5,-4.5,False,False,0.6799999999999999
2015-05-15,61,55,66,57,74,42,102,1883.0,2014.0,0.03,0.01,1.46,Los Angeles,KCQT,2015,5,May,65.5,-4.5,False,False,0.019999999999999997
2015-05-16,64,56,71,57,74,40,102,1883.0,1967.0,0.0,0.0,0.04,Los Angeles,KCQT,2015,5,May,65.5,-1.5,False,False,0.0
2015-05-17,65,58,72,57,74,42,96,1880.0,1892.0,0.0,0.01,0.18,Los Angeles,KCQT,2015,5,May,65.5,-0.5,False,False,-0.01
2015-05-18,66,60,71,57,75,45,99,1880.0,1892.0,0.0,0.01,0.26,Los Angeles,KCQT,2015,5,May,66.0,0.0,False,False,-0.01
2015-05-19,65,56,73,57,75,45,95,1893.0,1892.0,0.0,0.0,0.35,Los Angeles,KCQT,2015,5,May,66.0,-1.0,False,False,0.0
2015-05-20,65,57,72,58,75,45,99,1879.0,1942.0,0.0,0.01,0.84,Los Angeles,KCQT,2015,5,May,66.5,-1.5,False,False,-0.01
2015-05-21,64,57,71,58,75,43,100,1902.0,1883.0,0.0,0.01,1.03,Los Angeles,KCQT,2015,5,May,66.5,-2.5,False,False,-0.01
2015-05-22,63,57,69,58,75,44,94,1879.0,1967.0,0.0,0.0,0.67,Los Angeles,KCQT,2015,5,May,66.5,-3.5,False,False,0.0
2015-05-23,64,57,71,58,75,41,92,1881.0,1932.0,0.0,0.01,0.1,Los Angeles,KCQT,2015,5,May,66.5,-2.5,False,False,-0.01
2015-05-24,64,58,70,58,75,45,95,1888.0,1896.0,0.0,0.0,0.48,Los Angeles,KCQT,2015,5,May,66.5,-2.5,False,False,0.0
2015-05-25,64,57,71,58,75,47,103,1916.0,1896.0,0.0,0.01,0.42,Los Angeles,KCQT,2015,5,May,66.5,-2.5,False,False,-0.01
2015-05-26,64,59,69,58,75,46,96,1917.0,1896.0,0.0,0.01,0.21,Los Angeles,KCQT,2015,5,May,66.5,-2.5,False,False,-0.01
2015-05-27,65,58,72,58,75,47,97,1879.0,1880.0,0.0,0.0,0.57,Los Angeles,KCQT,2015,5,May,66.5,-1.5,False,False,0.0
2015-05-28,66,57,75,58,75,48,101,1895.0,1973.0,0.0,0.01,1.14,Los Angeles,KCQT,2015,5,May,66.5,-0.5,False,False,-0.01
2015-05-29,68,58,77,58,75,46,99,1881.0,1978.0,0.0,0.0,0.09,Los Angeles,KCQT,2015,5,May,66.5,1.5,False,False,0.0
2015-05-30,68,59,77,58,75,48,95,1878.0,1972.0,0.0,0.01,0.14,Los Angeles,KCQT,2015,5,May,66.5,1.5,False,False,-0.01
2015-05-31,66,59,73,58,75,47,98,1908.0,1909.0,0.0,0.0,0.09,Los Angeles,KCQT,2015,5,May,66.5,-0.5,False,False,0.0
2015-06-01,67,59,75,58,75,47,100,1908.0,1879.0,0.0,0.01,0.57,Los Angeles,KCQT,2015,6,Jun,66.5,0.5,False,False,-0.01
2015-06-02,68,60,76,59,76,47,104,1895.0,1879.0,0.0,0.0,0.58,Los Angeles,KCQT,2015,6,Jun,67.5,0.5,False,False,0.0
2015-06-03,68,61,74,59,76,49,99,1908.0,1879.0,0.0,0.01,0.49,Los Angeles,KCQT,2015,6,Jun,67.5,0.5,False,False,-0.01
2015-06-04,66,61,70,59,76,47,100,1885.0,1895.0,0.0,0.0,0.33,Los Angeles,KCQT,2015,6,Jun,67.5,-1.5,False,False,0.0
2015-06-05,67,60,73,59,76,50,98,1999.0,1890.0,0.0,0.01,0.76,Los Angeles,KCQT,2015,6,Jun,67.5,-0.5,False,False,-0.01
2015-06-06,65,58,72,59,76,47,102,1887.0,1890.0,0.0,0.0,0.02,Los Angeles,KCQT,2015,6,Jun,67.5,-2.5,False,False,0.0
2015-06-07,69,60,77,59,76,48,105,1887.0,1890.0,0.0,0.01,0.1,Los Angeles,KCQT,2015,6,Jun,67.5,1.5,False,False,-0.01
2015-06-08,73,60,85,59,76,49,99,1894.0,1890.0,0.0,0.0,0.02,Los Angeles,KCQT,2015,6,Jun,67.5,5.5,False,False,0.0
2015-06-09,74,62,86,59,77,50,94,1879.0,1979.0,0.01,0.01,0.32,Los Angeles,KCQT,2015,6,Jun,68.0,6.0,False,False,0.0
2015-06-10,68,62,73,60,77,46,102,1892.0,1979.0,0.0,0.0,0.22,Los Angeles,KCQT,2015,6,Jun,68.5,-0.5,False,False,0.0
2015-06-11,69,62,75,60,77,48,105,1892.0,1979.0,0.0,0.01,0.11,Los Angeles,KCQT,2015,6,Jun,68.5,0.5,False,False,-0.01
2015-06-12,68,63,72,60,77,47,100,1894.0,1979.0,0.0,0.0,0.63,Los Angeles,KCQT,2015,6,Jun,68.5,-0.5,False,False,0.0
2015-06-13,68,63,72,60,77,46,99,1894.0,1896.0,0.0,0.0,0.53,Los Angeles,KCQT,2015,6,Jun,68.5,-0.5,False,False,0.0
2015-06-14,70,63,77,60,78,49,100,1894.0,1917.0,0.0,0.01,0.01,Los Angeles,KCQT,2015,6,Jun,69.0,1.0,False,False,-0.01
2015-06-15,70,62,78,60,78,48,102,1892.0,1981.0,0.0,0.0,0.22,Los Angeles,KCQT,2015,6,Jun,69.0,1.0,False,False,0.0
2015-06-16,70,61,79,60,78,49,105,1895.0,1981.0,0.0,0.0,0.38,Los Angeles,KCQT,2015,6,Jun,69.0,1.0,False,False,0.0
2015-06-17,70,62,78,61,78,49,105,1885.0,1917.0,0.0,0.01,0.02,Los Angeles,KCQT,2015,6,Jun,69.5,0.5,False,False,-0.01
2015-06-18,72,62,81,61,79,47,104,1885.0,1957.0,0.0,0.0,0.11,Los Angeles,KCQT,2015,6,Jun,70.0,2.0,False,False,0.0
2015-06-19,70,58,82,61,79,48,101,1892.0,1973.0,0.0,0.0,0.01,Los Angeles,KCQT,2015,6,Jun,70.0,0.0,False,False,0.0
2015-06-20,74,63,85,61,79,48,106,1881.0,1973.0,0.0,0.0,0.05,Los Angeles,KCQT,2015,6,Jun,70.0,4.0,False,False,0.0
2015-06-21,73,64,82,61,79,50,105,1882.0,1973.0,0.0,0.0,0.07,Los Angeles,KCQT,2015,6,Jun,70.0,3.0,False,False,0.0
2015-06-22,73,62,83,61,80,51,97,1885.0,1949.0,0.0,0.0,0.05,Los Angeles,KCQT,2015,6,Jun,70.5,2.5,False,False,0.0
2015-06-23,74,63,84,61,80,49,97,1893.0,1976.0,0.0,0.0,0.03,Los Angeles,KCQT,2015,6,Jun,70.5,3.5,False,False,0.0
2015-06-24,73,63,83,62,80,50,102,1882.0,1976.0,0.0,0.0,0.01,Los Angeles,KCQT,2015,6,Jun,71.0,2.0,False,False,0.0
2015-06-25,72,62,81,62,80,49,98,1893.0,1883.0,0.0,0.01,0.0,Los Angeles,KCQT,2015,6,Jun,71.0,1.0,False,False,-0.01
2015-06-26,69,60,78,62,80,48,112,1894.0,1990.0,0.0,0.0,0.19,Los Angeles,KCQT,2015,6,Jun,71.0,-2.0,False,False,0.0
2015-06-27,70,62,77,62,81,49,109,1894.0,1990.0,0.0,0.0,0.39,Los Angeles,KCQT,2015,6,Jun,71.5,-1.5,False,False,0.0
2015-06-28,77,67,86,62,81,52,98,1887.0,1980.0,0.0,0.0,0.0,Los Angeles,KCQT,2015,6,Jun,71.5,5.5,False,False,0.0
2015-06-29,80,68,91,62,81,50,98,1893.0,1996.0,0.0,0.0,0.03,Los Angeles,KCQT,2015,6,Jun,71.5,8.5,False,False,0.0
2015-06-30,78,67,89,62,81,49,100,1894.0,1985.0,0.0,0.0,0.01,Los Angeles,KCQT,2015,6,Jun,71.5,6.5,False,False,0.0
2014-07-01,84,74,94,75,93,66,102,1985.0,1980.0,0.0,0.16,1.4,Houston,KHOU,2014,7,Jul,84.0,0.0,False,False,-0.16
2014-07-02,84,74,94,75,93,66,104,1924.0,1894.0,0.0,0.16,5.43,Houston,KHOU,2014,7,Jul,84.0,0.0,False,False,-0.16
2014-07-03,84,73,94,75,93,66,100,1977.0,1980.0,0.0,0.16,1.29,Houston,KHOU,2014,7,Jul,84.0,0.0,False,False,-0.16
2014-07-04,82,72,91,75,93,66,101,1910.0,2009.0,0.48,0.15,3.49,Houston,KHOU,2014,7,Jul,84.0,-2.0,False,False,0.32999999999999996
2014-07-05,82,73,90,75,93,66,102,1924.0,2009.0,0.31,0.16,3.04,Houston,KHOU,2014,7,Jul,84.0,-2.0,False,False,0.15
2014-07-06,81,72,89,75,93,63,101,1970.0,2005.0,0.01,0.15,1.73,Houston,KHOU,2014,7,Jul,84.0,-3.0,False,False,-0.13999999999999999
2014-07-07,84,74,93,75,93,62,100,1972.0,1980.0,0.08,0.15,2.32,Houston,KHOU,2014,7,Jul,84.0,0.0,False,False,-0.06999999999999999
2014-07-08,83,74,92,75,93,68,104,1892.0,1980.0,0.0,0.15,1.49,Houston,KHOU,2014,7,Jul,84.0,-1.0,False,False,-0.15
2014-07-09,85,74,95,75,93,64,102,1905.0,1980.0,0.0,0.14,2.39,Houston,KHOU,2014,7,Jul,84.0,1.0,False,False,-0.14
2014-07-10,83,73,93,75,93,65,101,1893.0,1980.0,0.0,0.14,1.75,Houston,KHOU,2014,7,Jul,84.0,-1.0,False,False,-0.14
2014-07-11,83,72,94,75,93,64,103,1905.0,1980.0,0.0,0.13,3.08,Houston,KHOU,2014,7,Jul,84.0,-1.0,False,False,-0.13
2014-07-12,84,74,94,75,93,65,104,1891.0,1980.0,0.0,0.12,5.19,Houston,KHOU,2014,7,Jul,84.0,0.0,False,False,-0.12
2014-07-13,87,77,96,75,94,66,102,1895.0,1980.0,0.0,0.13,5.4,Houston,KHOU,2014,7,Jul,84.5,2.5,False,False,-0.13
2014-07-14,86,76,96,75,94,62,103,1990.0,1980.0,0.0,0.12,2.94,Houston,KHOU,2014,7,Jul,84.5,1.5,False,False,-0.12
2014-07-15,82,75,89,75,94,64,103,1967.0,2000.0,0.06,0.12,4.32,Houston,KHOU,2014,7,Jul,84.5,-2.5,False,False,-0.06
2014-07-16,82,73,90,75,94,66,104,1895.0,1980.0,0.0,0.12,2.04,Houston,KHOU,2014,7,Jul,84.5,-2.5,False,False,-0.12
2014-07-17,83,76,89,75,94,67,104,1974.0,1980.0,0.39,0.1,2.23,Houston,KHOU,2014,7,Jul,84.5,-1.5,False,False,0.29000000000000004
2014-07-18,81,75,87,75,94,67,102,1974.0,1980.0,0.04,0.11,2.85,Houston,KHOU,2014,7,Jul,84.5,-3.5,False,False,-0.07
2014-07-19,79,72,85,75,94,68,102,1974.0,1980.0,0.0,0.11,1.51,Houston,KHOU,2014,7,Jul,84.5,-5.5,False,False,-0.11
2014-07-20,83,73,93,75,94,69,102,1970.0,2000.0,0.01,0.11,2.08,Houston,KHOU,2014,7,Jul,84.5,-1.5,False,False,-0.1
2014-07-21,87,77,96,75,94,65,101,1989.0,2000.0,0.0,0.1,1.09,Houston,KHOU,2014,7,Jul,84.5,2.5,False,False,-0.1
2014-07-22,87,77,96,75,94,67,101,1988.0,2000.0,0.0,0.1,2.78,Houston,KHOU,2014,7,Jul,84.5,2.5,False,False,-0.1
2014-07-23,86,76,95,75,94,64,101,1970.0,1980.0,0.07,0.11,2.36,Houston,KHOU,2014,7,Jul,84.5,1.5,False,False,-0.039999999999999994
2014-07-24,84,73,94,75,94,68,101,1972.0,1954.0,0.01,0.1,2.09,Houston,KHOU,2014,7,Jul,84.5,-0.5,False,False,-0.09000000000000001
2014-07-25,85,74,95,75,94,65,102,1894.0,1964.0,0.0,0.1,3.74,Houston,KHOU,2014,7,Jul,84.5,0.5,False,False,-0.1
2014-07-26,87,78,95,75,94,68,105,1972.0,1954.0,0.0,0.11,2.35,Houston,KHOU,2014,7,Jul,84.5,2.5,False,False,-0.11
2014-07-27,87,77,97,75,95,66,101,1902.0,1995.0,0.0,0.1,5.22,Houston,KHOU,2014,7,Jul,85.0,2.0,False,False,-0.1
2014-07-28,88,77,99,75,95,66,103,1891.0,1995.0,0.0,0.1,2.52,Houston,KHOU,2014,7,Jul,85.0,3.0,False,False,-0.1
2014-07-29,83,74,92,75,95,64,101,1994.0,1907.0,0.03,0.1,4.7,Houston,KHOU,2014,7,Jul,85.0,-2.0,False,False,-0.07
2014-07-30,83,72,94,75,95,68,102,1994.0,1914.0,0.0,0.09,2.11,Houston,KHOU,2014,7,Jul,85.0,-2.0,False,False,-0.09
2014-07-31,84,73,94,75,95,67,103,1936.0,1998.0,3.91,0.09,3.91,Houston,KHOU,2014,7,Jul,85.0,-1.0,False,False,3.8200000000000003
2014-08-01,80,73,87,75,95,67,103,1984.0,1998.0,0.01,0.1,2.1,Houston,KHOU,2014,8,Aug,85.0,-5.0,False,False,-0.09000000000000001
2014-08-02,77,71,82,75,95,68,104,1891.0,1998.0,0.0,0.1,1.65,Houston,KHOU,2014,8,Aug,85.0,-8.0,False,True,-0.1
2014-08-03,81,72,89,75,95,66,103,1949.0,1998.0,0.0,0.1,1.77,Houston,KHOU,2014,8,Aug,85.0,-4.0,False,False,-0.1
2014-08-04,83,73,92,75,95,63,102,1976.0,1951.0,0.0,0.11,2.94,Houston,KHOU,2014,8,Aug,85.0,-2.0,False,False,-0.11
2014-08-05,83,74,92,75,95,64,103,1976.0,1964.0,0.0,0.1,2.81,Houston,KHOU,2014,8,Aug,85.0,-2.0,False,False,-0.1
2014-08-06,85,75,94,75,95,64,101,1891.0,1947.0,0.0,0.11,1.2,Houston,KHOU,2014,8,Aug,85.0,0.0,False,False,-0.11
2014-08-07,87,79,95,75,95,63,104,1891.0,2003.0,0.0,0.11,2.61,Houston,KHOU,2014,8,Aug,85.0,2.0,False,False,-0.11
2014-08-08,87,77,97,75,95,68,104,1990.0,1962.0,0.1,0.1,1.66,Houston,KHOU,2014,8,Aug,85.0,2.0,False,False,0.0
2014-08-09,86,77,94,75,95,62,106,1989.0,1962.0,0.0,0.11,1.83,Houston,KHOU,2014,8,Aug,85.0,1.0,False,False,-0.11
2014-08-10,86,78,94,75,95,62,104,1989.0,1962.0,0.0,0.11,2.88,Houston,KHOU,2014,8,Aug,85.0,1.0,False,False,-0.11
2014-08-11,86,75,97,75,95,65,102,1989.0,2011.0,0.25,0.1,2.72,Houston,KHOU,2014,8,Aug,85.0,1.0,False,False,0.15
2014-08-12,87,76,97,75,95,64,105,1989.0,1962.0,0.0,0.11,1.41,Houston,KHOU,2014,8,Aug,85.0,2.0,False,False,-0.11
2014-08-13,84,73,94,75,95,64,104,2004.0,1962.0,0.0,0.11,1.82,Houston,KHOU,2014,8,Aug,85.0,-1.0,False,False,-0.11
2014-08-14,83,73,93,75,95,65,102,2004.0,2007.0,0.02,0.11,2.8,Houston,KHOU,2014,8,Aug,85.0,-2.0,False,False,-0.09
2014-08-15,86,75,96,75,95,61,101,2004.0,1994.0,0.0,0.11,2.74,Houston,KHOU,2014,8,Aug,85.0,1.0,False,False,-0.11
2014-08-16,89,80,98,75,95,63,102,2004.0,1925.0,0.0,0.12,3.95,Houston,KHOU,2014,8,Aug,85.0,4.0,False,False,-0.12
2014-08-17,88,78,97,75,95,60,104,1992.0,1909.0,0.0,0.12,3.57,Houston,KHOU,2014,8,Aug,85.0,3.0,False,False,-0.12
2014-08-18,86,76,96,75,95,62,108,1992.0,1909.0,0.0,0.13,6.69,Houston,KHOU,2014,8,Aug,85.0,1.0,False,False,-0.13
2014-08-19,85,76,94,75,95,69,107,2000.0,1909.0,0.0,0.13,1.85,Houston,KHOU,2014,8,Aug,85.0,0.0,False,False,-0.13
2014-08-20,85,74,96,75,95,65,107,1976.0,1909.0,0.01,0.13,1.8,Houston,KHOU,2014,8,Aug,85.0,0.0,False,False,-0.12000000000000001
2014-08-21,87,76,98,75,94,63,106,1940.0,1909.0,0.0,0.13,2.0,Houston,KHOU,2014,8,Aug,84.5,2.5,False,False,-0.13
2014-08-22,87,75,98,75,94,64,106,1976.0,1980.0,0.0,0.13,3.25,Houston,KHOU,2014,8,Aug,84.5,2.5,False,False,-0.13
2014-08-23,87,75,98,75,94,64,107,1973.0,1980.0,0.0,0.13,2.46,Houston,KHOU,2014,8,Aug,84.5,2.5,False,False,-0.13
2014-08-24,86,74,98,75,94,54,105,1891.0,1980.0,0.0,0.14,2.48,Houston,KHOU,2014,8,Aug,84.5,1.5,False,False,-0.14
2014-08-25,87,76,97,75,94,55,103,1891.0,1924.0,0.0,0.13,1.9,Houston,KHOU,2014,8,Aug,84.5,2.5,False,False,-0.13
2014-08-26,86,74,97,74,94,57,104,1891.0,2011.0,0.0,0.14,1.66,Houston,KHOU,2014,8,Aug,84.0,2.0,False,False,-0.14
2014-08-27,85,75,94,74,94,59,109,1891.0,2011.0,0.0,0.14,8.32,Houston,KHOU,2014,8,Aug,84.0,1.0,False,False,-0.14
2014-08-28,83,76,90,74,94,63,107,1992.0,2011.0,0.0,0.14,3.88,Houston,KHOU,2014,8,Aug,84.0,-1.0,False,False,-0.14
2014-08-29,83,75,91,74,93,61,107,1992.0,2011.0,0.02,0.15,2.89,Houston,KHOU,2014,8,Aug,83.5,-0.5,False,False,-0.13
2014-08-30,84,75,92,74,93,62,104,1986.0,2000.0,0.0,0.15,2.56,Houston,KHOU,2014,8,Aug,83.5,0.5,False,False,-0.15
2014-08-31,79,74,84,74,93,62,107,1893.0,2000.0,0.83,0.16,5.98,Houston,KHOU,2014,8,Aug,83.5,-4.5,False,False,0.6699999999999999
2014-09-01,84,74,93,74,93,63,107,1915.0,2000.0,0.36,0.15,2.22,Houston,KHOU,2014,9,Sep,83.5,0.5,False,False,0.21
2014-09-02,85,76,94,73,93,60,104,1893.0,2000.0,0.0,0.14,1.81,Houston,KHOU,2014,9,Sep,83.0,2.0,False,False,-0.14
2014-09-03,84,75,93,73,93,60,105,1987.0,2000.0,0.0,0.14,3.2,Houston,KHOU,2014,9,Sep,83.0,1.0,False,False,-0.14
2014-09-04,85,76,93,73,92,59,109,1974.0,2000.0,0.0,0.14,2.75,Houston,KHOU,2014,9,Sep,82.5,2.5,False,False,-0.14
2014-09-05,84,75,93,73,92,55,108,1891.0,2000.0,0.03,0.14,2.07,Houston,KHOU,2014,9,Sep,82.5,1.5,False,False,-0.11000000000000001
2014-09-06,85,75,95,73,92,56,99,1974.0,1909.0,0.16,0.14,2.9,Houston,KHOU,2014,9,Sep,82.5,2.5,False,False,0.01999999999999999
2014-09-07,84,73,95,72,92,59,98,1891.0,1963.0,0.42,0.15,4.55,Houston,KHOU,2014,9,Sep,82.0,2.0,True,False,0.27
2014-09-08,82,72,92,72,92,58,100,1988.0,1907.0,0.0,0.15,0.87,Houston,KHOU,2014,9,Sep,82.0,0.0,False,False,-0.15
2014-09-09,85,74,95,72,91,59,100,1988.0,1909.0,0.0,0.15,4.22,Houston,KHOU,2014,9,Sep,81.5,3.5,False,False,-0.15
2014-09-10,87,78,95,72,91,59,99,1988.0,1993.0,0.0,0.16,1.82,Houston,KHOU,2014,9,Sep,81.5,5.5,False,False,-0.16
2014-09-11,87,76,97,71,91,56,99,1907.0,1893.0,0.0,0.15,4.81,Houston,KHOU,2014,9,Sep,81.0,6.0,True,False,-0.15
2014-09-12,82,75,89,71,91,56,101,1907.0,1909.0,0.02,0.15,2.25,Houston,KHOU,2014,9,Sep,81.0,1.0,False,False,-0.13
2014-09-13,72,67,77,71,90,56,102,1907.0,2011.0,0.01,0.15,7.73,Houston,KHOU,2014,9,Sep,80.5,-8.5,False,False,-0.13999999999999999
2014-09-14,71,65,77,70,90,55,100,1940.0,2011.0,0.0,0.15,4.11,Houston,KHOU,2014,9,Sep,80.0,-9.0,False,False,-0.15
2014-09-15,80,68,92,70,90,55,98,1892.0,1980.0,0.0,0.14,3.23,Houston,KHOU,2014,9,Sep,80.0,0.0,False,False,-0.14
2014-09-16,83,75,91,70,90,53,98,1979.0,1995.0,0.12,0.13,1.72,Houston,KHOU,2014,9,Sep,80.0,3.0,False,False,-0.010000000000000009
2014-09-17,82,75,89,70,89,55,100,2000.0,1995.0,0.25,0.13,1.85,Houston,KHOU,2014,9,Sep,79.5,2.5,False,False,0.12
2014-09-18,77,73,81,69,89,54,99,2000.0,1927.0,2.31,0.13,2.53,Houston,KHOU,2014,9,Sep,79.0,-2.0,False,False,2.18
2014-09-19,79,73,84,69,89,51,97,1981.0,1995.0,0.2,0.12,6.92,Houston,KHOU,2014,9,Sep,79.0,0.0,False,False,0.08000000000000002
2014-09-20,81,73,89,69,89,54,99,1901.0,1999.0,0.0,0.13,7.66,Houston,KHOU,2014,9,Sep,79.0,2.0,False,False,-0.13
2014-09-21,82,73,91,68,88,53,100,1983.0,2005.0,0.0,0.13,3.07,Houston,KHOU,2014,9,Sep,78.0,4.0,False,False,-0.13
2014-09-22,83,72,93,68,88,49,100,1983.0,2005.0,0.0,0.12,3.14,Houston,KHOU,2014,9,Sep,78.0,5.0,False,False,-0.12
2014-09-23,74,64,84,68,88,49,96,1999.0,1993.0,0.0,0.13,2.37,Houston,KHOU,2014,9,Sep,78.0,-4.0,False,False,-0.13
2014-09-24,75,64,85,67,88,48,95,1975.0,2013.0,0.0,0.13,2.22,Houston,KHOU,2014,9,Sep,77.5,-2.5,False,False,-0.13
2014-09-25,74,68,80,67,87,50,99,1994.0,2005.0,0.0,0.13,3.05,Houston,KHOU,2014,9,Sep,77.0,-3.0,False,False,-0.13
2014-09-26,77,68,86,67,87,49,99,2000.0,2005.0,0.0,0.13,2.86,Houston,KHOU,2014,9,Sep,77.0,0.0,False,False,-0.13
2014-09-27,79,71,86,66,87,45,100,1942.0,2005.0,0.0,0.13,3.46,Houston,KHOU,2014,9,Sep,76.5,2.5,False,False,-0.13
2014-09-28,81,72,89,66,87,48,98,1909.0,1998.0,0.0,0.13,1.25,Houston,KHOU,2014,9,Sep,76.5,4.5,False,False,-0.13
2014-09-29,80,70,89,66,86,47,96,1908.0,2011.0,0.0,0.12,2.51,Houston,KHOU,2014,9,Sep,76.0,4.0,False,False,-0.12
2014-09-30,80,71,89,65,86,47,95,1890.0,1998.0,0.0,0.13,2.55,Houston,KHOU,2014,9,Sep,75.5,4.5,False,False,-0.13
2014-10-01,83,72,93,65,86,44,99,1984.0,1900.0,0.09,0.15,4.62,Houston,KHOU,2014,10,Oct,75.5,7.5,False,False,-0.06
2014-10-02,82,71,93,65,86,47,97,1984.0,1938.0,0.78,0.16,2.25,Houston,KHOU,2014,10,Oct,75.5,6.5,False,False,0.62
2014-10-03,74,63,84,65,85,45,95,1975.0,1994.0,0.32,0.17,3.24,Houston,KHOU,2014,10,Oct,75.0,-1.0,False,False,0.15
2014-10-04,68,59,77,64,85,43,95,1975.0,2002.0,0.0,0.17,3.6,Houston,KHOU,2014,10,Oct,74.5,-6.5,False,False,-0.17
2014-10-05,69,53,85,64,85,41,94,1975.0,2006.0,0.0,0.17,2.9,Houston,KHOU,2014,10,Oct,74.5,-5.5,False,False,-0.17
2014-10-06,75,65,84,64,85,44,94,1975.0,1928.0,0.69,0.17,4.42,Houston,KHOU,2014,10,Oct,74.5,0.5,False,False,0.5199999999999999
2014-10-07,78,65,90,63,84,46,95,1889.0,1956.0,0.0,0.17,5.76,Houston,KHOU,2014,10,Oct,73.5,4.5,False,False,-0.17
2014-10-08,80,69,90,63,84,42,96,1952.0,1962.0,0.06,0.17,2.07,Houston,KHOU,2014,10,Oct,73.5,6.5,False,False,-0.11000000000000001
2014-10-09,79,68,90,63,84,40,93,1976.0,1962.0,0.0,0.17,3.6,Houston,KHOU,2014,10,Oct,73.5,5.5,True,False,-0.17
2014-10-10,83,75,91,63,84,43,95,1908.0,1962.0,0.03,0.17,3.5,Houston,KHOU,2014,10,Oct,73.5,9.5,False,False,-0.14
2014-10-11,76,66,85,62,83,44,94,1990.0,1962.0,0.02,0.18,3.02,Houston,KHOU,2014,10,Oct,72.5,3.5,False,False,-0.16
2014-10-12,76,65,87,62,83,42,96,1977.0,1991.0,0.35,0.18,3.37,Houston,KHOU,2014,10,Oct,72.5,3.5,False,False,0.16999999999999998
2014-10-13,72,59,85,62,83,36,94,1977.0,1991.0,0.61,0.18,2.55,Houston,KHOU,2014,10,Oct,72.5,-0.5,False,False,0.43
2014-10-14,67,54,79,61,83,40,92,1977.0,1954.0,0.0,0.19,4.91,Houston,KHOU,2014,10,Oct,72.0,-5.0,False,False,-0.19
2014-10-15,68,51,84,61,82,40,92,1978.0,1947.0,0.0,0.2,4.87,Houston,KHOU,2014,10,Oct,71.5,-3.5,False,False,-0.2
2014-10-16,72,57,87,61,82,41,92,1893.0,1989.0,0.0,0.21,5.17,Houston,KHOU,2014,10,Oct,71.5,0.5,False,False,-0.21
2014-10-17,73,60,86,61,82,40,93,1977.0,1895.0,0.0,0.2,4.31,Houston,KHOU,2014,10,Oct,71.5,1.5,False,False,-0.2
2014-10-18,75,63,86,60,82,39,96,1978.0,1895.0,0.5,0.21,4.04,Houston,KHOU,2014,10,Oct,71.0,4.0,False,False,0.29000000000000004
2014-10-19,72,62,81,60,81,36,94,1989.0,2004.0,0.0,0.21,1.23,Houston,KHOU,2014,10,Oct,70.5,1.5,False,False,-0.21
2014-10-20,71,59,83,60,81,32,93,1989.0,2004.0,0.0,0.2,2.54,Houston,KHOU,2014,10,Oct,70.5,0.5,False,False,-0.2
2014-10-21,69,55,82,60,81,33,93,1976.0,2004.0,0.0,0.21,2.4,Houston,KHOU,2014,10,Oct,70.5,-1.5,False,False,-0.21
2014-10-22,72,61,82,59,80,41,91,1898.0,2004.0,0.0,0.2,3.7,Houston,KHOU,2014,10,Oct,69.5,2.5,False,False,-0.2
2014-10-23,69,58,80,59,80,40,91,1996.0,1988.0,0.0,0.2,3.79,Houston,KHOU,2014,10,Oct,69.5,-0.5,False,False,-0.2
2014-10-24,68,54,82,59,80,39,92,1908.0,1931.0,0.0,0.19,2.13,Houston,KHOU,2014,10,Oct,69.5,-1.5,False,False,-0.19
2014-10-25,70,55,85,59,80,39,91,1980.0,1950.0,0.0,0.2,9.25,Houston,KHOU,2014,10,Oct,69.5,0.5,False,False,-0.2
2014-10-26,71,56,85,58,79,39,92,1892.0,2010.0,0.0,0.2,2.43,Houston,KHOU,2014,10,Oct,68.5,2.5,False,False,-0.2
2014-10-27,72,58,86,58,79,36,94,1898.0,2010.0,0.0,0.18,2.72,Houston,KHOU,2014,10,Oct,68.5,3.5,False,False,-0.18
2014-10-28,73,60,86,58,79,36,90,1898.0,1991.0,0.0,0.18,8.04,Houston,KHOU,2014,10,Oct,68.5,4.5,False,False,-0.18
2014-10-29,73,61,84,57,78,39,90,1910.0,1991.0,0.0,0.18,2.45,Houston,KHOU,2014,10,Oct,67.5,5.5,False,False,-0.18
2014-10-30,67,55,79,57,78,33,89,1917.0,2004.0,0.0,0.17,5.3,Houston,KHOU,2014,10,Oct,67.5,-0.5,False,False,-0.17
2014-10-31,67,55,79,57,78,29,88,1993.0,2004.0,0.0,0.16,3.84,Houston,KHOU,2014,10,Oct,67.5,-0.5,False,False,-0.16
2014-11-01,55,45,65,57,77,35,89,1993.0,2010.0,0.0,0.15,6.25,Houston,KHOU,2014,11,Nov,67.0,-12.0,False,False,-0.15
2014-11-02,57,41,72,56,77,34,89,1991.0,1978.0,0.0,0.14,4.58,Houston,KHOU,2014,11,Nov,66.5,-9.5,False,False,-0.14
2014-11-03,67,53,80,56,77,30,87,1999.0,1992.0,0.0,0.15,3.09,Houston,KHOU,2014,11,Nov,66.5,0.5,False,False,-0.15
2014-11-04,72,62,82,56,76,28,89,1991.0,1988.0,0.0,0.16,3.2,Houston,KHOU,2014,11,Nov,66.0,6.0,False,False,-0.16
2014-11-05,69,64,74,55,76,31,88,1991.0,1963.0,1.12,0.16,5.22,Houston,KHOU,2014,11,Nov,65.5,3.5,False,False,0.9600000000000001
2014-11-06,62,58,66,55,76,36,88,1993.0,1963.0,0.17,0.15,1.67,Houston,KHOU,2014,11,Nov,65.5,-3.5,False,False,0.020000000000000018
2014-11-07,57,49,65,55,75,29,88,1993.0,2002.0,0.0,0.15,1.46,Houston,KHOU,2014,11,Nov,65.0,-8.0,False,False,-0.15
2014-11-08,63,50,75,55,75,34,89,1991.0,1989.0,0.0,0.15,1.47,Houston,KHOU,2014,11,Nov,65.0,-2.0,False,False,-0.15
2014-11-09,60,47,72,54,75,29,88,1991.0,1969.0,0.0,0.15,3.08,Houston,KHOU,2014,11,Nov,64.5,-4.5,False,False,-0.15
2014-11-10,63,45,80,54,74,30,88,1977.0,1988.0,0.0,0.15,2.85,Houston,KHOU,2014,11,Nov,64.0,-1.0,False,False,-0.15
2014-11-11,60,49,71,54,74,32,87,1977.0,1978.0,0.01,0.16,1.88,Houston,KHOU,2014,11,Nov,64.0,-4.0,False,False,-0.15
2014-11-12,51,43,58,53,74,32,85,1987.0,2003.0,0.0,0.15,4.68,Houston,KHOU,2014,11,Nov,63.5,-12.5,False,False,-0.15
2014-11-13,41,36,45,53,73,29,86,1907.0,2005.0,0.2,0.14,4.53,Houston,KHOU,2014,11,Nov,63.0,-22.0,False,False,0.06
2014-11-14,41,34,47,53,73,28,89,1969.0,1921.0,0.0,0.15,1.4,Houston,KHOU,2014,11,Nov,63.0,-22.0,False,False,-0.15
2014-11-15,48,43,53,52,73,25,88,1969.0,1978.0,0.3,0.14,2.8,Houston,KHOU,2014,11,Nov,62.5,-14.5,False,False,0.15999999999999998
2014-11-16,50,42,57,52,72,25,85,1970.0,1948.0,0.65,0.14,3.03,Houston,KHOU,2014,11,Nov,62.0,-12.0,False,False,0.51
2014-11-17,44,36,52,52,72,31,85,1997.0,2013.0,0.0,0.14,5.19,Houston,KHOU,2014,11,Nov,62.0,-18.0,False,False,-0.14
2014-11-18,44,32,55,51,72,28,84,1959.0,1973.0,0.0,0.14,3.36,Houston,KHOU,2014,11,Nov,61.5,-17.5,False,False,-0.14
2014-11-19,50,30,69,51,71,30,85,2014.0,1985.0,0.0,0.14,2.1,Houston,KHOU,2014,11,Nov,61.0,-11.0,False,True,-0.14
2014-11-20,61,46,76,51,71,27,84,1969.0,1977.0,0.04,0.13,1.85,Houston,KHOU,2014,11,Nov,61.0,0.0,False,False,-0.09
2014-11-21,64,61,66,50,71,29,84,1937.0,1999.0,0.57,0.14,1.54,Houston,KHOU,2014,11,Nov,60.5,3.5,False,False,0.42999999999999994
2014-11-22,63,58,68,50,70,30,87,1975.0,1973.0,0.11,0.13,3.09,Houston,KHOU,2014,11,Nov,60.0,3.0,False,False,-0.020000000000000004
2014-11-23,71,61,80,50,70,24,85,1975.0,1973.0,0.23,0.14,3.81,Houston,KHOU,2014,11,Nov,60.0,11.0,False,False,0.09
2014-11-24,56,45,66,49,70,26,84,1970.0,1910.0,0.0,0.13,3.35,Houston,KHOU,2014,11,Nov,59.5,-3.5,False,False,-0.13
2014-11-25,54,41,66,49,69,29,86,1950.0,1967.0,0.0,0.14,1.7,Houston,KHOU,2014,11,Nov,59.0,-5.0,False,False,-0.14
2014-11-26,58,43,73,49,69,27,86,1975.0,1967.0,0.0,0.14,3.17,Houston,KHOU,2014,11,Nov,59.0,-1.0,False,False,-0.14
2014-11-27,55,43,67,49,69,26,84,1975.0,1989.0,0.0,0.14,3.12,Houston,KHOU,2014,11,Nov,59.0,-4.0,False,False,-0.14
2014-11-28,55,39,71,48,68,26,83,1976.0,1977.0,0.0,0.14,1.82,Houston,KHOU,2014,11,Nov,58.0,-3.0,False,False,-0.14
2014-11-29,69,60,78,48,68,22,83,1976.0,2006.0,0.0,0.15,3.47,Houston,KHOU,2014,11,Nov,58.0,11.0,False,False,-0.15
2014-11-30,71,61,80,48,68,19,82,1976.0,1950.0,0.0,0.15,1.41,Houston,KHOU,2014,11,Nov,58.0,13.0,True,False,-0.15
2014-12-01,57,45,69,47,67,26,83,1979.0,2012.0,0.03,0.15,5.8,Houston,KHOU,2014,12,Dec,57.0,0.0,False,False,-0.12
2014-12-02,50,44,56,47,67,28,84,1979.0,2012.0,0.0,0.13,3.28,Houston,KHOU,2014,12,Dec,57.0,-7.0,False,False,-0.13
2014-12-03,59,52,66,47,67,25,85,1929.0,1995.0,0.0,0.14,2.5,Houston,KHOU,2014,12,Dec,57.0,2.0,False,False,-0.14
2014-12-04,63,53,72,47,67,27,83,1897.0,2012.0,0.0,0.13,1.96,Houston,KHOU,2014,12,Dec,57.0,6.0,False,False,-0.13
2014-12-05,72,65,79,46,66,26,83,2009.0,1998.0,0.07,0.13,2.02,Houston,KHOU,2014,12,Dec,56.0,16.0,False,False,-0.06
2014-12-06,65,58,71,46,66,20,82,1950.0,1951.0,0.0,0.13,3.08,Houston,KHOU,2014,12,Dec,56.0,9.0,False,False,-0.13
2014-12-07,57,54,59,46,66,24,84,1950.0,1998.0,0.0,0.13,4.95,Houston,KHOU,2014,12,Dec,56.0,1.0,False,False,-0.13
2014-12-08,57,46,67,46,66,25,83,1927.0,2007.0,0.0,0.13,1.95,Houston,KHOU,2014,12,Dec,56.0,1.0,False,False,-0.13
2014-12-09,57,43,70,45,65,25,82,1917.0,2007.0,0.0,0.13,1.69,Houston,KHOU,2014,12,Dec,55.0,2.0,False,False,-0.13
2014-12-10,56,42,69,45,65,20,83,1978.0,1939.0,0.0,0.12,4.41,Houston,KHOU,2014,12,Dec,55.0,1.0,False,False,-0.12
2014-12-11,64,56,72,45,65,26,83,1957.0,2007.0,0.02,0.12,2.85,Houston,KHOU,2014,12,Dec,55.0,9.0,False,False,-0.09999999999999999
2014-12-12,66,57,75,45,65,25,82,1989.0,1948.0,0.0,0.13,2.57,Houston,KHOU,2014,12,Dec,55.0,11.0,False,False,-0.13
2014-12-13,64,54,74,45,65,19,82,1989.0,1921.0,0.0,0.12,2.85,Houston,KHOU,2014,12,Dec,55.0,9.0,False,False,-0.12
2014-12-14,67,58,76,45,64,25,83,1985.0,1995.0,0.0,0.12,5.64,Houston,KHOU,2014,12,Dec,54.5,12.5,False,False,-0.12
2014-12-15,70,59,80,44,64,21,82,1901.0,1995.0,0.0,0.12,2.19,Houston,KHOU,2014,12,Dec,54.0,16.0,True,False,-0.12
2014-12-16,57,48,66,44,64,19,82,1989.0,1971.0,0.0,0.12,3.05,Houston,KHOU,2014,12,Dec,54.0,3.0,False,False,-0.12
2014-12-17,54,44,64,44,64,20,80,1932.0,1984.0,0.0,0.12,2.28,Houston,KHOU,2014,12,Dec,54.0,0.0,False,False,-0.12
2014-12-18,64,57,70,44,64,24,82,1996.0,1980.0,0.8,0.11,2.14,Houston,KHOU,2014,12,Dec,54.0,10.0,False,False,0.6900000000000001
2014-12-19,56,52,59,44,64,20,81,1929.0,1978.0,3.06,0.12,3.06,Houston,KHOU,2014,12,Dec,54.0,2.0,False,False,2.94
2014-12-20,52,50,54,44,63,21,81,1996.0,1951.0,0.0,0.12,2.02,Houston,KHOU,2014,12,Dec,53.5,-1.5,False,False,-0.12
2014-12-21,55,48,61,44,63,21,82,1973.0,2010.0,0.0,0.12,3.41,Houston,KHOU,2014,12,Dec,53.5,1.5,False,False,-0.12
2014-12-22,64,55,72,44,63,13,81,1989.0,1981.0,0.0,0.11,2.21,Houston,KHOU,2014,12,Dec,53.5,10.5,False,False,-0.11
2014-12-23,54,48,60,44,63,7,80,1989.0,1996.0,0.69,0.13,1.01,Houston,KHOU,2014,12,Dec,53.5,0.5,False,False,0.5599999999999999
2014-12-24,46,37,55,43,63,11,82,1989.0,1948.0,0.0,0.11,2.04,Houston,KHOU,2014,12,Dec,53.0,-7.0,False,False,-0.11
2014-12-25,50,34,66,43,63,11,82,1983.0,1964.0,0.0,0.12,2.09,Houston,KHOU,2014,12,Dec,53.0,-3.0,False,False,-0.12
2014-12-26,61,51,71,43,63,18,78,1983.0,2005.0,0.04,0.11,2.06,Houston,KHOU,2014,12,Dec,53.0,8.0,False,False,-0.07
2014-12-27,60,46,74,43,63,19,81,1892.0,1971.0,0.22,0.11,1.38,Houston,KHOU,2014,12,Dec,53.0,7.0,False,False,0.11
2014-12-28,44,41,46,43,63,15,80,1894.0,1996.0,0.67,0.11,2.7,Houston,KHOU,2014,12,Dec,53.0,-9.0,False,False,0.56
2014-12-29,44,39,48,43,63,15,81,1894.0,1984.0,0.0,0.1,2.15,Houston,KHOU,2014,12,Dec,53.0,-9.0,False,False,-0.1
2014-12-30,46,38,53,43,63,19,83,1983.0,1974.0,0.0,0.1,1.36,Houston,KHOU,2014,12,Dec,53.0,-7.0,False,False,-0.1
2014-12-31,42,37,46,43,63,18,82,1983.0,1974.0,0.0,0.1,3.35,Houston,KHOU,2014,12,Dec,53.0,-11.0,False,False,-0.1
2015-01-01,44,41,47,43,63,18,81,1928.0,2006.0,0.15,0.1,3.12,Houston,KHOU,2015,1,Jan,53.0,-9.0,False,False,0.04999999999999999
2015-01-02,51,47,54,43,63,16,81,1928.0,2000.0,0.63,0.1,2.26,Houston,KHOU,2015,1,Jan,53.0,-2.0,False,False,0.53
2015-01-03,47,41,53,43,62,16,83,1911.0,1989.0,0.63,0.1,3.44,Houston,KHOU,2015,1,Jan,52.5,-5.5,False,False,0.53
2015-01-04,46,36,56,43,62,18,79,1911.0,1997.0,0.0,0.11,2.23,Houston,KHOU,2015,1,Jan,52.5,-6.5,False,False,-0.11
2015-01-05,43,31,54,43,62,22,80,1972.0,1998.0,0.0,0.11,1.39,Houston,KHOU,2015,1,Jan,52.5,-9.5,False,False,-0.11
2015-01-06,50,34,65,43,62,22,80,1972.0,1989.0,0.0,0.11,3.7,Houston,KHOU,2015,1,Jan,52.5,-2.5,False,False,-0.11
2015-01-07,51,39,62,43,62,19,79,1970.0,1989.0,0.0,0.1,2.01,Houston,KHOU,2015,1,Jan,52.5,-1.5,False,False,-0.1
2015-01-08,35,28,42,43,62,19,79,1996.0,1957.0,0.01,0.11,5.89,Houston,KHOU,2015,1,Jan,52.5,-17.5,False,False,-0.1
2015-01-09,39,37,40,43,63,19,80,1976.0,1974.0,0.06,0.1,2.49,Houston,KHOU,2015,1,Jan,53.0,-14.0,False,False,-0.04000000000000001
2015-01-10,39,37,41,43,63,18,82,1977.0,1963.0,0.08,0.11,1.43,Houston,KHOU,2015,1,Jan,53.0,-14.0,False,False,-0.03
2015-01-11,44,39,49,43,63,12,81,1982.0,1995.0,0.66,0.1,2.78,Houston,KHOU,2015,1,Jan,53.0,-9.0,False,False,0.56
2015-01-12,46,43,49,43,63,11,81,1918.0,2000.0,0.0,0.11,2.27,Houston,KHOU,2015,1,Jan,53.0,-7.0,False,False,-0.11
2015-01-13,45,43,46,43,63,17,81,1912.0,2000.0,0.05,0.1,1.51,Houston,KHOU,2015,1,Jan,53.0,-8.0,False,False,-0.05
2015-01-14,42,39,45,43,63,19,82,1982.0,1971.0,0.0,0.11,1.45,Houston,KHOU,2015,1,Jan,53.0,-11.0,False,False,-0.11
2015-01-15,47,39,54,43,63,21,79,1892.0,1996.0,0.0,0.11,2.82,Houston,KHOU,2015,1,Jan,53.0,-6.0,False,False,-0.11
2015-01-16,47,33,61,43,63,22,81,1972.0,1936.0,0.0,0.11,2.6,Houston,KHOU,2015,1,Jan,53.0,-6.0,False,False,-0.11
2015-01-17,53,37,69,43,63,15,80,1930.0,1974.0,0.0,0.11,2.39,Houston,KHOU,2015,1,Jan,53.0,0.0,False,False,-0.11
2015-01-18,57,43,71,43,63,5,81,1930.0,2000.0,0.0,0.12,2.83,Houston,KHOU,2015,1,Jan,53.0,4.0,False,False,-0.12
2015-01-19,53,34,72,43,63,10,81,1940.0,2000.0,0.0,0.11,2.0,Houston,KHOU,2015,1,Jan,53.0,0.0,False,False,-0.11
2015-01-20,61,45,76,43,63,20,81,1985.0,2012.0,0.0,0.11,1.83,Houston,KHOU,2015,1,Jan,53.0,8.0,False,False,-0.11
2015-01-21,62,57,67,43,63,16,81,1985.0,1911.0,0.0,0.11,2.05,Houston,KHOU,2015,1,Jan,53.0,9.0,False,False,-0.11
2015-01-22,52,44,60,43,63,15,80,1930.0,1972.0,0.87,0.12,2.52,Houston,KHOU,2015,1,Jan,53.0,-1.0,False,False,0.75
2015-01-23,42,39,44,43,63,14,83,1940.0,1972.0,0.03,0.11,2.62,Houston,KHOU,2015,1,Jan,53.0,-11.0,False,False,-0.08
2015-01-24,49,35,62,43,63,18,82,1963.0,1971.0,0.0,0.11,1.94,Houston,KHOU,2015,1,Jan,53.0,-4.0,False,False,-0.11
2015-01-25,55,40,70,44,63,19,81,1894.0,1971.0,0.0,0.11,2.83,Houston,KHOU,2015,1,Jan,53.5,1.5,False,False,-0.11
2015-01-26,56,44,67,44,64,23,84,1943.0,1975.0,0.0,0.11,2.58,Houston,KHOU,2015,1,Jan,54.0,2.0,False,False,-0.11
2015-01-27,64,47,81,44,64,19,83,1897.0,1975.0,0.0,0.11,2.86,Houston,KHOU,2015,1,Jan,54.0,10.0,True,False,-0.11
2015-01-28,61,43,79,44,64,19,82,1897.0,1975.0,0.0,0.12,0.75,Houston,KHOU,2015,1,Jan,54.0,7.0,True,False,-0.12
2015-01-29,62,49,75,44,64,22,82,1897.0,1975.0,0.0,0.11,1.93,Houston,KHOU,2015,1,Jan,54.0,8.0,False,False,-0.11
2015-01-30,55,45,65,44,64,18,84,1949.0,1911.0,0.0,0.12,1.64,Houston,KHOU,2015,1,Jan,54.0,1.0,False,False,-0.12
2015-01-31,53,42,63,44,64,14,82,1949.0,1911.0,0.0,0.11,2.12,Houston,KHOU,2015,1,Jan,54.0,-1.0,False,False,-0.11
2015-02-01,63,48,77,44,64,15,82,1951.0,1989.0,0.01,0.12,3.69,Houston,KHOU,2015,2,Feb,54.0,9.0,False,False,-0.11
2015-02-02,43,36,50,44,64,14,83,1951.0,1911.0,0.0,0.11,1.7,Houston,KHOU,2015,2,Feb,54.0,-11.0,False,False,-0.11
2015-02-03,44,41,46,44,64,23,80,1951.0,2008.0,0.17,0.1,1.82,Houston,KHOU,2015,2,Feb,54.0,-10.0,False,False,0.07
2015-02-04,52,42,61,45,65,22,81,1996.0,1957.0,0.16,0.1,2.19,Houston,KHOU,2015,2,Feb,55.0,-3.0,False,False,0.06
2015-02-05,48,41,55,45,65,23,83,1996.0,1957.0,0.0,0.1,1.8,Houston,KHOU,2015,2,Feb,55.0,-7.0,False,False,-0.1
2015-02-06,49,41,56,45,65,24,81,1989.0,1969.0,0.0,0.11,1.09,Houston,KHOU,2015,2,Feb,55.0,-6.0,False,False,-0.11
2015-02-07,53,37,69,45,65,11,80,1895.0,1957.0,0.0,0.11,1.46,Houston,KHOU,2015,2,Feb,55.0,-2.0,False,False,-0.11
2015-02-08,66,54,77,45,65,10,82,1895.0,1932.0,0.0,0.11,1.84,Houston,KHOU,2015,2,Feb,55.0,11.0,False,False,-0.11
2015-02-09,69,54,83,45,65,15,86,1933.0,1962.0,0.0,0.11,2.0,Houston,KHOU,2015,2,Feb,55.0,14.0,True,False,-0.11
2015-02-10,59,43,74,46,65,22,85,1973.0,1957.0,0.0,0.12,2.22,Houston,KHOU,2015,2,Feb,55.5,3.5,False,False,-0.12
2015-02-11,60,44,75,46,66,20,82,1981.0,1999.0,0.0,0.11,1.88,Houston,KHOU,2015,2,Feb,56.0,4.0,False,False,-0.11
2015-02-12,56,46,66,46,66,6,84,1899.0,1922.0,0.0,0.12,2.7,Houston,KHOU,2015,2,Feb,56.0,0.0,False,False,-0.12
2015-02-13,53,39,66,46,66,6,83,1899.0,1962.0,0.0,0.11,2.99,Houston,KHOU,2015,2,Feb,56.0,-3.0,False,False,-0.11
2015-02-14,61,43,78,46,66,10,83,1899.0,1911.0,0.0,0.11,1.9,Houston,KHOU,2015,2,Feb,56.0,5.0,False,False,-0.11
2015-02-15,61,51,71,47,66,18,83,1905.0,2000.0,0.02,0.13,2.0,Houston,KHOU,2015,2,Feb,56.5,4.5,False,False,-0.11
2015-02-16,53,37,68,47,66,13,82,1895.0,1927.0,0.15,0.12,2.05,Houston,KHOU,2015,2,Feb,56.5,-3.5,False,False,0.03
2015-02-17,44,34,54,47,67,16,86,1895.0,1907.0,0.0,0.12,0.87,Houston,KHOU,2015,2,Feb,57.0,-13.0,False,False,-0.12
2015-02-18,49,33,64,47,67,19,87,1936.0,1986.0,0.0,0.13,2.09,Houston,KHOU,2015,2,Feb,57.0,-8.0,False,False,-0.13
2015-02-19,51,37,64,47,67,20,88,1900.0,1986.0,0.0,0.12,1.3,Houston,KHOU,2015,2,Feb,57.0,-6.0,False,False,-0.12
2015-02-20,61,52,69,48,67,25,91,1908.0,1986.0,0.01,0.12,2.6,Houston,KHOU,2015,2,Feb,57.5,3.5,False,False,-0.11
2015-02-21,70,65,75,48,67,24,89,1978.0,1996.0,0.0,0.12,1.98,Houston,KHOU,2015,2,Feb,57.5,12.5,False,False,-0.12
2015-02-22,63,45,80,48,68,21,90,1978.0,1996.0,0.0,0.12,1.96,Houston,KHOU,2015,2,Feb,58.0,5.0,False,False,-0.12
2015-02-23,40,34,46,48,68,27,88,1976.0,1996.0,0.02,0.11,1.6,Houston,KHOU,2015,2,Feb,58.0,-18.0,False,False,-0.09
2015-02-24,38,33,43,48,68,26,87,1914.0,1927.0,0.0,0.12,1.38,Houston,KHOU,2015,2,Feb,58.0,-20.0,False,False,-0.12
2015-02-25,42,33,50,49,68,26,85,1974.0,1918.0,0.1,0.1,2.1,Houston,KHOU,2015,2,Feb,58.5,-16.5,False,False,0.0
2015-02-26,43,31,55,49,69,26,86,1974.0,1986.0,0.0,0.12,1.51,Houston,KHOU,2015,2,Feb,59.0,-16.0,False,False,-0.12
2015-02-27,42,37,46,49,69,22,86,2002.0,1954.0,0.0,0.11,1.85,Houston,KHOU,2015,2,Feb,59.0,-17.0,False,False,-0.11
2015-02-28,47,37,57,49,69,28,90,2002.0,1940.0,0.02,0.12,1.44,Houston,KHOU,2015,2,Feb,59.0,-12.0,False,False,-0.09999999999999999
2015-03-01,54,49,59,50,69,28,84,1980.0,1975.0,0.22,0.11,3.32,Houston,KHOU,2015,3,Mar,59.5,-5.5,False,False,0.11
2015-03-02,54,48,60,50,70,22,91,1980.0,1909.0,0.01,0.12,1.55,Houston,KHOU,2015,3,Mar,60.0,-6.0,False,False,-0.11
2015-03-03,68,56,80,50,70,21,86,1943.0,1893.0,0.0,0.11,1.03,Houston,KHOU,2015,3,Mar,60.0,8.0,False,False,-0.11
2015-03-04,63,43,83,50,70,22,86,2002.0,1893.0,0.0,0.12,4.56,Houston,KHOU,2015,3,Mar,60.0,3.0,True,False,-0.12
2015-03-05,44,36,51,50,70,25,84,1989.0,1998.0,0.15,0.12,2.2,Houston,KHOU,2015,3,Mar,60.0,-16.0,False,False,0.03
2015-03-06,44,30,57,51,71,25,86,1989.0,1991.0,0.0,0.12,1.44,Houston,KHOU,2015,3,Mar,61.0,-17.0,False,False,-0.12
2015-03-07,48,35,60,51,71,28,90,1989.0,1911.0,0.0,0.12,1.58,Houston,KHOU,2015,3,Mar,61.0,-13.0,False,False,-0.12
2015-03-08,49,45,53,51,71,27,88,1971.0,1911.0,1.49,0.11,2.05,Houston,KHOU,2015,3,Mar,61.0,-12.0,False,False,1.38
2015-03-09,58,50,66,51,71,27,88,1932.0,2000.0,1.96,0.11,1.96,Houston,KHOU,2015,3,Mar,61.0,-3.0,False,False,1.8499999999999999
2015-03-10,57,53,60,51,72,27,89,1932.0,1980.0,0.0,0.11,3.23,Houston,KHOU,2015,3,Mar,61.5,-4.5,False,False,-0.11
2015-03-11,58,53,62,52,72,27,87,1948.0,1911.0,0.12,0.11,2.81,Houston,KHOU,2015,3,Mar,62.0,-4.0,False,False,0.009999999999999995
2015-03-12,59,55,62,52,72,24,89,1948.0,1904.0,0.33,0.11,4.28,Houston,KHOU,2015,3,Mar,62.0,-3.0,False,False,0.22000000000000003
2015-03-13,61,55,66,52,72,27,88,1932.0,1942.0,0.34,0.1,1.96,Houston,KHOU,2015,3,Mar,62.0,-1.0,False,False,0.24000000000000002
2015-03-14,64,51,77,52,73,29,88,1993.0,2008.0,0.0,0.11,1.82,Houston,KHOU,2015,3,Mar,62.5,1.5,False,False,-0.11
2015-03-15,64,55,73,52,73,32,89,1999.0,2008.0,0.0,0.11,2.06,Houston,KHOU,2015,3,Mar,62.5,1.5,False,False,-0.11
2015-03-16,67,57,77,53,73,34,87,1913.0,1908.0,0.0,0.11,2.83,Houston,KHOU,2015,3,Mar,63.0,4.0,False,False,-0.11
2015-03-17,70,58,82,53,73,30,88,1900.0,1908.0,0.0,0.1,2.57,Houston,KHOU,2015,3,Mar,63.0,7.0,False,False,-0.1
2015-03-18,74,65,82,53,74,27,90,1892.0,2013.0,0.11,0.1,1.6,Houston,KHOU,2015,3,Mar,63.5,10.5,False,False,0.009999999999999995
2015-03-19,73,66,79,53,74,27,89,1923.0,1908.0,0.49,0.09,4.2,Houston,KHOU,2015,3,Mar,63.5,9.5,False,False,0.4
2015-03-20,74,66,82,53,74,24,90,1923.0,1907.0,0.02,0.11,7.47,Houston,KHOU,2015,3,Mar,63.5,10.5,False,False,-0.09
2015-03-21,65,64,66,54,74,30,87,1996.0,1907.0,1.01,0.1,1.38,Houston,KHOU,2015,3,Mar,64.0,1.0,False,False,0.91
2015-03-22,68,60,76,54,75,32,89,1970.0,1916.0,0.0,0.12,2.01,Houston,KHOU,2015,3,Mar,64.5,3.5,False,False,-0.12
2015-03-23,68,55,80,54,75,35,89,1989.0,1929.0,0.0,0.11,2.27,Houston,KHOU,2015,3,Mar,64.5,3.5,False,False,-0.11
2015-03-24,67,53,80,54,75,32,87,1897.0,1907.0,0.0,0.11,1.46,Houston,KHOU,2015,3,Mar,64.5,2.5,False,False,-0.11
2015-03-25,68,56,80,54,75,36,93,2006.0,1928.0,0.0,0.12,7.36,Houston,KHOU,2015,3,Mar,64.5,3.5,False,False,-0.12
2015-03-26,62,54,69,55,75,30,94,1955.0,1928.0,0.09,0.12,2.23,Houston,KHOU,2015,3,Mar,65.0,-3.0,False,False,-0.03
2015-03-27,62,44,80,55,76,31,89,1955.0,1935.0,0.0,0.11,3.0,Houston,KHOU,2015,3,Mar,65.5,-3.5,False,False,-0.11
2015-03-28,65,47,82,55,76,33,89,1931.0,1972.0,0.0,0.11,1.99,Houston,KHOU,2015,3,Mar,65.5,-0.5,False,False,-0.11
2015-03-29,70,57,82,55,76,35,90,1894.0,1974.0,0.0,0.1,1.75,Houston,KHOU,2015,3,Mar,65.5,4.5,False,False,-0.1
2015-03-30,72,61,83,55,76,33,96,1987.0,1946.0,0.0,0.11,2.9,Houston,KHOU,2015,3,Mar,65.5,6.5,False,False,-0.11
2015-03-31,74,64,83,56,77,30,88,1987.0,1946.0,0.0,0.1,1.44,Houston,KHOU,2015,3,Mar,66.5,7.5,False,False,-0.1
2015-04-01,74,69,79,56,77,39,89,1987.0,1936.0,0.01,0.1,2.26,Houston,KHOU,2015,4,Apr,66.5,7.5,False,False,-0.09000000000000001
2015-04-02,77,69,84,56,77,38,89,1996.0,1939.0,0.0,0.1,4.75,Houston,KHOU,2015,4,Apr,66.5,10.5,False,False,-0.1
2015-04-03,77,71,82,56,77,31,87,1987.0,2006.0,0.0,0.1,3.09,Houston,KHOU,2015,4,Apr,66.5,10.5,False,False,-0.1
2015-04-04,67,61,73,56,77,34,88,1987.0,1897.0,0.0,0.1,3.35,Houston,KHOU,2015,4,Apr,66.5,0.5,False,False,-0.1
2015-04-05,62,57,67,57,78,38,91,1973.0,1982.0,0.02,0.1,2.61,Houston,KHOU,2015,4,Apr,67.5,-5.5,False,False,-0.08
2015-04-06,75,67,82,57,78,37,88,1970.0,1909.0,0.0,0.1,1.9,Houston,KHOU,2015,4,Apr,67.5,7.5,False,False,-0.1
2015-04-07,79,70,87,57,78,32,91,1971.0,1907.0,0.0,0.1,2.28,Houston,KHOU,2015,4,Apr,67.5,11.5,False,False,-0.1
2015-04-08,78,71,84,57,78,35,92,1971.0,1986.0,0.0,0.1,3.26,Houston,KHOU,2015,4,Apr,67.5,10.5,False,False,-0.1
2015-04-09,78,70,86,58,78,36,92,1973.0,1963.0,0.0,0.1,2.68,Houston,KHOU,2015,4,Apr,68.0,10.0,False,False,-0.1
2015-04-10,68,61,74,58,79,31,92,1973.0,1963.0,1.74,0.11,2.57,Houston,KHOU,2015,4,Apr,68.5,-0.5,False,False,1.63
2015-04-11,70,63,77,58,79,38,89,1989.0,1934.0,0.13,0.1,1.67,Houston,KHOU,2015,4,Apr,68.5,1.5,False,False,0.03
2015-04-12,74,68,80,58,79,41,89,1900.0,1981.0,0.14,0.1,4.04,Houston,KHOU,2015,4,Apr,68.5,5.5,False,False,0.04000000000000001
2015-04-13,79,71,86,59,79,39,92,1940.0,1996.0,0.32,0.1,6.43,Houston,KHOU,2015,4,Apr,69.0,10.0,False,False,0.22
2015-04-14,70,64,76,59,79,39,89,1980.0,1996.0,0.12,0.11,3.52,Houston,KHOU,2015,4,Apr,69.0,1.0,False,False,0.009999999999999995
2015-04-15,71,60,81,59,80,38,90,1928.0,1944.0,0.0,0.1,3.05,Houston,KHOU,2015,4,Apr,69.5,1.5,False,False,-0.1
2015-04-16,74,65,82,59,80,38,92,1983.0,1987.0,1.66,0.11,4.7,Houston,KHOU,2015,4,Apr,69.5,4.5,False,False,1.5499999999999998
2015-04-17,74,64,83,60,80,38,92,1999.0,2006.0,1.1,0.11,1.9,Houston,KHOU,2015,4,Apr,70.0,4.0,False,False,0.9900000000000001
2015-04-18,72,66,78,60,80,42,94,1999.0,1987.0,0.09,0.11,8.16,Houston,KHOU,2015,4,Apr,70.0,2.0,False,False,-0.020000000000000004
2015-04-19,72,58,86,60,80,40,92,1901.0,1987.0,0.54,0.11,2.77,Houston,KHOU,2015,4,Apr,70.0,2.0,False,False,0.43000000000000005
2015-04-20,67,59,74,61,81,39,93,2013.0,1987.0,0.0,0.11,2.7,Houston,KHOU,2015,4,Apr,71.0,-4.0,False,False,-0.11
2015-04-21,68,56,79,61,81,42,90,1978.0,1987.0,0.0,0.12,3.76,Houston,KHOU,2015,4,Apr,71.0,-3.0,False,False,-0.12
2015-04-22,76,67,84,61,81,43,90,1993.0,2009.0,0.0,0.12,1.5,Houston,KHOU,2015,4,Apr,71.0,5.0,False,False,-0.12
2015-04-23,79,69,88,61,81,44,91,1998.0,1999.0,0.0,0.11,2.4,Houston,KHOU,2015,4,Apr,71.0,8.0,True,False,-0.11
2015-04-24,78,71,85,62,81,46,92,1995.0,1894.0,0.0,0.12,2.24,Houston,KHOU,2015,4,Apr,71.5,6.5,False,False,-0.12
2015-04-25,78,67,88,62,82,41,90,1910.0,1987.0,0.21,0.13,2.5,Houston,KHOU,2015,4,Apr,72.0,6.0,True,False,0.07999999999999999
2015-04-26,76,67,85,62,82,46,91,1978.0,1988.0,0.0,0.12,3.52,Houston,KHOU,2015,4,Apr,72.0,4.0,False,False,-0.12
2015-04-27,72,66,78,63,82,47,93,1978.0,1933.0,0.02,0.13,2.72,Houston,KHOU,2015,4,Apr,72.5,-0.5,False,False,-0.11
2015-04-28,64,56,71,63,82,47,95,1978.0,1987.0,0.0,0.12,3.76,Houston,KHOU,2015,4,Apr,72.5,-8.5,False,False,-0.12
2015-04-29,65,52,78,63,82,46,92,2008.0,1987.0,0.0,0.13,2.86,Houston,KHOU,2015,4,Apr,72.5,-7.5,False,False,-0.13
2015-04-30,68,53,82,64,83,42,92,1908.0,1981.0,0.0,0.14,3.2,Houston,KHOU,2015,4,Apr,73.5,-5.5,False,False,-0.14
2015-05-01,71,57,84,64,83,45,94,1908.0,1947.0,0.0,0.15,4.11,Houston,KHOU,2015,5,May,73.5,-2.5,False,False,-0.15
2015-05-02,70,57,83,64,83,45,96,1976.0,1964.0,0.0,0.15,3.48,Houston,KHOU,2015,5,May,73.5,-3.5,False,False,-0.15
2015-05-03,70,57,83,64,83,47,93,1978.0,1890.0,0.0,0.16,5.1,Houston,KHOU,2015,5,May,73.5,-3.5,False,False,-0.16
2015-05-04,73,61,84,65,84,42,94,2013.0,1890.0,0.0,0.16,1.72,Houston,KHOU,2015,5,May,74.5,-1.5,False,False,-0.16
2015-05-05,73,63,82,65,84,49,94,1970.0,1906.0,0.13,0.17,3.6,Houston,KHOU,2015,5,May,74.5,-1.5,False,False,-0.04000000000000001
2015-05-06,78,73,83,65,84,49,94,2013.0,1906.0,0.41,0.17,5.0,Houston,KHOU,2015,5,May,74.5,3.5,False,False,0.23999999999999996
2015-05-07,80,74,85,65,84,47,94,1891.0,1998.0,0.0,0.17,2.61,Houston,KHOU,2015,5,May,74.5,5.5,False,False,-0.17
2015-05-08,81,77,85,66,85,45,96,1892.0,1967.0,0.0,0.17,2.34,Houston,KHOU,2015,5,May,75.5,5.5,False,False,-0.17
2015-05-09,82,76,87,66,85,46,94,1984.0,1998.0,0.0,0.17,2.42,Houston,KHOU,2015,5,May,75.5,6.5,False,False,-0.17
2015-05-10,82,77,87,66,85,51,94,1984.0,1927.0,0.03,0.17,5.89,Houston,KHOU,2015,5,May,75.5,6.5,False,False,-0.14
2015-05-11,75,69,80,67,85,47,94,1981.0,1890.0,0.28,0.17,2.16,Houston,KHOU,2015,5,May,76.0,-1.0,False,False,0.11000000000000001
2015-05-12,74,69,79,67,85,50,92,1895.0,1967.0,0.56,0.16,5.27,Houston,KHOU,2015,5,May,76.0,-2.0,False,False,0.4
2015-05-13,75,68,81,67,86,50,94,1895.0,1907.0,1.55,0.16,3.44,Houston,KHOU,2015,5,May,76.5,-1.5,False,False,1.3900000000000001
2015-05-14,80,72,87,67,86,47,93,1971.0,1995.0,0.05,0.16,2.44,Houston,KHOU,2015,5,May,76.5,3.5,False,False,-0.11
2015-05-15,79,73,84,68,86,49,92,1890.0,2003.0,0.15,0.18,4.64,Houston,KHOU,2015,5,May,77.0,2.0,False,False,-0.03
2015-05-16,81,73,89,68,86,47,93,1973.0,2003.0,0.0,0.17,2.8,Houston,KHOU,2015,5,May,77.0,4.0,False,False,-0.17
2015-05-17,78,71,85,68,87,52,95,1970.0,1894.0,0.98,0.17,4.2,Houston,KHOU,2015,5,May,77.5,0.5,False,False,0.8099999999999999
2015-05-18,80,73,86,68,87,50,95,1976.0,1890.0,0.24,0.15,6.16,Houston,KHOU,2015,5,May,77.5,2.5,False,False,0.09
2015-05-19,80,73,86,68,87,50,95,1976.0,2003.0,0.02,0.16,6.87,Houston,KHOU,2015,5,May,77.5,2.5,False,False,-0.14
2015-05-20,81,73,89,69,87,48,95,1894.0,2008.0,0.31,0.16,4.17,Houston,KHOU,2015,5,May,78.0,3.0,False,False,0.15
2015-05-21,77,71,82,69,88,53,96,1892.0,2005.0,1.08,0.15,5.45,Houston,KHOU,2015,5,May,78.5,-1.5,False,False,0.93
2015-05-22,72,65,79,69,88,48,96,1892.0,2005.0,0.0,0.16,3.1,Houston,KHOU,2015,5,May,78.5,-6.5,False,False,-0.16
2015-05-23,79,73,85,69,88,45,95,1892.0,1996.0,0.72,0.16,3.99,Houston,KHOU,2015,5,May,78.5,0.5,False,False,0.5599999999999999
2015-05-24,75,69,81,70,88,54,95,1892.0,1955.0,0.56,0.16,3.96,Houston,KHOU,2015,5,May,79.0,-4.0,False,False,0.4
2015-05-25,77,66,88,70,88,56,95,1979.0,1927.0,4.34,0.16,4.34,Houston,KHOU,2015,5,May,79.0,-2.0,False,False,4.18
2015-05-26,76,66,85,70,89,57,98,1979.0,2011.0,0.77,0.17,2.91,Houston,KHOU,2015,5,May,79.5,-3.5,False,False,0.6
2015-05-27,76,65,86,70,89,50,98,1901.0,1928.0,1.41,0.17,3.99,Houston,KHOU,2015,5,May,79.5,-3.5,False,False,1.24
2015-05-28,80,70,90,70,89,54,98,1901.0,1906.0,0.0,0.17,2.83,Houston,KHOU,2015,5,May,79.5,0.5,False,False,-0.17
2015-05-29,80,70,89,71,89,58,99,1984.0,1996.0,0.01,0.17,4.33,Houston,KHOU,2015,5,May,80.0,0.0,False,False,-0.16
2015-05-30,80,69,91,71,89,53,97,1984.0,1998.0,0.57,0.17,5.01,Houston,KHOU,2015,5,May,80.0,0.0,False,False,0.3999999999999999
2015-05-31,78,69,87,71,90,50,98,1889.0,1998.0,0.0,0.17,3.45,Houston,KHOU,2015,5,May,80.5,-2.5,False,False,-0.17
2015-06-01,78,66,89,71,90,53,98,1984.0,1998.0,0.0,0.18,1.32,Houston,KHOU,2015,6,Jun,80.5,-2.5,False,False,-0.18
2015-06-02,79,68,90,71,90,55,100,1892.0,2011.0,0.0,0.17,4.03,Houston,KHOU,2015,6,Jun,80.5,-1.5,False,False,-0.17
2015-06-03,80,69,91,72,90,52,98,1970.0,1960.0,0.0,0.18,3.27,Houston,KHOU,2015,6,Jun,81.0,-1.0,False,False,-0.18
2015-06-04,80,69,90,72,90,59,98,1970.0,2011.0,0.0,0.17,3.72,Houston,KHOU,2015,6,Jun,81.0,-1.0,False,False,-0.17
2015-06-05,82,72,92,72,90,56,105,1970.0,2011.0,0.0,0.18,5.33,Houston,KHOU,2015,6,Jun,81.0,1.0,False,False,-0.18
2015-06-06,83,72,93,72,91,57,105,1970.0,2011.0,0.0,0.18,2.66,Houston,KHOU,2015,6,Jun,81.5,1.5,False,False,-0.18
2015-06-07,83,72,93,72,91,58,99,1970.0,1903.0,0.0,0.18,2.29,Houston,KHOU,2015,6,Jun,81.5,1.5,False,False,-0.18
2015-06-08,83,72,93,72,91,60,99,1977.0,1980.0,0.0,0.19,8.13,Houston,KHOU,2015,6,Jun,81.5,1.5,False,False,-0.19
2015-06-09,84,74,93,73,91,56,97,1996.0,1956.0,0.0,0.19,2.92,Houston,KHOU,2015,6,Jun,82.0,2.0,False,False,-0.19
2015-06-10,84,74,94,73,91,57,100,1955.0,1902.0,0.0,0.19,2.92,Houston,KHOU,2015,6,Jun,82.0,2.0,False,False,-0.19
2015-06-11,84,73,94,73,91,61,101,1976.0,1902.0,0.01,0.21,5.63,Houston,KHOU,2015,6,Jun,82.0,2.0,False,False,-0.19999999999999998
2015-06-12,83,74,92,73,91,55,101,1979.0,1978.0,0.0,0.22,3.05,Houston,KHOU,2015,6,Jun,82.0,1.0,False,False,-0.22
2015-06-13,80,74,86,73,91,57,101,1979.0,1911.0,0.35,0.21,3.58,Houston,KHOU,2015,6,Jun,82.0,-2.0,False,False,0.13999999999999999
2015-06-14,81,74,88,73,91,55,102,1903.0,1998.0,0.52,0.21,3.81,Houston,KHOU,2015,6,Jun,82.0,-1.0,False,False,0.31000000000000005
2015-06-15,83,75,90,73,92,55,100,1903.0,2011.0,0.14,0.21,5.68,Houston,KHOU,2015,6,Jun,82.5,0.5,False,False,-0.06999999999999998
2015-06-16,78,75,80,74,92,57,100,1989.0,1963.0,2.26,0.21,2.71,Houston,KHOU,2015,6,Jun,83.0,-5.0,False,False,2.05
2015-06-17,80,76,84,74,92,62,100,1989.0,1902.0,0.7,0.21,1.51,Houston,KHOU,2015,6,Jun,83.0,-3.0,False,False,0.49
2015-06-18,81,76,86,74,92,64,103,1969.0,1918.0,0.0,0.22,3.29,Houston,KHOU,2015,6,Jun,83.0,-2.0,False,False,-0.22
2015-06-19,83,76,90,74,92,64,101,1912.0,1934.0,0.0,0.22,4.43,Houston,KHOU,2015,6,Jun,83.0,0.0,False,False,-0.22
2015-06-20,84,77,90,74,92,62,101,1976.0,1902.0,0.2,0.21,1.99,Houston,KHOU,2015,6,Jun,83.0,1.0,False,False,-0.009999999999999981
2015-06-21,86,78,93,74,92,59,100,1976.0,1998.0,0.0,0.21,2.04,Houston,KHOU,2015,6,Jun,83.0,3.0,False,False,-0.21
2015-06-22,84,76,92,74,92,66,101,1912.0,1933.0,0.0,0.22,3.13,Houston,KHOU,2015,6,Jun,83.0,1.0,False,False,-0.22
2015-06-23,84,76,92,74,92,60,101,1904.0,2009.0,0.0,0.2,2.22,Houston,KHOU,2015,6,Jun,83.0,1.0,False,False,-0.2
2015-06-24,84,74,93,74,92,61,104,1904.0,2009.0,0.0,0.21,4.47,Houston,KHOU,2015,6,Jun,83.0,1.0,False,False,-0.21
2015-06-25,85,75,94,75,92,60,102,1974.0,2009.0,0.0,0.2,2.82,Houston,KHOU,2015,6,Jun,83.5,1.5,False,False,-0.2
2015-06-26,86,77,94,75,92,59,105,1974.0,2012.0,0.13,0.19,10.34,Houston,KHOU,2015,6,Jun,83.5,2.5,False,False,-0.06
2015-06-27,83,73,93,75,92,57,102,1974.0,1980.0,2.38,0.19,2.5,Houston,KHOU,2015,6,Jun,83.5,-0.5,False,False,2.19
2015-06-28,82,73,90,75,93,59,102,1974.0,2009.0,2.24,0.19,2.98,Houston,KHOU,2015,6,Jun,84.0,-2.0,False,False,2.0500000000000003
2015-06-29,84,76,92,75,93,59,107,1974.0,2013.0,0.0,0.19,2.5,Houston,KHOU,2015,6,Jun,84.0,0.0,False,False,-0.19
2015-06-30,82,72,92,75,93,61,103,1985.0,1980.0,2.26,0.19,2.26,Houston,KHOU,2015,6,Jun,84.0,-2.0,False,False,2.07
2014-07-01,76,66,86,66,85,48,97,1885.0,1970.0,0.13,0.16,5.09,Indianapolis,KIND,2014,7,Jul,75.5,0.5,False,False,-0.03
2014-07-02,71,63,79,66,85,50,99,1904.0,1970.0,0.0,0.16,4.5,Indianapolis,KIND,2014,7,Jul,75.5,-4.5,False,False,-0.16
2014-07-03,67,60,73,66,85,49,100,1968.0,1911.0,0.0,0.15,1.89,Indianapolis,KIND,2014,7,Jul,75.5,-8.5,False,False,-0.15
2014-07-04,67,54,79,66,85,48,103,1968.0,1911.0,0.0,0.15,2.4,Indianapolis,KIND,2014,7,Jul,75.5,-8.5,False,False,-0.15
2014-07-05,69,59,79,66,85,49,103,1972.0,2012.0,0.0,0.16,3.27,Indianapolis,KIND,2014,7,Jul,75.5,-6.5,False,False,-0.16
2014-07-06,74,64,83,66,85,48,105,2001.0,2012.0,0.03,0.15,1.64,Indianapolis,KIND,2014,7,Jul,75.5,-1.5,False,False,-0.12
2014-07-07,74,68,79,66,85,54,105,1894.0,2012.0,0.0,0.16,4.43,Indianapolis,KIND,2014,7,Jul,75.5,-1.5,False,False,-0.16
2014-07-08,74,67,81,66,85,51,104,1984.0,1936.0,0.32,0.16,2.6,Indianapolis,KIND,2014,7,Jul,75.5,-1.5,False,False,0.16
2014-07-09,72,62,81,66,85,52,103,1952.0,1936.0,0.0,0.16,2.49,Indianapolis,KIND,2014,7,Jul,75.5,-3.5,False,False,-0.16
2014-07-10,71,61,80,66,85,50,105,1963.0,1936.0,0.0,0.16,1.52,Indianapolis,KIND,2014,7,Jul,75.5,-4.5,False,False,-0.16
2014-07-11,71,60,81,66,85,52,104,1945.0,1936.0,0.0,0.16,2.49,Indianapolis,KIND,2014,7,Jul,75.5,-4.5,False,False,-0.16
2014-07-12,74,67,80,66,85,53,103,1975.0,1936.0,0.07,0.16,2.7,Indianapolis,KIND,2014,7,Jul,75.5,-1.5,False,False,-0.09
2014-07-13,78,72,84,66,85,49,103,1976.0,1936.0,0.0,0.17,2.78,Indianapolis,KIND,2014,7,Jul,75.5,2.5,False,False,-0.17
2014-07-14,75,65,85,66,85,48,106,1975.0,1936.0,0.39,0.16,2.96,Indianapolis,KIND,2014,7,Jul,75.5,-0.5,False,False,0.23
2014-07-15,64,56,71,66,85,51,103,1967.0,1988.0,0.0,0.17,2.05,Indianapolis,KIND,2014,7,Jul,75.5,-11.5,False,False,-0.17
2014-07-16,63,53,72,66,85,49,98,1945.0,1988.0,0.0,0.15,2.32,Indianapolis,KIND,2014,7,Jul,75.5,-12.5,False,False,-0.15
2014-07-17,65,53,77,66,85,51,101,1976.0,2012.0,0.0,0.15,3.71,Indianapolis,KIND,2014,7,Jul,75.5,-10.5,False,True,-0.15
2014-07-18,68,57,78,66,85,51,100,1976.0,1954.0,0.0,0.15,2.61,Indianapolis,KIND,2014,7,Jul,75.5,-7.5,False,False,-0.15
2014-07-19,68,58,77,66,85,50,98,1984.0,1930.0,0.0,0.14,1.31,Indianapolis,KIND,2014,7,Jul,75.5,-7.5,False,False,-0.14
2014-07-20,71,60,81,66,85,49,103,1947.0,1934.0,0.0,0.13,4.0,Indianapolis,KIND,2014,7,Jul,75.5,-4.5,False,False,-0.13
2014-07-21,74,62,85,66,85,46,106,1944.0,1934.0,0.0,0.14,1.89,Indianapolis,KIND,2014,7,Jul,75.5,-1.5,False,False,-0.14
2014-07-22,78,67,88,66,85,49,106,1947.0,1901.0,0.0,0.14,1.82,Indianapolis,KIND,2014,7,Jul,75.5,2.5,False,False,-0.14
2014-07-23,69,62,76,66,85,46,102,1947.0,1934.0,1.61,0.14,1.61,Indianapolis,KIND,2014,7,Jul,75.5,-6.5,False,False,1.4700000000000002
2014-07-24,67,58,76,66,85,52,105,1947.0,1934.0,0.0,0.14,1.98,Indianapolis,KIND,2014,7,Jul,75.5,-8.5,False,False,-0.14
2014-07-25,65,56,74,66,85,51,105,1911.0,1934.0,0.0,0.13,2.61,Indianapolis,KIND,2014,7,Jul,75.5,-10.5,False,False,-0.13
2014-07-26,75,67,82,66,85,51,98,1911.0,1941.0,0.1,0.13,2.41,Indianapolis,KIND,2014,7,Jul,75.5,-0.5,False,False,-0.03
2014-07-27,76,66,85,66,85,51,100,1962.0,1916.0,0.22,0.12,1.86,Indianapolis,KIND,2014,7,Jul,75.5,0.5,False,False,0.1
2014-07-28,65,57,73,66,85,51,101,2013.0,1930.0,0.0,0.12,2.95,Indianapolis,KIND,2014,7,Jul,75.5,-10.5,False,False,-0.12
2014-07-29,64,52,75,66,85,51,100,1881.0,1941.0,0.21,0.13,0.8,Indianapolis,KIND,2014,7,Jul,75.5,-11.5,False,True,0.07999999999999999
2014-07-30,68,57,78,66,84,51,103,1965.0,1940.0,0.02,0.13,1.63,Indianapolis,KIND,2014,7,Jul,75.0,-7.0,False,False,-0.11
2014-07-31,70,59,80,66,84,49,98,1895.0,1913.0,0.0,0.12,2.84,Indianapolis,KIND,2014,7,Jul,75.0,-5.0,False,False,-0.12
2014-08-01,72,61,82,65,84,53,97,1971.0,1887.0,0.01,0.11,2.86,Indianapolis,KIND,2014,8,Aug,74.5,-2.5,False,False,-0.1
2014-08-02,73,63,82,65,84,52,98,1927.0,1888.0,0.0,0.11,2.53,Indianapolis,KIND,2014,8,Aug,74.5,-1.5,False,False,-0.11
2014-08-03,73,61,84,65,84,50,98,1965.0,1897.0,0.0,0.11,1.72,Indianapolis,KIND,2014,8,Aug,74.5,-1.5,False,False,-0.11
2014-08-04,74,62,85,65,84,49,99,1912.0,1887.0,0.0,0.1,3.81,Indianapolis,KIND,2014,8,Aug,74.5,-0.5,False,False,-0.1
2014-08-05,73,65,81,65,84,51,103,1974.0,1918.0,0.0,0.1,1.65,Indianapolis,KIND,2014,8,Aug,74.5,-1.5,False,False,-0.1
2014-08-06,71,63,79,65,84,50,99,1994.0,1918.0,0.0,0.11,4.46,Indianapolis,KIND,2014,8,Aug,74.5,-3.5,False,False,-0.11
2014-08-07,71,64,78,65,84,49,98,1989.0,1930.0,0.0,0.1,1.08,Indianapolis,KIND,2014,8,Aug,74.5,-3.5,False,False,-0.1
2014-08-08,70,65,74,65,84,48,98,1989.0,2012.0,0.03,0.09,1.51,Indianapolis,KIND,2014,8,Aug,74.5,-4.5,False,False,-0.06
2014-08-09,76,68,83,65,84,50,99,1884.0,1930.0,0.0,0.1,2.36,Indianapolis,KIND,2014,8,Aug,74.5,1.5,False,False,-0.1
2014-08-10,77,70,84,65,84,50,99,1972.0,1911.0,0.13,0.1,1.25,Indianapolis,KIND,2014,8,Aug,74.5,2.5,False,False,0.03
2014-08-11,75,68,82,65,84,52,99,1967.0,1941.0,0.1,0.09,2.07,Indianapolis,KIND,2014,8,Aug,74.5,0.5,False,False,0.010000000000000009
2014-08-12,65,58,71,65,84,47,101,2004.0,1881.0,0.0,0.1,1.93,Indianapolis,KIND,2014,8,Aug,74.5,-9.5,False,False,-0.1
2014-08-13,67,55,79,65,84,48,98,1964.0,1936.0,0.0,0.09,3.08,Indianapolis,KIND,2014,8,Aug,74.5,-7.5,False,False,-0.09
2014-08-14,70,59,81,65,84,48,95,1964.0,1871.0,0.0,0.09,2.72,Indianapolis,KIND,2014,8,Aug,74.5,-4.5,False,False,-0.09
2014-08-15,63,49,77,65,84,45,96,1979.0,2010.0,0.0,0.1,2.26,Indianapolis,KIND,2014,8,Aug,74.5,-11.5,False,False,-0.1
2014-08-16,67,59,75,65,84,50,102,1979.0,1988.0,0.09,0.1,1.43,Indianapolis,KIND,2014,8,Aug,74.5,-7.5,False,False,-0.010000000000000009
2014-08-17,73,65,81,65,84,52,99,1963.0,1988.0,0.03,0.11,3.18,Indianapolis,KIND,2014,8,Aug,74.5,-1.5,False,False,-0.08
2014-08-18,76,65,86,65,84,48,98,1963.0,1936.0,0.0,0.11,1.61,Indianapolis,KIND,2014,8,Aug,74.5,1.5,False,False,-0.11
2014-08-19,76,65,86,64,84,50,100,1896.0,1936.0,0.5,0.1,1.65,Indianapolis,KIND,2014,8,Aug,74.0,2.0,False,False,0.4
2014-08-20,74,64,83,64,84,50,99,1897.0,1983.0,0.0,0.11,2.22,Indianapolis,KIND,2014,8,Aug,74.0,0.0,False,False,-0.11
2014-08-21,78,70,86,64,84,47,100,1950.0,1936.0,0.16,0.1,1.23,Indianapolis,KIND,2014,8,Aug,74.0,4.0,False,False,0.06
2014-08-22,80,73,86,64,84,46,101,1950.0,1936.0,0.02,0.1,1.9,Indianapolis,KIND,2014,8,Aug,74.0,6.0,False,False,-0.08
2014-08-23,79,70,88,64,84,46,96,1890.0,1936.0,0.81,0.1,2.07,Indianapolis,KIND,2014,8,Aug,74.0,5.0,False,False,0.7100000000000001
2014-08-24,78,70,86,64,84,49,98,1927.0,1936.0,0.0,0.09,1.75,Indianapolis,KIND,2014,8,Aug,74.0,4.0,False,False,-0.09
2014-08-25,81,71,90,64,84,49,96,1887.0,1948.0,0.78,0.1,1.41,Indianapolis,KIND,2014,8,Aug,74.0,7.0,False,False,0.68
2014-08-26,81,69,93,63,84,48,97,1945.0,1948.0,0.26,0.11,1.9,Indianapolis,KIND,2014,8,Aug,73.5,7.5,False,False,0.15000000000000002
2014-08-27,79,70,88,63,84,48,97,1968.0,1948.0,0.0,0.1,2.6,Indianapolis,KIND,2014,8,Aug,73.5,5.5,False,False,-0.1
2014-08-28,75,66,84,63,83,43,96,1986.0,1953.0,0.0,0.1,2.44,Indianapolis,KIND,2014,8,Aug,73.0,2.0,False,False,-0.1
2014-08-29,78,68,87,63,83,41,97,1965.0,1953.0,0.0,0.1,1.38,Indianapolis,KIND,2014,8,Aug,73.0,5.0,False,False,-0.1
2014-08-30,75,71,78,63,83,42,95,1986.0,1953.0,0.02,0.1,2.16,Indianapolis,KIND,2014,8,Aug,73.0,2.0,False,False,-0.08
2014-08-31,76,69,83,62,83,44,97,1915.0,1951.0,0.01,0.1,2.43,Indianapolis,KIND,2014,8,Aug,72.5,3.5,False,False,-0.09000000000000001
2014-09-01,77,71,82,62,83,44,100,1987.0,1953.0,0.0,0.1,7.2,Indianapolis,KIND,2014,9,Sep,72.5,4.5,False,False,-0.1
2014-09-02,72,65,79,62,82,45,100,1885.0,1953.0,1.0,0.1,2.1,Indianapolis,KIND,2014,9,Sep,72.0,0.0,False,False,0.9
2014-09-03,74,64,83,61,82,45,100,1952.0,2011.0,0.0,0.1,2.63,Indianapolis,KIND,2014,9,Sep,71.5,2.5,False,False,-0.1
2014-09-04,77,66,87,61,82,46,98,1952.0,1954.0,0.0,0.09,6.8,Indianapolis,KIND,2014,9,Sep,71.5,5.5,False,False,-0.09
2014-09-05,80,70,90,61,82,45,100,1974.0,1954.0,0.02,0.1,1.54,Indianapolis,KIND,2014,9,Sep,71.5,8.5,False,False,-0.08
2014-09-06,67,60,73,60,81,44,99,1988.0,1954.0,0.0,0.1,1.19,Indianapolis,KIND,2014,9,Sep,70.5,-3.5,False,False,-0.1
2014-09-07,65,54,76,60,81,42,98,1988.0,1939.0,0.0,0.11,2.71,Indianapolis,KIND,2014,9,Sep,70.5,-5.5,False,False,-0.11
2014-09-08,68,56,79,60,81,38,97,1986.0,1939.0,0.0,0.1,2.61,Indianapolis,KIND,2014,9,Sep,70.5,-2.5,False,False,-0.1
2014-09-09,69,57,81,59,80,41,98,1883.0,1939.0,0.0,0.1,2.34,Indianapolis,KIND,2014,9,Sep,69.5,-0.5,False,False,-0.1
2014-09-10,75,67,82,59,80,40,96,1969.0,2013.0,0.9,0.11,2.6,Indianapolis,KIND,2014,9,Sep,69.5,5.5,False,False,0.79
2014-09-11,64,56,71,58,80,39,95,1917.0,1897.0,0.0,0.11,1.78,Indianapolis,KIND,2014,9,Sep,69.0,-5.0,False,False,-0.11
2014-09-12,59,53,64,58,79,40,96,1955.0,1897.0,0.0,0.11,1.08,Indianapolis,KIND,2014,9,Sep,68.5,-9.5,False,False,-0.11
2014-09-13,55,47,63,58,79,39,99,1975.0,1939.0,0.0,0.11,1.8,Indianapolis,KIND,2014,9,Sep,68.5,-13.5,False,False,-0.11
2014-09-14,57,46,68,57,79,37,100,1964.0,1939.0,0.0,0.11,2.93,Indianapolis,KIND,2014,9,Sep,68.0,-11.0,False,False,-0.11
2014-09-15,57,49,65,57,78,42,100,1974.0,1939.0,0.54,0.11,2.21,Indianapolis,KIND,2014,9,Sep,67.5,-10.5,False,False,0.43000000000000005
2014-09-16,59,50,67,56,78,39,96,1984.0,1939.0,0.01,0.09,2.53,Indianapolis,KIND,2014,9,Sep,67.0,-8.0,False,False,-0.08
2014-09-17,56,45,67,56,77,40,93,1984.0,1955.0,0.0,0.1,1.07,Indianapolis,KIND,2014,9,Sep,66.5,-10.5,False,False,-0.1
2014-09-18,61,49,72,55,77,39,95,1959.0,1953.0,0.0,0.09,1.64,Indianapolis,KIND,2014,9,Sep,66.0,-5.0,False,False,-0.09
2014-09-19,63,53,73,55,76,38,93,1956.0,1940.0,0.0,0.11,2.29,Indianapolis,KIND,2014,9,Sep,65.5,-2.5,False,False,-0.11
2014-09-20,67,54,80,54,76,36,94,1991.0,1940.0,0.02,0.1,2.2,Indianapolis,KIND,2014,9,Sep,65.0,2.0,False,False,-0.08
2014-09-21,65,56,74,54,76,35,96,1875.0,2010.0,0.04,0.11,1.61,Indianapolis,KIND,2014,9,Sep,65.0,0.0,False,False,-0.07
2014-09-22,57,47,66,53,75,37,93,1999.0,1895.0,0.0,0.11,1.22,Indianapolis,KIND,2014,9,Sep,64.0,-7.0,False,False,-0.11
2014-09-23,60,47,72,53,75,34,94,1974.0,2010.0,0.0,0.11,2.11,Indianapolis,KIND,2014,9,Sep,64.0,-4.0,False,False,-0.11
2014-09-24,62,47,76,53,74,34,92,1887.0,2007.0,0.0,0.1,1.29,Indianapolis,KIND,2014,9,Sep,63.5,-1.5,False,False,-0.1
2014-09-25,66,54,78,52,74,35,92,1950.0,1891.0,0.0,0.11,2.17,Indianapolis,KIND,2014,9,Sep,63.0,3.0,False,False,-0.11
2014-09-26,69,55,82,52,73,37,91,2001.0,1891.0,0.0,0.1,1.62,Indianapolis,KIND,2014,9,Sep,62.5,6.5,False,False,-0.1
2014-09-27,69,56,81,51,73,35,93,1991.0,1998.0,0.0,0.11,2.59,Indianapolis,KIND,2014,9,Sep,62.0,7.0,False,False,-0.11
2014-09-28,71,58,83,51,72,33,91,1942.0,1939.0,0.0,0.11,1.41,Indianapolis,KIND,2014,9,Sep,61.5,9.5,False,False,-0.11
2014-09-29,68,54,82,50,72,34,97,1970.0,1953.0,0.0,0.1,2.45,Indianapolis,KIND,2014,9,Sep,61.0,7.0,False,False,-0.1
2014-09-30,62,52,71,50,72,30,89,1899.0,1971.0,0.0,0.11,1.88,Indianapolis,KIND,2014,9,Sep,61.0,1.0,False,False,-0.11
2014-10-01,63,49,76,50,71,32,89,1946.0,1897.0,0.0,0.1,2.74,Indianapolis,KIND,2014,10,Oct,60.5,2.5,False,False,-0.1
2014-10-02,71,60,81,49,71,29,89,1974.0,1953.0,0.14,0.11,1.39,Indianapolis,KIND,2014,10,Oct,60.0,11.0,False,False,0.030000000000000013
2014-10-03,59,44,73,49,70,27,90,1974.0,1954.0,0.28,0.11,2.61,Indianapolis,KIND,2014,10,Oct,59.5,-0.5,False,False,0.17000000000000004
2014-10-04,45,40,49,48,70,31,90,1987.0,1951.0,0.0,0.11,1.55,Indianapolis,KIND,2014,10,Oct,59.0,-14.0,False,False,-0.11
2014-10-05,50,40,59,48,69,31,87,1968.0,1922.0,0.13,0.1,2.93,Indianapolis,KIND,2014,10,Oct,58.5,-8.5,False,False,0.03
2014-10-06,55,42,67,48,69,30,89,1980.0,2007.0,0.02,0.11,1.45,Indianapolis,KIND,2014,10,Oct,58.5,-3.5,False,False,-0.09
2014-10-07,54,46,62,47,69,27,90,1952.0,2007.0,0.33,0.1,1.65,Indianapolis,KIND,2014,10,Oct,58.0,-4.0,False,False,0.23
2014-10-08,56,43,68,47,68,28,91,1987.0,2007.0,0.0,0.1,1.02,Indianapolis,KIND,2014,10,Oct,57.5,-1.5,False,False,-0.1
2014-10-09,51,45,56,47,68,30,88,1989.0,1939.0,0.02,0.11,1.25,Indianapolis,KIND,2014,10,Oct,57.5,-6.5,False,False,-0.09
2014-10-10,52,49,54,46,67,27,88,1964.0,2010.0,0.01,0.1,3.88,Indianapolis,KIND,2014,10,Oct,56.5,-4.5,False,False,-0.09000000000000001
2014-10-11,50,42,57,46,67,26,86,1906.0,2010.0,0.0,0.1,1.56,Indianapolis,KIND,2014,10,Oct,56.5,-6.5,False,False,-0.1
2014-10-12,54,45,62,46,67,26,86,1988.0,1879.0,0.3,0.1,3.01,Indianapolis,KIND,2014,10,Oct,56.5,-2.5,False,False,0.19999999999999998
2014-10-13,67,58,76,45,66,24,86,1988.0,1975.0,0.57,0.1,0.92,Indianapolis,KIND,2014,10,Oct,55.5,11.5,False,False,0.47
2014-10-14,61,55,67,45,66,24,86,1979.0,1899.0,0.56,0.1,1.71,Indianapolis,KIND,2014,10,Oct,55.5,5.5,False,False,0.4600000000000001
2014-10-15,55,53,56,45,66,27,87,1876.0,1897.0,0.18,0.1,1.14,Indianapolis,KIND,2014,10,Oct,55.5,-0.5,False,False,0.07999999999999999
2014-10-16,56,51,61,45,65,26,85,1991.0,1897.0,0.0,0.1,1.65,Indianapolis,KIND,2014,10,Oct,55.0,1.0,False,False,-0.1
2014-10-17,59,50,68,44,65,26,86,1948.0,1950.0,0.0,0.1,1.45,Indianapolis,KIND,2014,10,Oct,54.5,4.5,False,False,-0.1
2014-10-18,50,46,54,44,65,22,84,1948.0,1953.0,0.09,0.1,2.15,Indianapolis,KIND,2014,10,Oct,54.5,-4.5,False,False,-0.010000000000000009
2014-10-19,50,43,56,44,64,25,85,1992.0,1953.0,0.0,0.1,1.33,Indianapolis,KIND,2014,10,Oct,54.0,-4.0,False,False,-0.1
2014-10-20,57,46,68,44,64,23,86,1972.0,1953.0,0.01,0.1,1.33,Indianapolis,KIND,2014,10,Oct,54.0,3.0,False,False,-0.09000000000000001
2014-10-21,51,44,57,43,64,23,86,1952.0,1953.0,0.02,0.09,1.43,Indianapolis,KIND,2014,10,Oct,53.5,-2.5,False,False,-0.06999999999999999
2014-10-22,48,38,57,43,63,23,85,1976.0,1947.0,0.0,0.1,1.84,Indianapolis,KIND,2014,10,Oct,53.0,-5.0,False,False,-0.1
2014-10-23,49,37,60,43,63,24,86,1969.0,1963.0,0.0,0.09,1.57,Indianapolis,KIND,2014,10,Oct,53.0,-4.0,False,False,-0.09
2014-10-24,53,40,66,42,62,20,81,1981.0,1963.0,0.0,0.09,1.52,Indianapolis,KIND,2014,10,Oct,52.0,1.0,False,False,-0.09
2014-10-25,63,50,76,42,62,25,82,1887.0,1963.0,0.0,0.09,1.54,Indianapolis,KIND,2014,10,Oct,52.0,11.0,False,False,-0.09
2014-10-26,55,42,68,42,62,20,82,1962.0,1963.0,0.0,0.1,2.45,Indianapolis,KIND,2014,10,Oct,52.0,3.0,False,False,-0.1
2014-10-27,66,51,80,42,61,24,83,1976.0,1940.0,0.0,0.1,1.71,Indianapolis,KIND,2014,10,Oct,51.5,14.5,True,False,-0.1
2014-10-28,58,46,70,41,61,20,82,1976.0,1927.0,0.31,0.1,1.72,Indianapolis,KIND,2014,10,Oct,51.0,7.0,False,False,0.21
2014-10-29,47,39,54,41,61,22,81,1952.0,1922.0,0.0,0.1,1.16,Indianapolis,KIND,2014,10,Oct,51.0,-4.0,False,False,-0.1
2014-10-30,44,34,53,41,60,22,82,1895.0,1950.0,0.0,0.11,1.3,Indianapolis,KIND,2014,10,Oct,50.5,-6.5,False,False,-0.11
2014-10-31,40,33,47,41,60,24,82,1988.0,1950.0,0.2,0.1,2.01,Indianapolis,KIND,2014,10,Oct,50.5,-10.5,False,False,0.1
2014-11-01,36,29,43,40,59,24,81,1949.0,1950.0,0.0,0.12,1.95,Indianapolis,KIND,2014,11,Nov,49.5,-13.5,False,False,-0.12
2014-11-02,37,24,50,40,59,16,78,1951.0,1961.0,0.0,0.11,3.86,Indianapolis,KIND,2014,11,Nov,49.5,-12.5,False,False,-0.11
2014-11-03,54,42,66,40,59,11,77,1951.0,1987.0,0.0,0.12,0.65,Indianapolis,KIND,2014,11,Nov,49.5,4.5,False,False,-0.12
2014-11-04,51,44,57,39,58,16,78,1951.0,2003.0,0.3,0.11,1.6,Indianapolis,KIND,2014,11,Nov,48.5,2.5,False,False,0.19
2014-11-05,47,40,54,39,58,15,76,1991.0,1975.0,0.0,0.12,1.92,Indianapolis,KIND,2014,11,Nov,48.5,-1.5,False,False,-0.12
2014-11-06,43,39,47,39,57,20,77,1982.0,1975.0,0.09,0.12,1.2,Indianapolis,KIND,2014,11,Nov,48.0,-5.0,False,False,-0.03
2014-11-07,40,33,46,38,57,16,76,1971.0,1915.0,0.0,0.11,3.51,Indianapolis,KIND,2014,11,Nov,47.5,-7.5,False,False,-0.11
2014-11-08,42,36,48,38,56,13,76,1991.0,1999.0,0.0,0.12,1.23,Indianapolis,KIND,2014,11,Nov,47.0,-5.0,False,False,-0.12
2014-11-09,40,29,51,38,56,17,76,1991.0,1999.0,0.0,0.11,1.15,Indianapolis,KIND,2014,11,Nov,47.0,-7.0,False,False,-0.11
2014-11-10,50,38,62,37,55,17,75,1957.0,1949.0,0.0,0.11,1.54,Indianapolis,KIND,2014,11,Nov,46.0,4.0,False,False,-0.11
2014-11-11,48,34,61,37,55,18,76,1995.0,1927.0,0.06,0.12,1.63,Indianapolis,KIND,2014,11,Nov,46.0,2.0,False,False,-0.06
2014-11-12,31,27,34,37,54,14,75,1911.0,1949.0,0.0,0.12,1.64,Indianapolis,KIND,2014,11,Nov,45.5,-14.5,False,False,-0.12
2014-11-13,24,20,27,36,54,10,77,1986.0,1955.0,0.0,0.13,2.02,Indianapolis,KIND,2014,11,Nov,45.0,-21.0,False,False,-0.13
2014-11-14,25,17,32,36,53,11,76,1986.0,1971.0,0.0,0.14,4.15,Indianapolis,KIND,2014,11,Nov,44.5,-19.5,False,False,-0.14
2014-11-15,26,17,34,36,53,12,74,1933.0,1971.0,0.0,0.13,2.55,Indianapolis,KIND,2014,11,Nov,44.5,-18.5,False,False,-0.13
2014-11-16,32,28,35,35,52,10,74,1883.0,1952.0,0.22,0.13,1.68,Indianapolis,KIND,2014,11,Nov,43.5,-11.5,False,False,0.09
2014-11-17,21,13,29,35,52,4,77,1959.0,1958.0,0.0,0.13,2.48,Indianapolis,KIND,2014,11,Nov,43.5,-22.5,False,False,-0.13
2014-11-18,14,9,19,34,51,5,73,1880.0,1941.0,0.0,0.14,4.3,Indianapolis,KIND,2014,11,Nov,42.5,-28.5,False,False,-0.14
2014-11-19,26,14,37,34,51,-3,76,1880.0,1930.0,0.0,0.13,2.74,Indianapolis,KIND,2014,11,Nov,42.5,-16.5,False,False,-0.13
2014-11-20,24,17,30,33,50,8,75,1914.0,1942.0,0.0,0.13,1.73,Indianapolis,KIND,2014,11,Nov,41.5,-17.5,False,False,-0.13
2014-11-21,23,12,33,33,49,2,73,1880.0,1990.0,0.0,0.14,3.71,Indianapolis,KIND,2014,11,Nov,41.0,-18.0,False,False,-0.14
2014-11-22,43,30,56,33,49,-5,74,1880.0,1900.0,0.02,0.13,1.68,Indianapolis,KIND,2014,11,Nov,41.0,2.0,False,False,-0.11
2014-11-23,50,44,55,32,48,1,73,1880.0,1999.0,1.91,0.13,1.91,Indianapolis,KIND,2014,11,Nov,40.0,10.0,False,False,1.7799999999999998
2014-11-24,46,36,55,32,48,-1,65,1950.0,1973.0,0.18,0.13,1.23,Indianapolis,KIND,2014,11,Nov,40.0,6.0,False,False,0.04999999999999999
2014-11-25,31,26,36,31,47,-2,69,1950.0,1908.0,0.0,0.12,2.19,Indianapolis,KIND,2014,11,Nov,39.0,-8.0,False,False,-0.12
2014-11-26,30,26,34,31,47,3,70,1898.0,1984.0,0.0,0.12,1.16,Indianapolis,KIND,2014,11,Nov,39.0,-9.0,False,False,-0.12
2014-11-27,28,24,31,31,46,1,70,1930.0,1990.0,0.0,0.12,2.03,Indianapolis,KIND,2014,11,Nov,38.5,-10.5,False,False,-0.12
2014-11-28,27,19,34,30,46,2,69,1930.0,1909.0,0.0,0.12,1.82,Indianapolis,KIND,2014,11,Nov,38.0,-11.0,False,False,-0.12
2014-11-29,44,30,57,30,45,-1,70,1872.0,1927.0,0.0,0.12,1.0,Indianapolis,KIND,2014,11,Nov,37.5,6.5,False,False,-0.12
2014-11-30,52,39,64,29,45,-2,68,1958.0,1927.0,0.02,0.12,1.81,Indianapolis,KIND,2014,11,Nov,37.0,15.0,False,False,-0.09999999999999999
2014-12-01,33,26,39,29,44,4,70,1886.0,1970.0,0.02,0.1,1.39,Indianapolis,KIND,2014,12,Dec,36.5,-3.5,False,False,-0.08
2014-12-02,30,26,33,29,44,-3,74,1886.0,1982.0,0.01,0.11,1.84,Indianapolis,KIND,2014,12,Dec,36.5,-6.5,False,False,-0.1
2014-12-03,36,28,43,28,43,-2,69,1929.0,1982.0,0.01,0.1,3.46,Indianapolis,KIND,2014,12,Dec,35.5,0.5,False,False,-0.09000000000000001
2014-12-04,32,29,35,28,43,5,70,1991.0,1998.0,0.06,0.1,0.98,Indianapolis,KIND,2014,12,Dec,35.5,-3.5,False,False,-0.04000000000000001
2014-12-05,37,34,40,27,42,8,70,1886.0,2001.0,0.98,0.11,1.14,Indianapolis,KIND,2014,12,Dec,34.5,2.5,False,False,0.87
2014-12-06,35,30,40,27,42,-1,73,1977.0,1998.0,0.26,0.1,1.05,Indianapolis,KIND,2014,12,Dec,34.5,0.5,False,False,0.16
2014-12-07,33,26,39,27,41,-7,65,1882.0,1951.0,0.0,0.1,1.15,Indianapolis,KIND,2014,12,Dec,34.0,-1.0,False,False,-0.1
2014-12-08,36,31,41,26,41,-10,66,1882.0,1966.0,0.06,0.11,1.58,Indianapolis,KIND,2014,12,Dec,33.5,2.5,False,False,-0.05
2014-12-09,36,32,39,26,41,-15,65,1876.0,1952.0,0.01,0.11,1.39,Indianapolis,KIND,2014,12,Dec,33.5,2.5,False,False,-0.1
2014-12-10,33,30,35,26,40,-8,66,1917.0,1971.0,0.0,0.1,1.37,Indianapolis,KIND,2014,12,Dec,33.0,0.0,False,False,-0.1
2014-12-11,31,25,37,25,40,-9,66,1977.0,1931.0,0.0,0.1,1.87,Indianapolis,KIND,2014,12,Dec,32.5,-1.5,False,False,-0.1
2014-12-12,29,22,35,25,40,-7,63,1962.0,1927.0,0.0,0.1,1.06,Indianapolis,KIND,2014,12,Dec,32.5,-3.5,False,False,-0.1
2014-12-13,40,34,46,25,39,-4,65,1962.0,1975.0,0.0,0.1,1.73,Indianapolis,KIND,2014,12,Dec,32.0,8.0,False,False,-0.1
2014-12-14,45,41,48,25,39,-4,68,1901.0,1984.0,0.0,0.09,2.12,Indianapolis,KIND,2014,12,Dec,32.0,13.0,False,False,-0.09
2014-12-15,43,41,44,24,39,-10,69,1951.0,1948.0,0.01,0.1,1.45,Indianapolis,KIND,2014,12,Dec,31.5,11.5,False,False,-0.09000000000000001
2014-12-16,39,31,46,24,38,-15,65,1951.0,1948.0,0.19,0.1,0.81,Indianapolis,KIND,2014,12,Dec,31.0,8.0,False,False,0.09
2014-12-17,27,23,31,24,38,-10,64,1989.0,1984.0,0.0,0.1,1.64,Indianapolis,KIND,2014,12,Dec,31.0,-4.0,False,False,-0.1
2014-12-18,25,22,27,24,38,-10,65,1884.0,1877.0,0.0,0.09,2.05,Indianapolis,KIND,2014,12,Dec,31.0,-6.0,False,False,-0.09
2014-12-19,24,19,29,23,38,-12,67,1884.0,1877.0,0.0,0.1,1.49,Indianapolis,KIND,2014,12,Dec,30.5,-6.5,False,False,-0.1
2014-12-20,29,25,32,23,37,-12,66,1963.0,1949.0,0.0,0.1,0.82,Indianapolis,KIND,2014,12,Dec,30.0,-1.0,False,False,-0.1
2014-12-21,28,20,36,23,37,-21,67,1989.0,1967.0,0.0,0.11,2.57,Indianapolis,KIND,2014,12,Dec,30.0,-2.0,False,False,-0.11
2014-12-22,37,27,46,23,37,-23,61,1989.0,1949.0,0.04,0.11,1.62,Indianapolis,KIND,2014,12,Dec,30.0,7.0,False,False,-0.07
2014-12-23,50,45,55,23,37,-15,64,1989.0,1933.0,0.17,0.11,1.71,Indianapolis,KIND,2014,12,Dec,30.0,20.0,False,False,0.06000000000000001
2014-12-24,40,34,45,22,37,-17,68,1983.0,1889.0,0.52,0.1,1.54,Indianapolis,KIND,2014,12,Dec,29.5,10.5,False,False,0.42000000000000004
2014-12-25,36,31,41,22,36,-15,64,1983.0,1893.0,0.01,0.11,1.36,Indianapolis,KIND,2014,12,Dec,29.0,7.0,False,False,-0.1
2014-12-26,41,30,52,22,36,-5,67,1983.0,1875.0,0.0,0.11,1.22,Indianapolis,KIND,2014,12,Dec,29.0,12.0,False,False,-0.11
2014-12-27,40,33,46,22,36,-7,68,1925.0,2008.0,0.2,0.1,1.95,Indianapolis,KIND,2014,12,Dec,29.0,11.0,False,False,0.1
2014-12-28,28,22,33,22,36,-13,65,1924.0,1984.0,0.0,0.1,2.02,Indianapolis,KIND,2014,12,Dec,29.0,-1.0,False,False,-0.1
2014-12-29,29,20,37,22,36,-13,66,1880.0,1889.0,0.0,0.1,1.36,Indianapolis,KIND,2014,12,Dec,29.0,0.0,False,False,-0.1
2014-12-30,23,15,31,21,36,-14,67,1983.0,1965.0,0.0,0.1,1.94,Indianapolis,KIND,2014,12,Dec,28.5,-5.5,False,False,-0.1
2014-12-31,16,9,23,21,36,-9,68,1967.0,1951.0,0.0,0.1,1.62,Indianapolis,KIND,2014,12,Dec,28.5,-12.5,False,False,-0.1
2015-01-01,26,18,34,21,36,-12,69,1968.0,1876.0,0.0,0.1,3.81,Indianapolis,KIND,2015,1,Jan,28.5,-2.5,False,False,-0.1
2015-01-02,32,25,39,21,36,-12,65,1887.0,2006.0,0.0,0.1,1.58,Indianapolis,KIND,2015,1,Jan,28.5,3.5,False,False,-0.1
2015-01-03,43,33,52,21,36,-22,65,1879.0,1950.0,0.79,0.1,2.82,Indianapolis,KIND,2015,1,Jan,28.5,14.5,False,False,0.6900000000000001
2015-01-04,28,12,44,21,36,-15,66,1879.0,1998.0,0.01,0.1,2.44,Indianapolis,KIND,2015,1,Jan,28.5,-0.5,False,False,-0.09000000000000001
2015-01-05,9,4,14,21,35,-25,61,1884.0,1955.0,0.11,0.1,2.7,Indianapolis,KIND,2015,1,Jan,28.0,-19.0,False,False,0.009999999999999995
2015-01-06,14,9,19,21,35,-20,63,1884.0,2008.0,0.08,0.09,1.48,Indianapolis,KIND,2015,1,Jan,28.0,-14.0,False,False,-0.009999999999999995
2015-01-07,3,-6,12,21,35,-17,68,1970.0,2008.0,0.0,0.09,1.58,Indianapolis,KIND,2015,1,Jan,28.0,-25.0,False,False,-0.09
2015-01-08,7,-7,20,21,35,-13,63,1970.0,1965.0,0.0,0.1,1.41,Indianapolis,KIND,2015,1,Jan,28.0,-21.0,False,False,-0.1
2015-01-09,11,1,21,21,35,-18,66,1875.0,1880.0,0.0,0.09,1.15,Indianapolis,KIND,2015,1,Jan,28.0,-17.0,False,False,-0.09
2015-01-10,11,-3,24,20,35,-16,62,1982.0,1975.0,0.0,0.09,1.29,Indianapolis,KIND,2015,1,Jan,27.5,-16.5,False,False,-0.09
2015-01-11,28,21,34,20,35,-16,70,1977.0,1890.0,0.43,0.08,1.16,Indianapolis,KIND,2015,1,Jan,27.5,0.5,False,False,0.35
2015-01-12,25,19,31,20,35,-19,69,1918.0,1890.0,0.19,0.09,1.28,Indianapolis,KIND,2015,1,Jan,27.5,-2.5,False,False,0.1
2015-01-13,16,8,23,20,35,-10,64,1997.0,1950.0,0.0,0.09,1.47,Indianapolis,KIND,2015,1,Jan,27.5,-11.5,False,False,-0.09
2015-01-14,13,5,21,20,35,-7,65,1957.0,1928.0,0.0,0.08,1.77,Indianapolis,KIND,2015,1,Jan,27.5,-14.5,False,False,-0.08
2015-01-15,25,13,36,20,35,-17,66,1972.0,1932.0,0.0,0.08,1.68,Indianapolis,KIND,2015,1,Jan,27.5,-2.5,False,False,-0.08
2015-01-16,32,21,42,20,35,-20,66,1972.0,1990.0,0.0,0.08,1.42,Indianapolis,KIND,2015,1,Jan,27.5,4.5,False,False,-0.08
2015-01-17,39,27,51,20,35,-20,67,1977.0,1952.0,0.0,0.09,1.11,Indianapolis,KIND,2015,1,Jan,27.5,11.5,False,False,-0.09
2015-01-18,36,28,44,20,35,-22,64,1994.0,1929.0,0.01,0.08,1.96,Indianapolis,KIND,2015,1,Jan,27.5,8.5,False,False,-0.07
2015-01-19,35,23,47,20,35,-27,69,1994.0,1907.0,0.0,0.08,0.94,Indianapolis,KIND,2015,1,Jan,27.5,7.5,False,False,-0.08
2015-01-20,40,30,50,20,36,-22,70,1985.0,1906.0,0.0,0.08,1.26,Indianapolis,KIND,2015,1,Jan,28.0,12.0,False,False,-0.08
2015-01-21,37,30,43,20,36,-21,68,1984.0,1906.0,0.0,0.08,2.25,Indianapolis,KIND,2015,1,Jan,28.0,9.0,False,False,-0.08
2015-01-22,31,28,33,20,36,-17,64,1936.0,1964.0,0.0,0.07,1.87,Indianapolis,KIND,2015,1,Jan,28.0,3.0,False,False,-0.07
2015-01-23,29,24,34,20,36,-18,67,1936.0,1909.0,0.0,0.08,0.9,Indianapolis,KIND,2015,1,Jan,28.0,1.0,False,False,-0.08
2015-01-24,30,20,39,20,36,-16,70,1963.0,1967.0,0.0,0.08,1.06,Indianapolis,KIND,2015,1,Jan,28.0,2.0,False,False,-0.08
2015-01-25,29,20,37,20,36,-14,71,1897.0,1950.0,0.04,0.08,0.92,Indianapolis,KIND,2015,1,Jan,28.0,1.0,False,False,-0.04
2015-01-26,22,17,26,20,36,-12,67,1897.0,1944.0,0.0,0.08,1.41,Indianapolis,KIND,2015,1,Jan,28.0,-6.0,False,False,-0.08
2015-01-27,25,20,29,21,36,-10,66,1936.0,1916.0,0.01,0.08,1.14,Indianapolis,KIND,2015,1,Jan,28.5,-3.5,False,False,-0.07
2015-01-28,25,15,34,21,36,-18,65,1963.0,2002.0,0.0,0.08,2.0,Indianapolis,KIND,2015,1,Jan,28.5,-3.5,False,False,-0.08
2015-01-29,38,30,45,21,36,-13,66,1873.0,2002.0,0.0,0.08,1.5,Indianapolis,KIND,2015,1,Jan,28.5,9.5,False,False,-0.08
2015-01-30,26,20,31,21,36,-11,65,1966.0,2013.0,0.01,0.08,1.47,Indianapolis,KIND,2015,1,Jan,28.5,-2.5,False,False,-0.07
2015-01-31,26,16,36,21,37,-11,66,2004.0,1917.0,0.13,0.08,1.26,Indianapolis,KIND,2015,1,Jan,29.0,-3.0,False,False,0.05
2015-02-01,30,27,33,21,37,-11,63,1951.0,1911.0,0.29,0.08,1.21,Indianapolis,KIND,2015,2,Feb,29.0,1.0,False,False,0.20999999999999996
2015-02-02,20,13,27,21,37,-19,59,1951.0,1911.0,0.01,0.09,1.24,Indianapolis,KIND,2015,2,Feb,29.0,-9.0,False,False,-0.08
2015-02-03,26,16,36,21,37,-11,62,1996.0,1992.0,0.0,0.08,2.5,Indianapolis,KIND,2015,2,Feb,29.0,-3.0,False,False,-0.08
2015-02-04,29,15,42,21,37,-12,69,1996.0,1890.0,0.07,0.08,1.68,Indianapolis,KIND,2015,2,Feb,29.0,0.0,False,False,-0.009999999999999995
2015-02-05,15,5,24,22,37,-16,66,1979.0,1927.0,0.0,0.09,1.83,Indianapolis,KIND,2015,2,Feb,29.5,-14.5,False,False,-0.09
2015-02-06,25,12,37,22,38,-12,64,1977.0,1925.0,0.0,0.07,1.14,Indianapolis,KIND,2015,2,Feb,30.0,-5.0,False,False,-0.07
2015-02-07,42,28,55,22,38,-11,66,1977.0,1925.0,0.0,0.08,1.53,Indianapolis,KIND,2015,2,Feb,30.0,12.0,False,False,-0.08
2015-02-08,47,36,57,22,38,-14,68,1895.0,1937.0,0.0,0.08,0.78,Indianapolis,KIND,2015,2,Feb,30.0,17.0,False,False,-0.08
2015-02-09,31,26,36,22,38,-18,66,1899.0,1943.0,0.0,0.08,2.04,Indianapolis,KIND,2015,2,Feb,30.0,1.0,False,False,-0.08
2015-02-10,27,18,36,23,39,-21,73,1982.0,1932.0,0.0,0.09,1.56,Indianapolis,KIND,2015,2,Feb,31.0,-4.0,False,False,-0.09
2015-02-11,32,25,39,23,39,-9,75,1885.0,1999.0,0.0,0.08,1.87,Indianapolis,KIND,2015,2,Feb,31.0,1.0,False,False,-0.08
2015-02-12,20,13,27,23,39,-10,66,1899.0,1984.0,0.0,0.08,2.67,Indianapolis,KIND,2015,2,Feb,31.0,-11.0,False,False,-0.08
2015-02-13,20,9,31,23,39,-17,67,1899.0,1938.0,0.0,0.08,1.48,Indianapolis,KIND,2015,2,Feb,31.0,-11.0,False,False,-0.08
2015-02-14,18,6,30,24,40,-14,65,1905.0,1954.0,0.0,0.09,1.37,Indianapolis,KIND,2015,2,Feb,32.0,-14.0,False,False,-0.09
2015-02-15,12,4,20,24,40,-8,72,1875.0,1954.0,0.0,0.08,1.5,Indianapolis,KIND,2015,2,Feb,32.0,-20.0,False,False,-0.08
2015-02-16,11,6,16,24,40,-7,72,1943.0,1883.0,0.14,0.08,1.58,Indianapolis,KIND,2015,2,Feb,32.0,-21.0,False,False,0.06000000000000001
2015-02-17,14,1,26,24,41,-9,69,1903.0,1911.0,0.01,0.08,0.91,Indianapolis,KIND,2015,2,Feb,32.5,-18.5,False,False,-0.07
2015-02-18,9,0,17,25,41,-11,66,1936.0,1961.0,0.07,0.08,1.58,Indianapolis,KIND,2015,2,Feb,33.0,-24.0,False,False,-0.009999999999999995
2015-02-19,2,-5,9,25,41,-8,69,1979.0,1930.0,0.0,0.08,1.21,Indianapolis,KIND,2015,2,Feb,33.0,-31.0,False,True,-0.08
2015-02-20,6,-6,18,25,42,-8,67,1885.0,1983.0,0.0,0.08,3.02,Indianapolis,KIND,2015,2,Feb,33.5,-27.5,False,True,-0.08
2015-02-21,26,16,35,26,42,-4,68,1963.0,1930.0,0.47,0.08,1.53,Indianapolis,KIND,2015,2,Feb,34.0,-8.0,False,False,0.38999999999999996
2015-02-22,22,15,29,26,43,-9,70,1963.0,1922.0,0.0,0.08,2.09,Indianapolis,KIND,2015,2,Feb,34.5,-12.5,False,False,-0.08
2015-02-23,11,3,19,26,43,-1,71,1889.0,2000.0,0.01,0.09,1.1,Indianapolis,KIND,2015,2,Feb,34.5,-23.5,False,False,-0.08
2015-02-24,10,-6,25,26,43,-6,71,2015.0,2000.0,0.0,0.08,1.05,Indianapolis,KIND,2015,2,Feb,34.5,-24.5,False,True,-0.08
2015-02-25,24,14,33,27,44,-7,76,1900.0,2000.0,0.0,0.09,2.35,Indianapolis,KIND,2015,2,Feb,35.5,-11.5,False,False,-0.09
2015-02-26,16,7,25,27,44,-6,68,1963.0,1998.0,0.04,0.09,2.49,Indianapolis,KIND,2015,2,Feb,35.5,-19.5,False,False,-0.049999999999999996
2015-02-27,10,2,18,27,45,-7,73,1963.0,1996.0,0.0,0.09,1.11,Indianapolis,KIND,2015,2,Feb,36.0,-26.0,False,False,-0.09
2015-02-28,16,7,25,28,45,2,68,1993.0,1895.0,0.23,0.09,1.17,Indianapolis,KIND,2015,2,Feb,36.5,-20.5,False,False,0.14
2015-03-01,27,22,31,28,45,-4,71,1960.0,1976.0,0.53,0.1,1.9,Indianapolis,KIND,2015,3,Mar,36.5,-9.5,False,False,0.43000000000000005
2015-03-02,24,14,34,28,46,-7,74,1980.0,1992.0,0.0,0.09,1.56,Indianapolis,KIND,2015,3,Mar,37.0,-13.0,False,False,-0.09
2015-03-03,33,26,40,29,46,-5,77,1943.0,1992.0,0.28,0.09,2.01,Indianapolis,KIND,2015,3,Mar,37.5,-4.5,False,False,0.19000000000000003
2015-03-04,27,19,35,29,47,2,78,1873.0,1983.0,0.07,0.1,3.0,Indianapolis,KIND,2015,3,Mar,38.0,-11.0,False,False,-0.03
2015-03-05,16,8,23,29,47,-1,75,1978.0,1956.0,0.0,0.1,3.06,Indianapolis,KIND,2015,3,Mar,38.0,-22.0,False,False,-0.1
2015-03-06,16,2,30,30,47,-6,75,1960.0,1973.0,0.0,0.11,1.21,Indianapolis,KIND,2015,3,Mar,38.5,-22.5,False,False,-0.11
2015-03-07,32,21,42,30,48,-1,78,1943.0,1974.0,0.0,0.11,1.45,Indianapolis,KIND,2015,3,Mar,39.0,-7.0,False,False,-0.11
2015-03-08,38,27,49,30,48,-6,80,1943.0,1974.0,0.0,0.1,2.28,Indianapolis,KIND,2015,3,Mar,39.0,-1.0,False,False,-0.1
2015-03-09,40,31,48,31,49,-1,72,1984.0,1878.0,0.0,0.11,1.61,Indianapolis,KIND,2015,3,Mar,40.0,0.0,False,False,-0.11
2015-03-10,45,40,49,31,49,8,74,1934.0,2009.0,0.4,0.11,2.54,Indianapolis,KIND,2015,3,Mar,40.0,5.0,False,False,0.29000000000000004
2015-03-11,49,34,64,31,50,3,77,1948.0,1990.0,0.0,0.1,2.01,Indianapolis,KIND,2015,3,Mar,40.5,8.5,False,False,-0.1
2015-03-12,46,31,60,32,50,-5,76,1948.0,1990.0,0.0,0.11,1.97,Indianapolis,KIND,2015,3,Mar,41.0,5.0,False,False,-0.11
2015-03-13,48,42,53,32,51,3,80,1960.0,2007.0,0.51,0.11,1.51,Indianapolis,KIND,2015,3,Mar,41.5,6.5,False,False,0.4
2015-03-14,51,43,59,32,51,10,81,1891.0,2012.0,0.43,0.11,3.02,Indianapolis,KIND,2015,3,Mar,41.5,9.5,False,False,0.32
2015-03-15,49,33,65,33,51,6,80,1975.0,2012.0,0.0,0.12,3.06,Indianapolis,KIND,2015,3,Mar,42.0,7.0,False,False,-0.12
2015-03-16,61,47,74,33,52,3,79,1900.0,1945.0,0.0,0.11,1.36,Indianapolis,KIND,2015,3,Mar,42.5,18.5,False,False,-0.11
2015-03-17,47,33,60,33,52,2,77,1900.0,2012.0,0.0,0.12,1.35,Indianapolis,KIND,2015,3,Mar,42.5,4.5,False,False,-0.12
2015-03-18,37,27,46,34,53,7,80,1941.0,2012.0,0.0,0.13,2.03,Indianapolis,KIND,2015,3,Mar,43.5,-6.5,False,False,-0.13
2015-03-19,45,40,50,34,53,7,82,1923.0,2012.0,0.02,0.12,1.9,Indianapolis,KIND,2015,3,Mar,43.5,1.5,False,False,-0.09999999999999999
2015-03-20,44,39,48,34,54,3,83,1885.0,2012.0,0.03,0.12,2.13,Indianapolis,KIND,2015,3,Mar,44.0,0.0,False,False,-0.09
2015-03-21,49,34,63,34,54,11,84,1876.0,2012.0,0.0,0.12,1.06,Indianapolis,KIND,2015,3,Mar,44.0,5.0,False,False,-0.12
2015-03-22,44,36,52,35,54,9,82,1888.0,1907.0,0.0,0.13,2.36,Indianapolis,KIND,2015,3,Mar,44.5,-0.5,False,False,-0.13
2015-03-23,36,30,41,35,55,12,80,1885.0,1939.0,0.03,0.12,1.48,Indianapolis,KIND,2015,3,Mar,45.0,-9.0,False,False,-0.09
2015-03-24,35,26,44,35,55,2,84,1974.0,1910.0,0.04,0.13,2.76,Indianapolis,KIND,2015,3,Mar,45.0,-10.0,False,False,-0.09
2015-03-25,48,42,54,36,56,5,81,1974.0,2007.0,0.63,0.13,4.7,Indianapolis,KIND,2015,3,Mar,46.0,2.0,False,False,0.5
2015-03-26,40,34,45,36,56,8,80,1955.0,1907.0,0.5,0.12,1.98,Indianapolis,KIND,2015,3,Mar,46.0,-6.0,False,False,0.38
2015-03-27,28,21,35,36,56,11,84,1955.0,1910.0,0.0,0.13,2.27,Indianapolis,KIND,2015,3,Mar,46.0,-18.0,False,False,-0.13
2015-03-28,29,17,40,37,57,16,82,1934.0,1910.0,0.0,0.12,1.75,Indianapolis,KIND,2015,3,Mar,47.0,-18.0,False,True,-0.12
2015-03-29,38,24,51,37,57,16,82,1887.0,1895.0,0.06,0.13,1.46,Indianapolis,KIND,2015,3,Mar,47.0,-9.0,False,False,-0.07
2015-03-30,49,36,61,37,58,17,82,1923.0,1986.0,0.0,0.13,1.56,Indianapolis,KIND,2015,3,Mar,47.5,1.5,False,False,-0.13
2015-03-31,54,44,63,38,58,13,85,1923.0,1981.0,0.0,0.13,1.56,Indianapolis,KIND,2015,3,Mar,48.0,6.0,False,False,-0.13
2015-04-01,53,37,69,38,58,20,82,1923.0,2010.0,0.0,0.13,2.85,Indianapolis,KIND,2015,4,Apr,48.0,5.0,False,False,-0.13
2015-04-02,62,52,72,38,59,20,81,1961.0,2010.0,0.29,0.12,2.08,Indianapolis,KIND,2015,4,Apr,48.5,13.5,False,False,0.16999999999999998
2015-04-03,50,39,61,39,59,21,84,1879.0,2012.0,0.11,0.11,1.92,Indianapolis,KIND,2015,4,Apr,49.0,1.0,False,False,0.0
2015-04-04,43,30,55,39,59,23,80,1975.0,1929.0,0.0,0.12,1.48,Indianapolis,KIND,2015,4,Apr,49.0,-6.0,False,False,-0.12
2015-04-05,49,34,64,39,60,20,84,1995.0,1988.0,0.0,0.12,1.87,Indianapolis,KIND,2015,4,Apr,49.5,-0.5,False,False,-0.12
2015-04-06,55,47,62,40,60,22,83,1979.0,2010.0,0.0,0.12,1.9,Indianapolis,KIND,2015,4,Apr,50.0,5.0,False,False,-0.12
2015-04-07,61,56,66,40,61,19,83,1982.0,2001.0,0.32,0.12,2.08,Indianapolis,KIND,2015,4,Apr,50.5,10.5,False,False,0.2
2015-04-08,64,55,72,40,61,18,83,1972.0,2001.0,0.74,0.13,2.15,Indianapolis,KIND,2015,4,Apr,50.5,13.5,False,False,0.61
2015-04-09,71,61,80,41,61,18,84,1997.0,2001.0,0.24,0.13,1.26,Indianapolis,KIND,2015,4,Apr,51.0,20.0,False,False,0.10999999999999999
2015-04-10,56,42,69,41,62,23,84,1989.0,1930.0,0.04,0.13,1.97,Indianapolis,KIND,2015,4,Apr,51.5,4.5,False,False,-0.09
2015-04-11,50,38,62,41,62,24,89,1973.0,1930.0,0.0,0.12,1.72,Indianapolis,KIND,2015,4,Apr,51.5,-1.5,False,False,-0.12
2015-04-12,57,43,70,42,62,20,86,1940.0,1930.0,0.0,0.12,0.8,Indianapolis,KIND,2015,4,Apr,52.0,5.0,False,False,-0.12
2015-04-13,64,56,71,42,63,18,86,1950.0,1941.0,0.04,0.12,1.13,Indianapolis,KIND,2015,4,Apr,52.5,11.5,False,False,-0.07999999999999999
2015-04-14,58,51,64,42,63,24,85,1943.0,1883.0,0.0,0.13,1.55,Indianapolis,KIND,2015,4,Apr,52.5,5.5,False,False,-0.13
2015-04-15,58,46,69,43,63,24,84,1928.0,2002.0,0.07,0.12,1.42,Indianapolis,KIND,2015,4,Apr,53.0,5.0,False,False,-0.04999999999999999
2015-04-16,61,53,68,43,64,21,87,1875.0,1896.0,0.2,0.12,2.08,Indianapolis,KIND,2015,4,Apr,53.5,7.5,False,False,0.08000000000000002
2015-04-17,61,46,76,43,64,19,87,1875.0,1896.0,0.0,0.13,1.9,Indianapolis,KIND,2015,4,Apr,53.5,7.5,False,False,-0.13
2015-04-18,64,51,76,44,64,19,87,1875.0,1977.0,0.0,0.13,2.29,Indianapolis,KIND,2015,4,Apr,54.0,10.0,False,False,-0.13
2015-04-19,62,56,67,44,65,23,85,1983.0,2002.0,0.93,0.13,3.06,Indianapolis,KIND,2015,4,Apr,54.5,7.5,False,False,0.8
2015-04-20,52,45,58,44,65,23,85,1897.0,1915.0,0.3,0.12,2.66,Indianapolis,KIND,2015,4,Apr,54.5,-2.5,False,False,0.18
2015-04-21,52,41,62,45,65,28,84,1907.0,1985.0,0.0,0.13,1.85,Indianapolis,KIND,2015,4,Apr,55.0,-3.0,False,False,-0.13
2015-04-22,44,37,50,45,66,27,85,1936.0,1960.0,0.1,0.13,2.34,Indianapolis,KIND,2015,4,Apr,55.5,-11.5,False,False,-0.03
2015-04-23,45,32,57,45,66,26,88,1986.0,1925.0,0.0,0.13,1.46,Indianapolis,KIND,2015,4,Apr,55.5,-10.5,False,False,-0.13
2015-04-24,47,32,62,46,66,28,90,1910.0,1925.0,0.0,0.13,1.65,Indianapolis,KIND,2015,4,Apr,56.0,-9.0,False,False,-0.13
2015-04-25,50,44,56,46,67,27,87,1919.0,1915.0,0.62,0.14,2.56,Indianapolis,KIND,2015,4,Apr,56.5,-6.5,False,False,0.48
2015-04-26,49,39,58,46,67,31,87,1976.0,1915.0,0.0,0.13,1.48,Indianapolis,KIND,2015,4,Apr,56.5,-7.5,False,False,-0.13
2015-04-27,47,35,58,47,67,30,84,1976.0,1962.0,0.0,0.13,1.56,Indianapolis,KIND,2015,4,Apr,57.0,-10.0,False,False,-0.13
2015-04-28,51,39,63,47,68,28,86,1976.0,1894.0,0.0,0.14,1.71,Indianapolis,KIND,2015,4,Apr,57.5,-6.5,False,False,-0.14
2015-04-29,54,41,67,47,68,31,86,1976.0,1942.0,0.0,0.14,1.71,Indianapolis,KIND,2015,4,Apr,57.5,-3.5,False,False,-0.14
2015-04-30,53,44,61,48,68,31,90,1948.0,1942.0,0.0,0.14,1.66,Indianapolis,KIND,2015,4,Apr,58.0,-5.0,False,False,-0.14
2015-05-01,55,39,71,48,68,29,89,1963.0,1942.0,0.0,0.16,1.76,Indianapolis,KIND,2015,5,May,58.0,-3.0,False,False,-0.16
2015-05-02,62,49,75,48,69,31,87,1961.0,1959.0,0.0,0.15,2.93,Indianapolis,KIND,2015,5,May,58.5,3.5,False,False,-0.15
2015-05-03,66,53,78,49,69,29,86,2005.0,1949.0,0.0,0.16,1.56,Indianapolis,KIND,2015,5,May,59.0,7.0,False,False,-0.16
2015-05-04,67,58,76,49,69,30,88,1976.0,1949.0,0.13,0.16,1.47,Indianapolis,KIND,2015,5,May,59.0,8.0,False,False,-0.03
2015-05-05,73,62,83,49,70,35,92,1957.0,1952.0,0.0,0.16,1.79,Indianapolis,KIND,2015,5,May,59.5,13.5,False,False,-0.16
2015-05-06,74,61,86,49,70,31,89,1968.0,1949.0,0.0,0.16,2.56,Indianapolis,KIND,2015,5,May,59.5,14.5,True,False,-0.16
2015-05-07,75,64,86,50,70,31,87,1974.0,1926.0,0.0,0.16,2.1,Indianapolis,KIND,2015,5,May,60.0,15.0,True,False,-0.16
2015-05-08,74,63,85,50,70,31,90,1976.0,1896.0,0.0,0.16,2.34,Indianapolis,KIND,2015,5,May,60.0,14.0,False,False,-0.16
2015-05-09,73,66,80,50,71,29,93,1947.0,1895.0,0.05,0.16,1.08,Indianapolis,KIND,2015,5,May,60.5,12.5,False,False,-0.11
2015-05-10,74,64,83,51,71,28,92,1966.0,1896.0,0.05,0.16,1.92,Indianapolis,KIND,2015,5,May,61.0,13.0,False,False,-0.11
2015-05-11,70,61,78,51,71,31,89,1945.0,1896.0,0.06,0.17,1.95,Indianapolis,KIND,2015,5,May,61.0,9.0,False,False,-0.11000000000000001
2015-05-12,57,50,64,51,72,33,88,1976.0,1881.0,0.0,0.17,2.15,Indianapolis,KIND,2015,5,May,61.5,-4.5,False,False,-0.17
2015-05-13,55,43,67,52,72,35,88,1878.0,1956.0,0.0,0.18,1.96,Indianapolis,KIND,2015,5,May,62.0,-7.0,False,False,-0.18
2015-05-14,60,49,70,52,72,33,88,1895.0,1881.0,0.0,0.17,1.84,Indianapolis,KIND,2015,5,May,62.0,-2.0,False,False,-0.17
2015-05-15,71,60,82,52,72,35,88,1973.0,2001.0,0.12,0.16,1.97,Indianapolis,KIND,2015,5,May,62.0,9.0,False,False,-0.04000000000000001
2015-05-16,68,64,71,53,73,32,90,1997.0,1900.0,0.53,0.17,1.6,Indianapolis,KIND,2015,5,May,63.0,5.0,False,False,0.36
2015-05-17,72,64,79,53,73,36,90,1973.0,1962.0,0.0,0.17,2.3,Indianapolis,KIND,2015,5,May,63.0,9.0,False,False,-0.17
2015-05-18,71,62,79,53,73,35,90,1973.0,1962.0,0.0,0.17,2.36,Indianapolis,KIND,2015,5,May,63.0,8.0,False,False,-0.17
2015-05-19,57,48,65,54,74,32,90,2002.0,1977.0,0.0,0.17,1.36,Indianapolis,KIND,2015,5,May,64.0,-7.0,False,False,-0.17
2015-05-20,48,43,52,54,74,38,90,1894.0,1977.0,0.0,0.16,1.68,Indianapolis,KIND,2015,5,May,64.0,-16.0,False,False,-0.16
2015-05-21,56,47,64,54,74,36,92,2002.0,1941.0,0.0,0.18,2.69,Indianapolis,KIND,2015,5,May,64.0,-8.0,False,False,-0.18
2015-05-22,60,44,76,55,75,35,93,1883.0,1941.0,0.0,0.16,2.16,Indianapolis,KIND,2015,5,May,65.0,-5.0,False,False,-0.16
2015-05-23,67,55,79,55,75,37,92,1963.0,1939.0,0.0,0.16,3.13,Indianapolis,KIND,2015,5,May,65.0,2.0,False,False,-0.16
2015-05-24,72,59,85,55,75,37,90,1925.0,1965.0,0.0,0.17,1.55,Indianapolis,KIND,2015,5,May,65.0,7.0,False,False,-0.17
2015-05-25,73,67,79,56,76,34,93,1925.0,1965.0,0.01,0.16,1.35,Indianapolis,KIND,2015,5,May,66.0,7.0,False,False,-0.15
2015-05-26,72,64,80,56,76,35,94,1961.0,1911.0,0.07,0.16,2.33,Indianapolis,KIND,2015,5,May,66.0,6.0,False,False,-0.09
2015-05-27,73,63,82,56,76,31,94,1961.0,1911.0,0.07,0.15,1.62,Indianapolis,KIND,2015,5,May,66.0,7.0,False,False,-0.07999999999999999
2015-05-28,72,60,84,57,76,39,96,1907.0,1911.0,0.0,0.16,1.5,Indianapolis,KIND,2015,5,May,66.5,5.5,False,False,-0.16
2015-05-29,75,65,84,57,77,36,93,1965.0,1895.0,0.0,0.16,2.19,Indianapolis,KIND,2015,5,May,67.0,8.0,False,False,-0.16
2015-05-30,75,66,84,57,77,37,94,1947.0,1895.0,1.28,0.15,3.8,Indianapolis,KIND,2015,5,May,67.0,8.0,False,False,1.1300000000000001
2015-05-31,61,55,67,58,77,36,96,1889.0,1895.0,0.08,0.16,2.61,Indianapolis,KIND,2015,5,May,67.5,-6.5,False,False,-0.08
2015-06-01,58,52,64,58,78,39,96,2003.0,1934.0,0.0,0.14,1.95,Indianapolis,KIND,2015,6,Jun,68.0,-10.0,False,False,-0.14
2015-06-02,60,49,70,58,78,39,100,1956.0,1934.0,0.0,0.15,3.0,Indianapolis,KIND,2015,6,Jun,68.0,-8.0,False,False,-0.15
2015-06-03,61,51,71,59,78,40,100,1929.0,1895.0,0.0,0.14,2.89,Indianapolis,KIND,2015,6,Jun,68.5,-7.5,False,False,-0.14
2015-06-04,70,57,82,59,79,43,95,1946.0,2011.0,0.0,0.14,2.87,Indianapolis,KIND,2015,6,Jun,69.0,1.0,False,False,-0.14
2015-06-05,75,63,87,59,79,40,98,1945.0,1925.0,0.0,0.15,1.51,Indianapolis,KIND,2015,6,Jun,69.0,6.0,False,False,-0.15
2015-06-06,69,61,76,60,79,39,96,1894.0,1933.0,0.0,0.15,2.62,Indianapolis,KIND,2015,6,Jun,69.5,-0.5,False,False,-0.15
2015-06-07,75,62,88,60,80,41,98,1894.0,1933.0,0.0,0.14,3.8,Indianapolis,KIND,2015,6,Jun,70.0,5.0,False,False,-0.14
2015-06-08,70,60,79,60,80,44,95,1913.0,1933.0,1.9,0.15,2.14,Indianapolis,KIND,2015,6,Jun,70.0,0.0,False,False,1.75
2015-06-09,70,58,82,60,80,41,94,1885.0,1914.0,0.0,0.14,2.11,Indianapolis,KIND,2015,6,Jun,70.0,0.0,False,False,-0.14
2015-06-10,78,65,90,61,81,44,96,1988.0,1933.0,0.0,0.14,2.21,Indianapolis,KIND,2015,6,Jun,71.0,7.0,False,False,-0.14
2015-06-11,80,69,90,61,81,41,96,1980.0,1933.0,0.0,0.14,2.9,Indianapolis,KIND,2015,6,Jun,71.0,9.0,False,False,-0.14
2015-06-12,81,72,89,61,81,42,96,1903.0,1894.0,0.21,0.13,3.04,Indianapolis,KIND,2015,6,Jun,71.0,10.0,False,False,0.07999999999999999
2015-06-13,80,71,88,62,82,45,95,1903.0,1894.0,0.0,0.14,2.2,Indianapolis,KIND,2015,6,Jun,72.0,8.0,False,False,-0.14
2015-06-14,78,70,86,62,82,45,94,1955.0,1954.0,0.13,0.14,2.12,Indianapolis,KIND,2015,6,Jun,72.0,6.0,False,False,-0.010000000000000009
2015-06-15,79,70,88,62,82,45,94,1917.0,1952.0,0.54,0.13,1.82,Indianapolis,KIND,2015,6,Jun,72.0,7.0,False,False,0.41000000000000003
2015-06-16,78,71,84,63,82,41,96,1917.0,1913.0,0.5,0.13,1.98,Indianapolis,KIND,2015,6,Jun,72.5,5.5,False,False,0.37
2015-06-17,76,72,79,63,83,46,95,1980.0,1913.0,0.75,0.14,1.73,Indianapolis,KIND,2015,6,Jun,73.0,3.0,False,False,0.61
2015-06-18,77,68,86,63,83,45,96,1960.0,1962.0,0.67,0.14,2.05,Indianapolis,KIND,2015,6,Jun,73.0,4.0,False,False,0.53
2015-06-19,73,68,78,63,83,48,97,1980.0,1953.0,0.67,0.14,1.75,Indianapolis,KIND,2015,6,Jun,73.0,0.0,False,False,0.53
2015-06-20,75,70,79,64,83,44,100,1980.0,1953.0,0.0,0.14,2.03,Indianapolis,KIND,2015,6,Jun,73.5,1.5,False,False,-0.14
2015-06-21,75,65,84,64,84,41,98,1992.0,1988.0,0.27,0.14,1.95,Indianapolis,KIND,2015,6,Jun,74.0,1.0,False,False,0.13
2015-06-22,78,69,86,64,84,37,99,1992.0,1988.0,0.0,0.15,1.92,Indianapolis,KIND,2015,6,Jun,74.0,4.0,False,False,-0.15
2015-06-23,76,68,83,64,84,44,96,1918.0,1930.0,0.0,0.14,2.81,Indianapolis,KIND,2015,6,Jun,74.0,2.0,False,False,-0.14
2015-06-24,71,62,80,64,84,49,98,1887.0,1933.0,0.0,0.15,0.92,Indianapolis,KIND,2015,6,Jun,74.0,-3.0,False,False,-0.15
2015-06-25,75,66,83,65,84,46,102,1972.0,1988.0,0.85,0.15,3.73,Indianapolis,KIND,2015,6,Jun,74.5,0.5,False,False,0.7
2015-06-26,71,66,76,65,85,49,102,1979.0,1954.0,1.57,0.14,3.09,Indianapolis,KIND,2015,6,Jun,75.0,-4.0,False,False,1.4300000000000002
2015-06-27,66,60,72,65,85,48,100,1926.0,1934.0,0.0,0.14,2.79,Indianapolis,KIND,2015,6,Jun,75.0,-9.0,False,False,-0.14
2015-06-28,67,55,78,65,85,50,104,1950.0,2012.0,0.09,0.15,1.65,Indianapolis,KIND,2015,6,Jun,75.0,-8.0,False,False,-0.06
2015-06-29,70,63,77,65,85,48,103,1923.0,2012.0,0.21,0.14,1.63,Indianapolis,KIND,2015,6,Jun,75.0,-5.0,False,False,0.06999999999999998
2015-06-30,73,64,82,65,85,46,97,1943.0,1933.0,0.0,0.14,1.5,Indianapolis,KIND,2015,6,Jun,75.0,-2.0,False,False,-0.14
2014-07-01,82,72,91,72,91,65,100,1981.0,1990.0,0.0,0.21,7.26,Jacksonville,KJAX,2014,7,Jul,81.5,0.5,False,False,-0.21
2014-07-02,81,73,89,72,91,65,100,2000.0,1902.0,0.0,0.21,2.3,Jacksonville,KJAX,2014,7,Jul,81.5,-0.5,False,False,-0.21
2014-07-03,84,71,96,72,92,63,99,2000.0,1970.0,0.41,0.22,4.87,Jacksonville,KJAX,2014,7,Jul,82.0,2.0,True,False,0.18999999999999997
2014-07-04,81,70,91,72,92,65,99,2000.0,1954.0,0.0,0.21,1.4,Jacksonville,KJAX,2014,7,Jul,82.0,-1.0,False,False,-0.21
2014-07-05,82,73,90,72,92,66,100,2000.0,1877.0,0.01,0.21,1.85,Jacksonville,KJAX,2014,7,Jul,82.0,0.0,False,False,-0.19999999999999998
2014-07-06,79,70,88,72,92,66,100,1986.0,1969.0,0.0,0.21,3.49,Jacksonville,KJAX,2014,7,Jul,82.0,-3.0,False,False,-0.21
2014-07-07,81,70,92,72,92,65,101,1988.0,1902.0,0.0,0.21,2.07,Jacksonville,KJAX,2014,7,Jul,82.0,-1.0,False,False,-0.21
2014-07-08,82,72,91,72,92,61,100,1972.0,1879.0,0.0,0.21,3.78,Jacksonville,KJAX,2014,7,Jul,82.0,0.0,False,False,-0.21
2014-07-09,83,71,94,72,92,63,101,2006.0,1941.0,0.0,0.22,2.07,Jacksonville,KJAX,2014,7,Jul,82.0,1.0,False,False,-0.22
2014-07-10,82,73,91,72,92,65,102,2000.0,1879.0,0.31,0.21,1.45,Jacksonville,KJAX,2014,7,Jul,82.0,0.0,False,False,0.1
2014-07-11,81,72,89,73,92,65,104,1963.0,1879.0,0.27,0.21,3.14,Jacksonville,KJAX,2014,7,Jul,82.5,-1.5,False,False,0.060000000000000026
2014-07-12,76,72,79,73,92,66,102,1890.0,1879.0,0.38,0.2,3.97,Jacksonville,KJAX,2014,7,Jul,82.5,-6.5,False,False,0.18
2014-07-13,80,71,88,73,92,66,102,1974.0,1980.0,0.02,0.21,2.35,Jacksonville,KJAX,2014,7,Jul,82.5,-2.5,False,False,-0.19
2014-07-14,83,73,92,73,92,63,102,1974.0,1951.0,0.0,0.2,2.11,Jacksonville,KJAX,2014,7,Jul,82.5,0.5,False,False,-0.2
2014-07-15,82,72,91,73,92,62,102,1974.0,1981.0,0.0,0.2,3.16,Jacksonville,KJAX,2014,7,Jul,82.5,-0.5,False,False,-0.2
2014-07-16,81,72,89,73,92,67,102,2001.0,1981.0,0.62,0.2,3.66,Jacksonville,KJAX,2014,7,Jul,82.5,-1.5,False,False,0.42
2014-07-17,79,69,89,73,92,64,103,1980.0,1981.0,0.0,0.21,2.2,Jacksonville,KJAX,2014,7,Jul,82.5,-3.5,False,False,-0.21
2014-07-18,79,71,87,73,92,68,100,2011.0,1887.0,0.71,0.21,1.1,Jacksonville,KJAX,2014,7,Jul,82.5,-3.5,False,True,0.5
2014-07-19,82,74,89,73,92,65,101,2011.0,2000.0,0.0,0.22,2.17,Jacksonville,KJAX,2014,7,Jul,82.5,-0.5,False,False,-0.22
2014-07-20,83,73,92,73,92,68,103,2006.0,2000.0,0.0,0.22,3.17,Jacksonville,KJAX,2014,7,Jul,82.5,0.5,False,False,-0.22
2014-07-21,81,73,88,73,92,66,102,1929.0,1942.0,0.0,0.23,1.8,Jacksonville,KJAX,2014,7,Jul,82.5,-1.5,False,False,-0.23
2014-07-22,81,72,89,73,92,67,101,1965.0,1942.0,0.0,0.22,2.5,Jacksonville,KJAX,2014,7,Jul,82.5,-1.5,False,False,-0.22
2014-07-23,83,72,93,73,92,64,99,2007.0,1952.0,0.0,0.22,3.19,Jacksonville,KJAX,2014,7,Jul,82.5,0.5,False,False,-0.22
2014-07-24,83,72,93,73,92,68,100,1977.0,1952.0,0.0,0.23,2.32,Jacksonville,KJAX,2014,7,Jul,82.5,0.5,False,False,-0.23
2014-07-25,84,74,94,73,92,64,101,1977.0,1875.0,0.02,0.22,2.14,Jacksonville,KJAX,2014,7,Jul,82.5,1.5,False,False,-0.2
2014-07-26,83,73,92,73,92,67,102,2000.0,1926.0,0.0,0.22,2.94,Jacksonville,KJAX,2014,7,Jul,82.5,0.5,False,False,-0.22
2014-07-27,86,76,95,73,92,67,100,1978.0,1872.0,0.0,0.2,3.01,Jacksonville,KJAX,2014,7,Jul,82.5,3.5,False,False,-0.2
2014-07-28,87,78,96,73,92,67,104,1920.0,1872.0,0.0,0.2,4.46,Jacksonville,KJAX,2014,7,Jul,82.5,4.5,False,False,-0.2
2014-07-29,85,75,94,73,92,69,100,2000.0,1875.0,0.0,0.2,2.88,Jacksonville,KJAX,2014,7,Jul,82.5,2.5,False,False,-0.2
2014-07-30,81,70,92,73,92,68,102,1894.0,2010.0,0.0,0.2,1.74,Jacksonville,KJAX,2014,7,Jul,82.5,-1.5,False,True,-0.2
2014-07-31,81,69,93,73,92,69,102,1914.0,1999.0,0.0,0.21,2.03,Jacksonville,KJAX,2014,7,Jul,82.5,-1.5,False,True,-0.21
2014-08-01,84,74,93,73,92,68,102,1966.0,1999.0,0.0,0.21,3.73,Jacksonville,KJAX,2014,8,Aug,82.5,1.5,False,False,-0.21
2014-08-02,82,73,91,73,92,68,101,1997.0,1999.0,0.59,0.2,3.38,Jacksonville,KJAX,2014,8,Aug,82.5,-0.5,False,False,0.38999999999999996
2014-08-03,81,73,89,73,92,69,99,1974.0,1957.0,0.7,0.21,2.72,Jacksonville,KJAX,2014,8,Aug,82.5,-1.5,False,False,0.49
2014-08-04,80,75,85,73,92,68,99,2001.0,2011.0,0.01,0.19,4.02,Jacksonville,KJAX,2014,8,Aug,82.5,-2.5,False,False,-0.18
2014-08-05,83,74,92,73,92,69,99,1989.0,2011.0,0.0,0.2,3.23,Jacksonville,KJAX,2014,8,Aug,82.5,0.5,False,False,-0.2
2014-08-06,84,74,94,73,92,67,99,1969.0,1956.0,0.0,0.19,3.35,Jacksonville,KJAX,2014,8,Aug,82.5,1.5,False,False,-0.19
2014-08-07,85,74,95,73,92,66,100,1950.0,1956.0,0.0,0.2,3.3,Jacksonville,KJAX,2014,8,Aug,82.5,2.5,False,False,-0.2
2014-08-08,84,74,94,73,92,64,98,2002.0,2007.0,0.0,0.19,2.66,Jacksonville,KJAX,2014,8,Aug,82.5,1.5,False,False,-0.19
2014-08-09,84,73,95,73,92,63,101,2002.0,1987.0,0.0,0.2,2.04,Jacksonville,KJAX,2014,8,Aug,82.5,1.5,False,False,-0.2
2014-08-10,83,74,92,73,92,66,99,1918.0,1987.0,0.0,0.21,1.92,Jacksonville,KJAX,2014,8,Aug,82.5,0.5,False,False,-0.21
2014-08-11,82,72,92,73,91,68,98,2002.0,2011.0,0.7,0.21,1.46,Jacksonville,KJAX,2014,8,Aug,82.0,0.0,False,False,0.49
2014-08-12,82,75,89,73,91,65,100,1989.0,1874.0,0.01,0.2,3.15,Jacksonville,KJAX,2014,8,Aug,82.0,0.0,False,False,-0.19
2014-08-13,80,74,86,73,91,64,99,1890.0,1954.0,0.08,0.21,2.34,Jacksonville,KJAX,2014,8,Aug,82.0,-2.0,False,False,-0.13
2014-08-14,82,73,91,73,91,66,97,1890.0,1938.0,0.04,0.21,3.62,Jacksonville,KJAX,2014,8,Aug,82.0,0.0,False,False,-0.16999999999999998
2014-08-15,81,73,89,73,91,67,99,1983.0,1956.0,0.0,0.21,3.06,Jacksonville,KJAX,2014,8,Aug,82.0,-1.0,False,False,-0.21
2014-08-16,83,73,93,73,91,67,97,1954.0,1957.0,0.0,0.2,3.83,Jacksonville,KJAX,2014,8,Aug,82.0,1.0,False,False,-0.2
2014-08-17,83,73,93,73,91,67,99,1993.0,1954.0,0.25,0.2,1.4,Jacksonville,KJAX,2014,8,Aug,82.0,1.0,False,False,0.04999999999999999
2014-08-18,84,74,93,73,91,67,98,1945.0,1954.0,0.02,0.21,3.26,Jacksonville,KJAX,2014,8,Aug,82.0,2.0,False,False,-0.19
2014-08-19,84,73,94,73,91,64,99,1889.0,1900.0,0.0,0.21,3.22,Jacksonville,KJAX,2014,8,Aug,82.0,2.0,False,False,-0.21
2014-08-20,84,73,95,73,91,68,101,1960.0,1900.0,0.0,0.22,4.44,Jacksonville,KJAX,2014,8,Aug,82.0,2.0,False,False,-0.22
2014-08-21,85,73,97,73,91,66,101,1961.0,1901.0,0.0,0.22,3.83,Jacksonville,KJAX,2014,8,Aug,82.0,3.0,False,False,-0.22
2014-08-22,86,73,99,73,90,64,100,1930.0,1900.0,0.0,0.22,6.8,Jacksonville,KJAX,2014,8,Aug,81.5,4.5,True,False,-0.22
2014-08-23,87,75,98,73,90,65,98,1886.0,1966.0,0.0,0.24,2.51,Jacksonville,KJAX,2014,8,Aug,81.5,5.5,True,False,-0.24
2014-08-24,82,73,91,73,90,66,99,1996.0,1987.0,0.0,0.25,4.46,Jacksonville,KJAX,2014,8,Aug,81.5,0.5,False,False,-0.25
2014-08-25,80,74,86,72,90,65,98,1997.0,1968.0,0.49,0.25,3.63,Jacksonville,KJAX,2014,8,Aug,81.0,-1.0,False,False,0.24
2014-08-26,78,70,85,72,90,64,98,1997.0,1872.0,0.14,0.26,3.74,Jacksonville,KJAX,2014,8,Aug,81.0,-3.0,False,False,-0.12
2014-08-27,77,66,88,72,90,64,99,1984.0,2011.0,0.0,0.26,3.42,Jacksonville,KJAX,2014,8,Aug,81.0,-4.0,False,True,-0.26
2014-08-28,77,64,90,72,90,64,97,2014.0,1959.0,0.0,0.25,7.82,Jacksonville,KJAX,2014,8,Aug,81.0,-4.0,False,True,-0.25
2014-08-29,80,67,92,72,90,63,99,1984.0,1990.0,0.0,0.26,2.73,Jacksonville,KJAX,2014,8,Aug,81.0,-1.0,False,False,-0.26
2014-08-30,82,72,91,72,90,64,98,1896.0,1948.0,0.0,0.25,3.88,Jacksonville,KJAX,2014,8,Aug,81.0,1.0,False,False,-0.25
2014-08-31,82,71,93,72,89,64,98,1999.0,1970.0,0.0,0.26,2.93,Jacksonville,KJAX,2014,8,Aug,80.5,1.5,False,False,-0.26
2014-09-01,84,73,94,72,89,62,98,1999.0,1912.0,0.0,0.28,6.4,Jacksonville,KJAX,2014,9,Sep,80.5,3.5,False,False,-0.28
2014-09-02,83,73,92,72,89,57,98,1999.0,1970.0,0.1,0.29,4.13,Jacksonville,KJAX,2014,9,Sep,80.5,2.5,False,False,-0.18999999999999997
2014-09-03,81,70,91,72,89,64,99,1972.0,1912.0,0.0,0.29,1.81,Jacksonville,KJAX,2014,9,Sep,80.5,0.5,False,False,-0.29
2014-09-04,79,70,88,72,89,66,97,1972.0,1951.0,0.0,0.29,4.08,Jacksonville,KJAX,2014,9,Sep,80.5,-1.5,False,False,-0.29
2014-09-05,79,70,88,72,89,63,98,1997.0,1999.0,1.27,0.29,5.56,Jacksonville,KJAX,2014,9,Sep,80.5,-1.5,False,False,0.98
2014-09-06,80,73,86,71,89,61,98,1997.0,1875.0,0.58,0.29,5.92,Jacksonville,KJAX,2014,9,Sep,80.0,0.0,False,False,0.29
2014-09-07,76,73,78,71,88,63,96,1997.0,1951.0,1.31,0.29,3.85,Jacksonville,KJAX,2014,9,Sep,79.5,-3.5,False,False,1.02
2014-09-08,80,71,88,71,88,61,98,2011.0,1990.0,1.42,0.28,3.11,Jacksonville,KJAX,2014,9,Sep,79.5,0.5,False,False,1.14
2014-09-09,79,71,86,71,88,62,97,2011.0,1990.0,0.55,0.27,6.1,Jacksonville,KJAX,2014,9,Sep,79.5,-0.5,False,False,0.28
2014-09-10,80,71,88,71,88,62,97,1956.0,1945.0,0.0,0.27,6.01,Jacksonville,KJAX,2014,9,Sep,79.5,0.5,False,False,-0.27
2014-09-11,80,70,90,71,88,62,96,1998.0,1954.0,0.0,0.27,4.12,Jacksonville,KJAX,2014,9,Sep,79.5,0.5,False,False,-0.27
2014-09-12,81,71,90,71,88,61,96,1917.0,1991.0,0.0,0.28,5.43,Jacksonville,KJAX,2014,9,Sep,79.5,1.5,False,False,-0.28
2014-09-13,82,72,91,70,88,61,97,1917.0,1991.0,0.0,0.28,2.96,Jacksonville,KJAX,2014,9,Sep,79.0,3.0,False,False,-0.28
2014-09-14,82,72,91,70,87,62,96,1956.0,1991.0,0.0,0.29,1.9,Jacksonville,KJAX,2014,9,Sep,78.5,3.5,False,False,-0.29
2014-09-15,82,72,92,70,87,62,96,1996.0,1972.0,0.12,0.29,3.85,Jacksonville,KJAX,2014,9,Sep,78.5,3.5,False,False,-0.16999999999999998
2014-09-16,77,72,82,70,87,57,97,2001.0,1990.0,0.74,0.28,6.61,Jacksonville,KJAX,2014,9,Sep,78.5,-1.5,False,False,0.45999999999999996
2014-09-17,80,71,88,70,87,60,96,2001.0,1896.0,0.0,0.28,3.82,Jacksonville,KJAX,2014,9,Sep,78.5,1.5,False,False,-0.28
2014-09-18,81,69,92,69,87,58,95,1981.0,1972.0,0.0,0.28,3.02,Jacksonville,KJAX,2014,9,Sep,78.0,3.0,True,False,-0.28
2014-09-19,77,70,84,69,86,48,96,1981.0,1942.0,0.37,0.29,2.84,Jacksonville,KJAX,2014,9,Sep,77.5,-0.5,False,False,0.08000000000000002
2014-09-20,73,68,78,69,86,48,95,1981.0,1925.0,0.23,0.28,4.68,Jacksonville,KJAX,2014,9,Sep,77.5,-4.5,False,False,-0.05000000000000002
2014-09-21,76,64,87,69,86,49,97,1897.0,1990.0,0.0,0.26,5.27,Jacksonville,KJAX,2014,9,Sep,77.5,-1.5,False,False,-0.26
2014-09-22,76,62,89,68,86,49,96,1897.0,1990.0,0.01,0.26,4.24,Jacksonville,KJAX,2014,9,Sep,77.0,-1.0,False,False,-0.25
2014-09-23,75,69,81,68,86,53,95,1897.0,1925.0,0.05,0.26,5.1,Jacksonville,KJAX,2014,9,Sep,77.0,-2.0,False,False,-0.21000000000000002
2014-09-24,68,63,72,68,85,53,94,1990.0,1925.0,0.0,0.26,4.46,Jacksonville,KJAX,2014,9,Sep,76.5,-8.5,False,False,-0.26
2014-09-25,71,63,78,68,85,51,94,1990.0,1961.0,0.0,0.26,4.04,Jacksonville,KJAX,2014,9,Sep,76.5,-5.5,False,False,-0.26
2014-09-26,74,66,82,67,85,55,96,1940.0,1961.0,0.0,0.25,9.82,Jacksonville,KJAX,2014,9,Sep,76.0,-2.0,False,False,-0.25
2014-09-27,75,71,79,67,85,54,94,1940.0,1970.0,0.0,0.26,5.26,Jacksonville,KJAX,2014,9,Sep,76.0,-1.0,False,False,-0.26
2014-09-28,80,73,86,67,85,56,96,1909.0,1900.0,0.0,0.24,4.8,Jacksonville,KJAX,2014,9,Sep,76.0,4.0,False,False,-0.24
2014-09-29,76,72,80,66,84,53,92,1993.0,1936.0,3.05,0.24,4.73,Jacksonville,KJAX,2014,9,Sep,75.0,1.0,False,False,2.8099999999999996
2014-09-30,74,70,77,66,84,50,94,1967.0,1959.0,0.0,0.24,3.25,Jacksonville,KJAX,2014,9,Sep,75.0,-1.0,False,False,-0.24
2014-10-01,76,70,82,66,84,48,94,1920.0,1958.0,0.0,0.21,5.14,Jacksonville,KJAX,2014,10,Oct,75.0,1.0,False,False,-0.21
2014-10-02,78,70,85,65,84,43,93,1876.0,1977.0,0.0,0.2,3.57,Jacksonville,KJAX,2014,10,Oct,74.5,3.5,False,False,-0.2
2014-10-03,78,68,88,65,83,45,94,1876.0,1911.0,0.61,0.2,7.83,Jacksonville,KJAX,2014,10,Oct,74.0,4.0,False,False,0.41
2014-10-04,68,56,80,65,83,47,94,2011.0,1990.0,0.15,0.19,2.24,Jacksonville,KJAX,2014,10,Oct,74.0,-6.0,False,False,-0.04000000000000001
2014-10-05,60,47,73,64,83,46,94,1987.0,1951.0,0.0,0.18,4.51,Jacksonville,KJAX,2014,10,Oct,73.5,-13.5,False,True,-0.18
2014-10-06,64,50,78,64,83,49,95,1979.0,1951.0,0.0,0.17,3.48,Jacksonville,KJAX,2014,10,Oct,73.5,-9.5,False,True,-0.17
2014-10-07,72,60,84,64,82,47,95,2010.0,1951.0,0.0,0.18,6.14,Jacksonville,KJAX,2014,10,Oct,73.0,-1.0,False,False,-0.18
2014-10-08,76,63,89,63,82,44,95,1987.0,1949.0,0.0,0.17,3.91,Jacksonville,KJAX,2014,10,Oct,72.5,3.5,False,False,-0.17
2014-10-09,76,64,88,63,82,46,94,2000.0,1941.0,0.0,0.17,1.8,Jacksonville,KJAX,2014,10,Oct,72.5,3.5,False,False,-0.17
2014-10-10,76,65,87,63,82,46,93,2000.0,2009.0,0.0,0.16,3.56,Jacksonville,KJAX,2014,10,Oct,72.5,3.5,False,False,-0.16
2014-10-11,75,62,88,62,82,45,91,1906.0,1959.0,0.0,0.16,4.3,Jacksonville,KJAX,2014,10,Oct,72.0,3.0,True,False,-0.16
2014-10-12,74,62,86,62,81,46,92,1971.0,2009.0,0.0,0.15,2.31,Jacksonville,KJAX,2014,10,Oct,71.5,2.5,False,False,-0.15
2014-10-13,76,66,86,62,81,43,89,1977.0,1986.0,0.03,0.14,1.82,Jacksonville,KJAX,2014,10,Oct,71.5,4.5,True,False,-0.11000000000000001
2014-10-14,79,70,88,61,81,40,91,1977.0,1912.0,1.04,0.12,1.99,Jacksonville,KJAX,2014,10,Oct,71.0,8.0,True,False,0.92
2014-10-15,69,59,78,61,81,40,90,1977.0,1990.0,0.04,0.13,2.24,Jacksonville,KJAX,2014,10,Oct,71.0,-2.0,False,False,-0.09
2014-10-16,66,53,78,61,80,39,90,1978.0,1925.0,0.0,0.12,6.47,Jacksonville,KJAX,2014,10,Oct,70.5,-4.5,False,False,-0.12
2014-10-17,66,52,80,60,80,37,91,1977.0,1989.0,0.0,0.11,3.86,Jacksonville,KJAX,2014,10,Oct,70.0,-4.0,False,False,-0.11
2014-10-18,69,54,84,60,80,36,91,1977.0,1980.0,0.0,0.11,7.47,Jacksonville,KJAX,2014,10,Oct,70.0,-1.0,False,False,-0.11
2014-10-19,67,57,76,59,80,43,91,1981.0,1980.0,0.0,0.1,9.21,Jacksonville,KJAX,2014,10,Oct,69.5,-2.5,False,False,-0.1
2014-10-20,69,56,82,59,80,40,89,1981.0,2006.0,0.0,0.09,3.87,Jacksonville,KJAX,2014,10,Oct,69.5,-0.5,False,False,-0.09
2014-10-21,71,59,83,59,79,36,89,1989.0,1993.0,0.0,0.09,3.18,Jacksonville,KJAX,2014,10,Oct,69.0,2.0,False,False,-0.09
2014-10-22,63,52,74,58,79,39,92,1976.0,2006.0,0.0,0.09,5.26,Jacksonville,KJAX,2014,10,Oct,68.5,-5.5,False,False,-0.09
2014-10-23,61,49,73,58,79,40,88,1976.0,2007.0,0.0,0.08,3.6,Jacksonville,KJAX,2014,10,Oct,68.5,-7.5,False,False,-0.08
2014-10-24,61,46,75,58,79,37,87,2006.0,1949.0,0.0,0.09,4.69,Jacksonville,KJAX,2014,10,Oct,68.5,-7.5,False,False,-0.09
2014-10-25,62,47,77,57,78,38,89,2006.0,2010.0,0.0,0.08,4.76,Jacksonville,KJAX,2014,10,Oct,67.5,-5.5,False,False,-0.08
2014-10-26,65,47,83,57,78,38,89,1980.0,2010.0,0.0,0.07,1.79,Jacksonville,KJAX,2014,10,Oct,67.5,-2.5,False,False,-0.07
2014-10-27,71,54,87,57,78,40,90,1926.0,2010.0,0.0,0.07,2.64,Jacksonville,KJAX,2014,10,Oct,67.5,3.5,True,False,-0.07
2014-10-28,70,55,84,56,78,37,89,2008.0,2010.0,0.0,0.08,1.93,Jacksonville,KJAX,2014,10,Oct,67.0,3.0,False,False,-0.08
2014-10-29,72,58,85,56,78,33,87,2008.0,1984.0,0.0,0.07,1.76,Jacksonville,KJAX,2014,10,Oct,67.0,5.0,True,False,-0.07
2014-10-30,70,59,81,56,77,37,86,1910.0,1951.0,0.0,0.08,3.97,Jacksonville,KJAX,2014,10,Oct,66.5,3.5,False,False,-0.08
2014-10-31,63,50,75,55,77,38,86,1993.0,1896.0,0.0,0.07,2.84,Jacksonville,KJAX,2014,10,Oct,66.0,-3.0,False,False,-0.07
2014-11-01,50,42,57,55,77,33,88,1993.0,1961.0,0.0,0.07,2.75,Jacksonville,KJAX,2014,11,Nov,66.0,-16.0,False,False,-0.07
2014-11-02,50,37,62,55,77,35,87,1993.0,1961.0,0.0,0.08,1.37,Jacksonville,KJAX,2014,11,Nov,66.0,-16.0,False,True,-0.08
2014-11-03,52,36,68,54,76,30,86,1954.0,2004.0,0.0,0.07,2.5,Jacksonville,KJAX,2014,11,Nov,65.0,-13.0,False,False,-0.07
2014-11-04,61,47,74,54,76,31,87,1966.0,1992.0,0.0,0.08,2.68,Jacksonville,KJAX,2014,11,Nov,65.0,-4.0,False,False,-0.08
2014-11-05,67,56,78,54,76,35,87,1976.0,2003.0,0.0,0.07,1.51,Jacksonville,KJAX,2014,11,Nov,65.0,2.0,False,False,-0.07
2014-11-06,69,56,82,53,76,32,86,1976.0,2003.0,0.0,0.08,1.92,Jacksonville,KJAX,2014,11,Nov,64.5,4.5,False,False,-0.08
2014-11-07,55,43,67,53,76,36,87,1976.0,1986.0,0.0,0.07,1.64,Jacksonville,KJAX,2014,11,Nov,64.5,-9.5,False,False,-0.07
2014-11-08,56,41,70,53,75,30,85,1976.0,1986.0,0.0,0.08,1.86,Jacksonville,KJAX,2014,11,Nov,64.0,-8.0,False,False,-0.08
2014-11-09,62,54,70,53,75,25,88,1976.0,1986.0,0.0,0.08,1.28,Jacksonville,KJAX,2014,11,Nov,64.0,-2.0,False,False,-0.08
2014-11-10,59,52,65,52,75,33,84,1976.0,1948.0,0.0,0.07,2.29,Jacksonville,KJAX,2014,11,Nov,63.5,-4.5,False,False,-0.07
2014-11-11,66,52,80,52,75,35,87,1977.0,1986.0,0.0,0.07,2.79,Jacksonville,KJAX,2014,11,Nov,63.5,2.5,False,False,-0.07
2014-11-12,61,45,77,52,74,31,87,2011.0,1986.0,0.0,0.07,1.3,Jacksonville,KJAX,2014,11,Nov,63.0,-2.0,False,False,-0.07
2014-11-13,64,55,73,52,74,31,86,1987.0,1889.0,0.0,0.07,0.86,Jacksonville,KJAX,2014,11,Nov,63.0,1.0,False,False,-0.07
2014-11-14,53,44,61,51,74,31,84,1984.0,2008.0,0.0,0.07,2.21,Jacksonville,KJAX,2014,11,Nov,62.5,-9.5,False,False,-0.07
2014-11-15,50,40,60,51,74,29,85,1969.0,1958.0,0.0,0.07,1.5,Jacksonville,KJAX,2014,11,Nov,62.5,-12.5,False,False,-0.07
2014-11-16,62,47,77,51,73,25,85,1940.0,2011.0,0.0,0.07,2.1,Jacksonville,KJAX,2014,11,Nov,62.0,0.0,False,False,-0.07
2014-11-17,67,52,81,50,73,29,85,1970.0,1957.0,0.95,0.06,1.28,Jacksonville,KJAX,2014,11,Nov,61.5,5.5,False,False,0.8899999999999999
2014-11-18,43,33,52,50,73,32,85,2008.0,1938.0,0.0,0.07,1.26,Jacksonville,KJAX,2014,11,Nov,61.5,-18.5,False,True,-0.07
2014-11-19,40,27,53,50,73,27,84,2014.0,1948.0,0.0,0.07,1.21,Jacksonville,KJAX,2014,11,Nov,61.5,-21.5,False,True,-0.07
2014-11-20,45,24,65,50,73,24,86,2014.0,1988.0,0.0,0.06,2.17,Jacksonville,KJAX,2014,11,Nov,61.5,-16.5,False,True,-0.06
2014-11-21,51,33,68,49,72,26,84,1937.0,1962.0,0.0,0.06,1.16,Jacksonville,KJAX,2014,11,Nov,60.5,-9.5,False,False,-0.06
2014-11-22,62,51,72,49,72,25,84,2000.0,1948.0,0.0,0.06,2.08,Jacksonville,KJAX,2014,11,Nov,60.5,1.5,False,False,-0.06
2014-11-23,73,68,78,49,72,28,84,2000.0,1992.0,1.11,0.06,2.01,Jacksonville,KJAX,2014,11,Nov,60.5,12.5,False,False,1.05
2014-11-24,78,70,86,49,72,25,86,1970.0,2014.0,0.0,0.06,1.21,Jacksonville,KJAX,2014,11,Nov,60.5,17.5,True,False,-0.06
2014-11-25,66,61,71,48,71,21,85,1970.0,1992.0,1.69,0.07,1.69,Jacksonville,KJAX,2014,11,Nov,59.5,6.5,False,False,1.6199999999999999
2014-11-26,52,41,63,48,71,27,84,1950.0,1946.0,0.21,0.06,1.48,Jacksonville,KJAX,2014,11,Nov,59.5,-7.5,False,False,0.15
2014-11-27,51,40,61,48,71,30,83,1903.0,1973.0,0.0,0.07,0.94,Jacksonville,KJAX,2014,11,Nov,59.5,-8.5,False,False,-0.07
2014-11-28,44,35,53,48,70,26,85,1903.0,1948.0,0.0,0.08,3.61,Jacksonville,KJAX,2014,11,Nov,59.0,-15.0,False,False,-0.08
2014-11-29,51,34,68,47,70,30,85,1959.0,1978.0,0.0,0.08,2.24,Jacksonville,KJAX,2014,11,Nov,58.5,-7.5,False,False,-0.08
2014-11-30,58,41,74,47,70,26,84,1959.0,1982.0,0.0,0.08,1.81,Jacksonville,KJAX,2014,11,Nov,58.5,-0.5,False,False,-0.08
2014-12-01,63,49,77,47,70,28,84,1979.0,1981.0,0.0,0.08,3.43,Jacksonville,KJAX,2014,12,Dec,58.5,4.5,False,False,-0.08
2014-12-02,66,52,79,47,69,25,84,1876.0,1991.0,0.0,0.09,1.12,Jacksonville,KJAX,2014,12,Dec,58.0,8.0,False,False,-0.09
2014-12-03,66,56,76,47,69,24,83,1876.0,1991.0,0.0,0.09,2.7,Jacksonville,KJAX,2014,12,Dec,58.0,8.0,False,False,-0.09
2014-12-04,65,54,76,46,69,25,84,1876.0,1994.0,0.0,0.09,3.81,Jacksonville,KJAX,2014,12,Dec,57.5,7.5,False,False,-0.09
2014-12-05,63,60,65,46,69,25,83,1876.0,2013.0,0.0,0.09,1.28,Jacksonville,KJAX,2014,12,Dec,57.5,5.5,False,False,-0.09
2014-12-06,70,60,79,46,69,26,83,1876.0,2013.0,0.0,0.09,1.38,Jacksonville,KJAX,2014,12,Dec,57.5,12.5,False,False,-0.09
2014-12-07,59,54,63,46,68,21,83,1937.0,2013.0,0.01,0.09,2.03,Jacksonville,KJAX,2014,12,Dec,57.0,2.0,False,False,-0.08
2014-12-08,53,49,56,45,68,24,83,2010.0,1978.0,0.0,0.08,1.8,Jacksonville,KJAX,2014,12,Dec,56.5,-3.5,False,False,-0.08
2014-12-09,50,40,60,45,68,28,84,1984.0,2004.0,0.0,0.09,3.29,Jacksonville,KJAX,2014,12,Dec,56.5,-6.5,False,False,-0.09
2014-12-10,48,36,59,45,68,25,82,1974.0,1961.0,0.0,0.08,2.86,Jacksonville,KJAX,2014,12,Dec,56.5,-8.5,False,False,-0.08
2014-12-11,47,34,59,45,67,23,83,1981.0,1961.0,0.0,0.09,1.34,Jacksonville,KJAX,2014,12,Dec,56.0,-9.0,False,False,-0.09
2014-12-12,50,35,64,45,67,22,83,1962.0,1961.0,0.0,0.09,2.72,Jacksonville,KJAX,2014,12,Dec,56.0,-6.0,False,False,-0.09
2014-12-13,50,31,68,44,67,12,83,1962.0,1956.0,0.0,0.09,2.86,Jacksonville,KJAX,2014,12,Dec,55.5,-5.5,False,False,-0.09
2014-12-14,51,31,71,44,67,20,82,2010.0,1956.0,0.0,0.08,2.07,Jacksonville,KJAX,2014,12,Dec,55.5,-4.5,False,False,-0.08
2014-12-15,52,34,70,44,67,21,84,2010.0,2009.0,0.0,0.09,1.59,Jacksonville,KJAX,2014,12,Dec,55.5,-3.5,False,False,-0.09
2014-12-16,55,34,76,44,66,26,83,1968.0,1956.0,0.0,0.09,1.86,Jacksonville,KJAX,2014,12,Dec,55.0,0.0,False,False,-0.09
2014-12-17,53,40,66,44,66,26,81,1943.0,1961.0,0.0,0.09,3.96,Jacksonville,KJAX,2014,12,Dec,55.0,-2.0,False,False,-0.09
2014-12-18,52,39,64,43,66,25,81,1988.0,1961.0,0.0,0.1,1.54,Jacksonville,KJAX,2014,12,Dec,54.5,-2.5,False,False,-0.1
2014-12-19,56,41,70,43,66,23,83,1975.0,1967.0,0.0,0.1,2.14,Jacksonville,KJAX,2014,12,Dec,54.5,1.5,False,False,-0.1
2014-12-20,60,51,69,43,66,19,82,1981.0,1990.0,0.0,0.1,2.86,Jacksonville,KJAX,2014,12,Dec,54.5,5.5,False,False,-0.1
2014-12-21,57,56,58,43,66,20,83,1901.0,2013.0,0.16,0.1,4.69,Jacksonville,KJAX,2014,12,Dec,54.5,2.5,False,False,0.06
2014-12-22,63,56,70,43,65,25,84,1973.0,2013.0,2.59,0.1,2.89,Jacksonville,KJAX,2014,12,Dec,54.0,9.0,False,False,2.4899999999999998
2014-12-23,68,62,74,43,65,24,84,1989.0,1956.0,0.74,0.09,1.41,Jacksonville,KJAX,2014,12,Dec,54.0,14.0,False,False,0.65
2014-12-24,72,64,79,42,65,18,81,1983.0,1981.0,0.22,0.1,1.65,Jacksonville,KJAX,2014,12,Dec,53.5,18.5,True,False,0.12
2014-12-25,53,42,64,42,65,11,81,1983.0,1984.0,0.0,0.09,2.72,Jacksonville,KJAX,2014,12,Dec,53.5,-0.5,False,False,-0.09
2014-12-26,53,38,67,42,65,13,83,1983.0,1987.0,0.0,0.1,1.59,Jacksonville,KJAX,2014,12,Dec,53.5,-0.5,False,False,-0.1
2014-12-27,62,49,74,42,65,23,81,1935.0,2008.0,0.0,0.08,1.63,Jacksonville,KJAX,2014,12,Dec,53.5,8.5,False,False,-0.08
2014-12-28,68,54,82,42,65,20,83,2010.0,1971.0,0.0,0.09,2.61,Jacksonville,KJAX,2014,12,Dec,53.5,14.5,True,False,-0.09
2014-12-29,69,58,79,42,65,14,82,1894.0,1990.0,0.02,0.08,2.06,Jacksonville,KJAX,2014,12,Dec,53.5,15.5,True,False,-0.06
2014-12-30,64,56,71,42,65,19,83,1909.0,1990.0,0.0,0.09,1.12,Jacksonville,KJAX,2014,12,Dec,53.5,10.5,False,False,-0.09
2014-12-31,53,49,57,42,65,19,82,1917.0,1973.0,0.0,0.09,1.83,Jacksonville,KJAX,2014,12,Dec,53.5,-0.5,False,False,-0.09
2015-01-01,55,48,61,41,65,21,81,1918.0,1967.0,0.0,0.09,1.2,Jacksonville,KJAX,2015,1,Jan,53.0,2.0,False,False,-0.09
2015-01-02,53,48,57,42,65,21,82,1928.0,1988.0,0.0,0.09,1.83,Jacksonville,KJAX,2015,1,Jan,53.5,-0.5,False,False,-0.09
2015-01-03,71,60,81,41,64,19,81,1979.0,2015.0,0.0,0.09,1.97,Jacksonville,KJAX,2015,1,Jan,52.5,18.5,True,False,-0.09
2015-01-04,72,65,79,41,64,22,82,1887.0,1973.0,0.27,0.09,1.74,Jacksonville,KJAX,2015,1,Jan,52.5,19.5,True,False,0.18000000000000002
2015-01-05,56,45,66,41,64,23,81,1999.0,1972.0,0.0,0.09,2.4,Jacksonville,KJAX,2015,1,Jan,52.5,3.5,False,False,-0.09
2015-01-06,56,40,71,41,64,21,83,1999.0,2007.0,0.0,0.09,1.97,Jacksonville,KJAX,2015,1,Jan,52.5,3.5,False,False,-0.09
2015-01-07,52,39,65,41,64,21,82,1924.0,2007.0,0.0,0.1,2.96,Jacksonville,KJAX,2015,1,Jan,52.5,-0.5,False,False,-0.1
2015-01-08,34,27,40,41,64,21,82,1970.0,2005.0,0.0,0.09,3.09,Jacksonville,KJAX,2015,1,Jan,52.5,-18.5,False,False,-0.09
2015-01-09,45,35,55,41,64,19,83,1970.0,1974.0,0.0,0.11,2.1,Jacksonville,KJAX,2015,1,Jan,52.5,-7.5,False,False,-0.11
2015-01-10,47,38,56,41,64,21,82,1970.0,1957.0,0.0,0.1,2.11,Jacksonville,KJAX,2015,1,Jan,52.5,-5.5,False,False,-0.1
2015-01-11,56,48,63,41,64,17,83,1982.0,1972.0,0.07,0.11,2.69,Jacksonville,KJAX,2015,1,Jan,52.5,3.5,False,False,-0.039999999999999994
2015-01-12,62,57,66,41,64,15,82,1886.0,1949.0,1.07,0.11,2.68,Jacksonville,KJAX,2015,1,Jan,52.5,9.5,False,False,0.9600000000000001
2015-01-13,58,52,64,41,64,13,82,1981.0,1972.0,0.0,0.11,2.23,Jacksonville,KJAX,2015,1,Jan,52.5,5.5,False,False,-0.11
2015-01-14,50,47,53,41,65,23,81,1964.0,1888.0,0.0,0.11,2.35,Jacksonville,KJAX,2015,1,Jan,53.0,-3.0,False,False,-0.11
2015-01-15,45,42,48,41,65,22,83,1979.0,1989.0,0.19,0.11,0.89,Jacksonville,KJAX,2015,1,Jan,53.0,-8.0,False,False,0.08
2015-01-16,49,38,60,41,65,22,84,1927.0,1947.0,0.0,0.1,1.67,Jacksonville,KJAX,2015,1,Jan,53.0,-4.0,False,False,-0.1
2015-01-17,51,35,66,41,65,21,84,1977.0,1943.0,0.0,0.11,2.43,Jacksonville,KJAX,2015,1,Jan,53.0,-2.0,False,False,-0.11
2015-01-18,56,42,69,41,65,21,83,1977.0,1937.0,0.0,0.11,0.62,Jacksonville,KJAX,2015,1,Jan,53.0,3.0,False,False,-0.11
2015-01-19,51,33,68,41,65,19,83,1977.0,1937.0,0.0,0.11,2.9,Jacksonville,KJAX,2015,1,Jan,53.0,-2.0,False,False,-0.11
2015-01-20,54,36,71,41,65,19,83,1985.0,1990.0,0.0,0.11,1.61,Jacksonville,KJAX,2015,1,Jan,53.0,1.0,False,False,-0.11
2015-01-21,62,48,75,41,65,7,83,1985.0,1921.0,0.0,0.12,1.71,Jacksonville,KJAX,2015,1,Jan,53.0,9.0,False,False,-0.12
2015-01-22,59,45,72,42,65,16,82,1985.0,1999.0,0.0,0.12,1.21,Jacksonville,KJAX,2015,1,Jan,53.5,5.5,False,False,-0.12
2015-01-23,60,52,67,42,65,25,82,1960.0,1974.0,1.34,0.11,2.33,Jacksonville,KJAX,2015,1,Jan,53.5,6.5,False,False,1.23
2015-01-24,55,40,69,42,65,19,83,2003.0,1937.0,0.12,0.12,2.18,Jacksonville,KJAX,2015,1,Jan,53.5,1.5,False,False,0.0
2015-01-25,49,35,63,42,65,20,83,2003.0,1990.0,0.0,0.12,2.64,Jacksonville,KJAX,2015,1,Jan,53.5,-4.5,False,False,-0.12
2015-01-26,52,44,60,42,65,17,82,1905.0,1950.0,0.02,0.12,2.31,Jacksonville,KJAX,2015,1,Jan,53.5,-1.5,False,False,-0.09999999999999999
2015-01-27,50,36,63,42,66,17,84,1940.0,1962.0,0.0,0.11,1.11,Jacksonville,KJAX,2015,1,Jan,54.0,-4.0,False,False,-0.11
2015-01-28,45,34,55,42,66,16,83,1986.0,1957.0,0.0,0.12,2.06,Jacksonville,KJAX,2015,1,Jan,54.0,-9.0,False,False,-0.12
2015-01-29,49,31,67,42,66,22,84,1897.0,1957.0,0.0,0.11,1.63,Jacksonville,KJAX,2015,1,Jan,54.0,-5.0,False,False,-0.11
2015-01-30,55,42,67,42,66,20,85,1966.0,2013.0,0.0,0.12,1.14,Jacksonville,KJAX,2015,1,Jan,54.0,1.0,False,False,-0.12
2015-01-31,48,36,60,42,66,20,84,1966.0,1982.0,0.0,0.11,3.43,Jacksonville,KJAX,2015,1,Jan,54.0,-6.0,False,False,-0.11
2015-02-01,56,38,74,43,66,24,83,1977.0,1957.0,0.0,0.11,2.82,Jacksonville,KJAX,2015,2,Feb,54.5,1.5,False,False,-0.11
2015-02-02,55,41,68,43,66,23,84,1979.0,1990.0,0.32,0.11,3.68,Jacksonville,KJAX,2015,2,Feb,54.5,0.5,False,False,0.21000000000000002
2015-02-03,44,31,56,43,66,16,86,1917.0,1990.0,0.0,0.11,4.93,Jacksonville,KJAX,2015,2,Feb,54.5,-10.5,False,False,-0.11
2015-02-04,51,45,56,43,67,23,84,1981.0,1957.0,0.42,0.11,0.99,Jacksonville,KJAX,2015,2,Feb,55.0,-4.0,False,False,0.31
2015-02-05,53,42,64,43,67,19,87,1996.0,1957.0,0.87,0.1,2.0,Jacksonville,KJAX,2015,2,Feb,55.0,-2.0,False,False,0.77
2015-02-06,47,37,57,43,67,23,85,2009.0,1989.0,0.0,0.11,3.06,Jacksonville,KJAX,2015,2,Feb,55.0,-8.0,False,False,-0.11
2015-02-07,50,34,66,43,67,25,80,1988.0,1904.0,0.0,0.1,1.89,Jacksonville,KJAX,2015,2,Feb,55.0,-5.0,False,False,-0.1
2015-02-08,57,40,73,44,67,14,84,1895.0,1957.0,0.0,0.11,2.49,Jacksonville,KJAX,2015,2,Feb,55.5,1.5,False,False,-0.11
2015-02-09,55,42,68,44,67,19,88,1895.0,1937.0,0.13,0.11,1.64,Jacksonville,KJAX,2015,2,Feb,55.5,-0.5,False,False,0.020000000000000004
2015-02-10,53,45,60,44,67,26,84,1979.0,1957.0,0.0,0.1,1.22,Jacksonville,KJAX,2015,2,Feb,55.5,-2.5,False,False,-0.1
2015-02-11,52,40,64,44,68,24,84,1971.0,1939.0,0.0,0.11,1.8,Jacksonville,KJAX,2015,2,Feb,56.0,-4.0,False,False,-0.11
2015-02-12,56,41,70,44,68,24,83,2012.0,1965.0,0.0,0.11,1.64,Jacksonville,KJAX,2015,2,Feb,56.0,0.0,False,False,-0.11
2015-02-13,42,32,51,44,68,10,85,1899.0,1959.0,0.0,0.1,1.86,Jacksonville,KJAX,2015,2,Feb,56.0,-14.0,False,False,-0.1
2015-02-14,46,29,62,45,68,16,86,1899.0,1959.0,0.0,0.11,2.66,Jacksonville,KJAX,2015,2,Feb,56.5,-10.5,False,False,-0.11
2015-02-15,53,42,63,45,68,23,83,1943.0,2001.0,0.0,0.11,2.65,Jacksonville,KJAX,2015,2,Feb,56.5,-3.5,False,False,-0.11
2015-02-16,59,43,74,45,68,25,86,1991.0,1990.0,0.0,0.12,2.46,Jacksonville,KJAX,2015,2,Feb,56.5,2.5,False,False,-0.12
2015-02-17,56,45,66,45,69,23,83,2007.0,1956.0,0.62,0.12,2.44,Jacksonville,KJAX,2015,2,Feb,57.0,-1.0,False,False,0.5
2015-02-18,46,35,57,45,69,18,85,1900.0,1956.0,0.0,0.12,2.07,Jacksonville,KJAX,2015,2,Feb,57.0,-11.0,False,False,-0.12
2015-02-19,35,27,42,45,69,24,86,1958.0,1891.0,0.0,0.12,2.66,Jacksonville,KJAX,2015,2,Feb,57.0,-22.0,False,True,-0.12
2015-02-20,36,24,47,46,69,24,86,2015.0,1961.0,0.0,0.12,3.19,Jacksonville,KJAX,2015,2,Feb,57.5,-21.5,False,True,-0.12
2015-02-21,50,30,70,46,69,25,85,1958.0,1997.0,0.0,0.12,1.77,Jacksonville,KJAX,2015,2,Feb,57.5,-7.5,False,False,-0.12
2015-02-22,65,50,79,46,70,29,85,1958.0,1961.0,0.0,0.13,2.53,Jacksonville,KJAX,2015,2,Feb,58.0,7.0,False,False,-0.13
2015-02-23,65,53,76,46,70,25,85,1978.0,1962.0,0.0,0.12,1.59,Jacksonville,KJAX,2015,2,Feb,58.0,7.0,False,False,-0.12
2015-02-24,51,49,53,46,70,27,88,1989.0,1962.0,0.32,0.12,1.47,Jacksonville,KJAX,2015,2,Feb,58.0,-7.0,False,False,0.2
2015-02-25,56,47,65,47,70,24,85,1989.0,2001.0,0.0,0.13,3.2,Jacksonville,KJAX,2015,2,Feb,58.5,-2.5,False,False,-0.13
2015-02-26,57,47,67,47,70,22,88,1967.0,1962.0,0.62,0.12,1.19,Jacksonville,KJAX,2015,2,Feb,58.5,-1.5,False,False,0.5
2015-02-27,49,44,53,47,70,25,86,1974.0,1962.0,0.0,0.12,3.28,Jacksonville,KJAX,2015,2,Feb,58.5,-9.5,False,False,-0.12
2015-02-28,51,48,54,47,71,25,87,2002.0,1962.0,0.02,0.12,1.98,Jacksonville,KJAX,2015,2,Feb,59.0,-8.0,False,False,-0.09999999999999999
2015-03-01,56,49,63,47,71,28,87,2002.0,1997.0,0.2,0.14,4.36,Jacksonville,KJAX,2015,3,Mar,59.0,-3.0,False,False,0.06
2015-03-02,67,53,81,47,71,27,86,1890.0,1997.0,0.0,0.13,3.3,Jacksonville,KJAX,2015,3,Mar,59.0,8.0,False,False,-0.13
2015-03-03,69,57,81,48,71,23,88,1980.0,2012.0,0.0,0.15,2.38,Jacksonville,KJAX,2015,3,Mar,59.5,9.5,False,False,-0.15
2015-03-04,74,62,85,48,71,24,86,1980.0,1953.0,0.0,0.14,1.31,Jacksonville,KJAX,2015,3,Mar,59.5,14.5,True,False,-0.14
2015-03-05,72,58,85,48,72,28,87,1971.0,1985.0,0.15,0.14,3.0,Jacksonville,KJAX,2015,3,Mar,60.0,12.0,True,False,0.009999999999999981
2015-03-06,55,45,64,48,72,28,88,1960.0,1961.0,0.0,0.15,1.6,Jacksonville,KJAX,2015,3,Mar,60.0,-5.0,False,False,-0.15
2015-03-07,50,39,61,48,72,29,87,1899.0,1956.0,0.0,0.14,2.71,Jacksonville,KJAX,2015,3,Mar,60.0,-10.0,False,False,-0.14
2015-03-08,54,38,70,48,72,26,88,1899.0,1945.0,0.0,0.13,0.93,Jacksonville,KJAX,2015,3,Mar,60.0,-6.0,False,False,-0.13
2015-03-09,61,45,77,49,72,27,88,1996.0,1974.0,0.0,0.13,4.87,Jacksonville,KJAX,2015,3,Mar,60.5,0.5,False,False,-0.13
2015-03-10,69,52,86,49,73,26,91,1932.0,1974.0,0.0,0.13,1.69,Jacksonville,KJAX,2015,3,Mar,61.0,8.0,False,False,-0.13
2015-03-11,75,64,86,49,73,31,89,1934.0,1967.0,0.0,0.13,2.66,Jacksonville,KJAX,2015,3,Mar,61.0,14.0,True,False,-0.13
2015-03-12,65,54,76,49,73,32,91,2011.0,1967.0,0.0,0.13,1.41,Jacksonville,KJAX,2015,3,Mar,61.0,4.0,False,False,-0.13
2015-03-13,72,64,80,49,73,32,88,1998.0,1982.0,0.01,0.14,1.74,Jacksonville,KJAX,2015,3,Mar,61.0,11.0,False,False,-0.13
2015-03-14,77,66,87,49,73,28,89,1926.0,1956.0,0.0,0.12,1.4,Jacksonville,KJAX,2015,3,Mar,61.0,16.0,True,False,-0.12
2015-03-15,72,61,83,50,74,27,90,1993.0,1967.0,0.0,0.13,2.63,Jacksonville,KJAX,2015,3,Mar,62.0,10.0,False,False,-0.13
2015-03-16,68,51,84,50,74,30,89,1988.0,1945.0,0.0,0.13,2.35,Jacksonville,KJAX,2015,3,Mar,62.0,6.0,False,False,-0.13
2015-03-17,71,54,88,50,74,30,88,1890.0,2002.0,0.0,0.12,2.63,Jacksonville,KJAX,2015,3,Mar,62.0,9.0,True,False,-0.12
2015-03-18,67,59,74,50,74,32,89,1971.0,1963.0,0.0,0.13,3.02,Jacksonville,KJAX,2015,3,Mar,62.0,5.0,False,False,-0.13
2015-03-19,69,59,78,50,74,29,89,1892.0,1955.0,0.01,0.12,1.51,Jacksonville,KJAX,2015,3,Mar,62.0,7.0,False,False,-0.11
2015-03-20,70,61,79,50,75,34,89,1923.0,1945.0,0.0,0.12,3.04,Jacksonville,KJAX,2015,3,Mar,62.5,7.5,False,False,-0.12
2015-03-21,73,64,82,51,75,30,90,1971.0,1907.0,0.53,0.12,0.95,Jacksonville,KJAX,2015,3,Mar,63.0,10.0,False,False,0.41000000000000003
2015-03-22,70,62,77,51,75,31,90,1876.0,1935.0,0.08,0.11,1.77,Jacksonville,KJAX,2015,3,Mar,63.0,7.0,False,False,-0.03
2015-03-23,63,59,67,51,75,33,91,1986.0,1935.0,0.47,0.11,2.34,Jacksonville,KJAX,2015,3,Mar,63.0,0.0,False,False,0.36
2015-03-24,62,57,66,51,75,35,91,1968.0,1907.0,0.03,0.11,3.31,Jacksonville,KJAX,2015,3,Mar,63.0,-1.0,False,False,-0.08
2015-03-25,67,59,75,51,75,34,90,2008.0,1954.0,0.0,0.12,2.34,Jacksonville,KJAX,2015,3,Mar,63.0,4.0,False,False,-0.12
2015-03-26,68,58,77,51,76,32,88,1979.0,1949.0,0.53,0.12,1.65,Jacksonville,KJAX,2015,3,Mar,63.5,4.5,False,False,0.41000000000000003
2015-03-27,64,51,76,51,76,32,89,1894.0,1991.0,0.28,0.13,3.91,Jacksonville,KJAX,2015,3,Mar,63.5,0.5,False,False,0.15000000000000002
2015-03-28,53,42,63,52,76,35,89,2013.0,1994.0,0.0,0.12,7.12,Jacksonville,KJAX,2015,3,Mar,64.0,-11.0,False,False,-0.12
2015-03-29,51,39,62,52,76,34,89,1955.0,1991.0,0.0,0.12,1.92,Jacksonville,KJAX,2015,3,Mar,64.0,-13.0,False,False,-0.12
2015-03-30,59,40,78,52,76,36,89,1964.0,1961.0,0.0,0.12,1.43,Jacksonville,KJAX,2015,3,Mar,64.0,-5.0,False,False,-0.12
2015-03-31,68,55,81,52,76,32,88,1964.0,1954.0,0.0,0.12,4.31,Jacksonville,KJAX,2015,3,Mar,64.0,4.0,False,False,-0.12
2015-04-01,71,58,84,52,77,34,89,1987.0,1974.0,0.05,0.11,2.24,Jacksonville,KJAX,2015,4,Apr,64.5,6.5,False,False,-0.06
2015-04-02,68,54,81,52,77,36,90,1987.0,2012.0,0.0,0.1,3.24,Jacksonville,KJAX,2015,4,Apr,64.5,3.5,False,False,-0.1
2015-04-03,73,59,87,52,77,39,89,1962.0,2012.0,0.0,0.11,7.35,Jacksonville,KJAX,2015,4,Apr,64.5,8.5,True,False,-0.11
2015-04-04,71,59,83,53,77,38,90,1992.0,1974.0,0.12,0.1,1.24,Jacksonville,KJAX,2015,4,Apr,65.0,6.0,False,False,0.01999999999999999
2015-04-05,68,60,75,53,77,35,89,1975.0,1880.0,0.0,0.1,2.46,Jacksonville,KJAX,2015,4,Apr,65.0,3.0,False,False,-0.1
2015-04-06,70,60,80,53,77,34,90,1891.0,1947.0,0.0,0.09,1.8,Jacksonville,KJAX,2015,4,Apr,65.0,5.0,False,False,-0.09
2015-04-07,73,60,86,53,78,38,92,1974.0,1967.0,0.46,0.1,1.82,Jacksonville,KJAX,2015,4,Apr,65.5,7.5,False,False,0.36
2015-04-08,75,63,86,53,78,31,91,2007.0,1978.0,0.0,0.1,1.92,Jacksonville,KJAX,2015,4,Apr,65.5,9.5,False,False,-0.1
2015-04-09,74,62,85,53,78,37,92,2000.0,2011.0,0.0,0.1,1.75,Jacksonville,KJAX,2015,4,Apr,65.5,8.5,False,False,-0.1
2015-04-10,77,65,89,54,78,37,92,2000.0,2011.0,0.0,0.1,3.83,Jacksonville,KJAX,2015,4,Apr,66.0,11.0,True,False,-0.1
2015-04-11,74,65,82,54,78,37,91,1996.0,2011.0,0.0,0.09,2.8,Jacksonville,KJAX,2015,4,Apr,66.0,8.0,False,False,-0.09
2015-04-12,75,69,81,54,79,41,92,1989.0,1965.0,0.48,0.1,1.7,Jacksonville,KJAX,2015,4,Apr,66.5,8.5,False,False,0.38
2015-04-13,76,69,83,54,79,35,92,1940.0,2001.0,0.22,0.09,1.68,Jacksonville,KJAX,2015,4,Apr,66.5,9.5,False,False,0.13
2015-04-14,78,67,88,54,79,40,90,1907.0,1922.0,0.0,0.1,2.42,Jacksonville,KJAX,2015,4,Apr,66.5,11.5,True,False,-0.1
2015-04-15,76,67,85,54,79,39,90,2004.0,1972.0,0.11,0.08,2.08,Jacksonville,KJAX,2015,4,Apr,66.5,9.5,False,False,0.03
2015-04-16,67,64,70,55,79,40,90,2008.0,1972.0,0.0,0.09,0.91,Jacksonville,KJAX,2015,4,Apr,67.0,0.0,False,False,-0.09
2015-04-17,70,62,78,55,79,38,93,1950.0,1967.0,0.0,0.09,1.0,Jacksonville,KJAX,2015,4,Apr,67.0,3.0,False,False,-0.09
2015-04-18,75,63,87,55,80,37,94,2001.0,1967.0,0.27,0.08,2.6,Jacksonville,KJAX,2015,4,Apr,67.5,7.5,False,False,0.19
2015-04-19,77,68,86,55,80,36,92,2001.0,1968.0,0.0,0.09,4.53,Jacksonville,KJAX,2015,4,Apr,67.5,9.5,False,False,-0.09
2015-04-20,70,63,77,55,80,40,92,1983.0,1968.0,0.04,0.09,2.46,Jacksonville,KJAX,2015,4,Apr,67.5,2.5,False,False,-0.049999999999999996
2015-04-21,72,62,81,56,80,38,95,1983.0,1968.0,0.0,0.08,2.29,Jacksonville,KJAX,2015,4,Apr,68.0,4.0,False,False,-0.08
2015-04-22,70,54,85,56,80,42,93,1950.0,1968.0,0.0,0.08,1.21,Jacksonville,KJAX,2015,4,Apr,68.0,2.0,False,False,-0.08
2015-04-23,74,60,88,56,81,37,92,1993.0,1970.0,0.0,0.08,2.4,Jacksonville,KJAX,2015,4,Apr,68.5,5.5,False,False,-0.08
2015-04-24,68,61,75,56,81,39,93,1986.0,1958.0,0.0,0.07,1.04,Jacksonville,KJAX,2015,4,Apr,68.5,-0.5,False,False,-0.07
2015-04-25,70,60,79,57,81,40,92,2005.0,1958.0,0.91,0.07,1.89,Jacksonville,KJAX,2015,4,Apr,69.0,1.0,False,False,0.8400000000000001
2015-04-26,80,70,90,57,81,40,92,1974.0,2011.0,0.0,0.07,0.86,Jacksonville,KJAX,2015,4,Apr,69.0,11.0,True,False,-0.07
2015-04-27,71,65,76,57,82,42,94,1977.0,1986.0,0.0,0.07,1.81,Jacksonville,KJAX,2015,4,Apr,69.5,1.5,False,False,-0.07
2015-04-28,68,65,71,57,82,43,94,1977.0,1991.0,0.01,0.07,2.65,Jacksonville,KJAX,2015,4,Apr,69.5,-1.5,False,False,-0.060000000000000005
2015-04-29,71,62,79,58,82,43,93,1973.0,1991.0,0.0,0.07,1.5,Jacksonville,KJAX,2015,4,Apr,70.0,1.0,False,False,-0.07
2015-04-30,68,57,79,58,82,42,93,1874.0,1991.0,0.0,0.07,2.39,Jacksonville,KJAX,2015,4,Apr,70.0,-2.0,False,False,-0.07
2015-05-01,66,53,78,58,82,47,96,2000.0,1990.0,0.0,0.06,1.99,Jacksonville,KJAX,2015,5,May,70.0,-4.0,False,False,-0.06
2015-05-02,63,49,77,59,83,47,95,1941.0,1990.0,0.0,0.06,2.28,Jacksonville,KJAX,2015,5,May,71.0,-8.0,False,True,-0.06
2015-05-03,66,51,81,59,83,47,94,1981.0,2002.0,0.0,0.06,2.17,Jacksonville,KJAX,2015,5,May,71.0,-5.0,False,False,-0.06
2015-05-04,67,54,80,59,83,45,93,1971.0,2006.0,0.0,0.06,4.21,Jacksonville,KJAX,2015,5,May,71.0,-4.0,False,False,-0.06
2015-05-05,70,59,80,59,83,46,94,1976.0,1898.0,0.0,0.07,0.95,Jacksonville,KJAX,2015,5,May,71.0,-1.0,False,False,-0.07
2015-05-06,71,61,80,60,84,45,96,1973.0,2012.0,0.0,0.07,1.64,Jacksonville,KJAX,2015,5,May,72.0,-1.0,False,False,-0.07
2015-05-07,73,59,86,60,84,49,94,1992.0,1977.0,0.0,0.07,3.79,Jacksonville,KJAX,2015,5,May,72.0,1.0,False,False,-0.07
2015-05-08,76,64,87,60,84,45,96,1992.0,1955.0,0.0,0.07,1.29,Jacksonville,KJAX,2015,5,May,72.0,4.0,False,False,-0.07
2015-05-09,76,62,89,61,84,48,96,1928.0,1962.0,0.0,0.07,1.24,Jacksonville,KJAX,2015,5,May,72.5,3.5,False,False,-0.07
2015-05-10,78,63,92,61,84,49,93,1984.0,1899.0,0.0,0.07,1.18,Jacksonville,KJAX,2015,5,May,72.5,5.5,True,False,-0.07
2015-05-11,80,67,92,61,85,47,95,1986.0,1973.0,0.0,0.07,2.42,Jacksonville,KJAX,2015,5,May,73.0,7.0,True,False,-0.07
2015-05-12,80,67,92,62,85,47,97,1981.0,1967.0,0.0,0.07,1.9,Jacksonville,KJAX,2015,5,May,73.5,6.5,False,False,-0.07
2015-05-13,80,67,92,62,85,47,100,1941.0,1967.0,0.0,0.06,8.18,Jacksonville,KJAX,2015,5,May,73.5,6.5,False,False,-0.06
2015-05-14,76,67,85,62,85,47,99,2013.0,1967.0,0.0,0.07,2.02,Jacksonville,KJAX,2015,5,May,73.5,2.5,False,False,-0.07
2015-05-15,76,70,81,62,85,52,97,2002.0,1967.0,0.0,0.07,2.18,Jacksonville,KJAX,2015,5,May,73.5,2.5,False,False,-0.07
2015-05-16,71,60,82,63,86,52,96,1951.0,1995.0,0.0,0.06,0.63,Jacksonville,KJAX,2015,5,May,74.5,-3.5,False,False,-0.06
2015-05-17,75,63,86,63,86,46,96,1973.0,1995.0,0.0,0.07,1.36,Jacksonville,KJAX,2015,5,May,74.5,0.5,False,False,-0.07
2015-05-18,76,65,87,63,86,46,96,2011.0,1899.0,0.0,0.07,4.94,Jacksonville,KJAX,2015,5,May,74.5,1.5,False,False,-0.07
2015-05-19,81,69,93,64,86,51,97,1977.0,1960.0,0.14,0.07,2.14,Jacksonville,KJAX,2015,5,May,75.0,6.0,False,False,0.07
2015-05-20,80,67,92,64,86,46,99,1894.0,1962.0,0.0,0.07,5.07,Jacksonville,KJAX,2015,5,May,75.0,5.0,False,False,-0.07
2015-05-21,82,69,94,64,87,50,99,2002.0,1938.0,0.0,0.09,2.61,Jacksonville,KJAX,2015,5,May,75.5,6.5,False,False,-0.09
2015-05-22,75,64,86,65,87,47,99,1981.0,1938.0,0.0,0.09,7.59,Jacksonville,KJAX,2015,5,May,76.0,-1.0,False,False,-0.09
2015-05-23,73,63,83,65,87,48,97,1993.0,1953.0,0.0,0.09,2.87,Jacksonville,KJAX,2015,5,May,76.0,-3.0,False,False,-0.09
2015-05-24,77,70,84,65,87,52,98,2001.0,1953.0,0.0,0.1,4.09,Jacksonville,KJAX,2015,5,May,76.0,1.0,False,False,-0.1
2015-05-25,79,70,87,66,87,55,99,1892.0,1953.0,0.0,0.1,2.74,Jacksonville,KJAX,2015,5,May,76.5,2.5,False,False,-0.1
2015-05-26,80,71,88,66,87,47,99,1979.0,1953.0,0.0,0.1,2.4,Jacksonville,KJAX,2015,5,May,76.5,3.5,False,False,-0.1
2015-05-27,78,69,86,66,88,49,98,1979.0,1962.0,0.0,0.11,5.4,Jacksonville,KJAX,2015,5,May,77.0,1.0,False,False,-0.11
2015-05-28,73,62,84,66,88,52,99,1988.0,1967.0,0.0,0.1,4.47,Jacksonville,KJAX,2015,5,May,77.0,-4.0,False,False,-0.1
2015-05-29,74,62,85,67,88,53,97,1988.0,1967.0,0.0,0.11,2.83,Jacksonville,KJAX,2015,5,May,77.5,-3.5,False,False,-0.11
2015-05-30,73,65,81,67,88,51,97,1971.0,1945.0,0.94,0.12,1.82,Jacksonville,KJAX,2015,5,May,77.5,-4.5,False,False,0.82
2015-05-31,77,67,86,67,88,50,98,1984.0,1945.0,0.0,0.13,3.38,Jacksonville,KJAX,2015,5,May,77.5,-0.5,False,False,-0.13
2015-06-01,78,66,89,67,88,47,99,1984.0,1945.0,0.72,0.16,2.8,Jacksonville,KJAX,2015,6,Jun,77.5,0.5,False,False,0.5599999999999999
2015-06-02,75,64,85,68,88,53,100,1984.0,1985.0,0.03,0.17,3.13,Jacksonville,KJAX,2015,6,Jun,78.0,-3.0,False,False,-0.14
2015-06-03,78,68,88,68,89,57,100,1966.0,1985.0,0.24,0.17,5.31,Jacksonville,KJAX,2015,6,Jun,78.5,-0.5,False,False,0.06999999999999998
2015-06-04,77,67,86,68,89,61,100,1966.0,1985.0,0.0,0.17,5.85,Jacksonville,KJAX,2015,6,Jun,78.5,-1.5,False,False,-0.17
2015-06-05,77,67,86,68,89,59,100,1972.0,1943.0,0.02,0.17,3.31,Jacksonville,KJAX,2015,6,Jun,78.5,-1.5,False,False,-0.15000000000000002
2015-06-06,78,66,89,69,89,60,99,1971.0,1985.0,0.0,0.18,5.92,Jacksonville,KJAX,2015,6,Jun,79.0,-1.0,False,False,-0.18
2015-06-07,77,66,87,69,89,59,100,2006.0,1993.0,0.0,0.19,4.72,Jacksonville,KJAX,2015,6,Jun,79.0,-2.0,False,False,-0.19
2015-06-08,79,68,89,69,89,58,99,1998.0,1993.0,0.0,0.19,3.42,Jacksonville,KJAX,2015,6,Jun,79.0,0.0,False,False,-0.19
2015-06-09,82,73,91,69,89,58,101,1987.0,1872.0,0.0,0.2,2.36,Jacksonville,KJAX,2015,6,Jun,79.0,3.0,False,False,-0.2
2015-06-10,78,70,86,69,89,58,100,1913.0,1954.0,0.92,0.2,5.11,Jacksonville,KJAX,2015,6,Jun,79.0,-1.0,False,False,0.72
2015-06-11,78,67,89,70,90,57,99,1960.0,2010.0,0.0,0.21,3.44,Jacksonville,KJAX,2015,6,Jun,80.0,-2.0,False,False,-0.21
2015-06-12,80,68,92,70,90,54,99,1913.0,1998.0,0.0,0.22,3.38,Jacksonville,KJAX,2015,6,Jun,80.0,0.0,False,False,-0.22
2015-06-13,82,71,93,70,90,57,100,1979.0,1977.0,0.0,0.23,6.07,Jacksonville,KJAX,2015,6,Jun,80.0,2.0,False,False,-0.23
2015-06-14,81,68,94,70,90,57,101,1972.0,1998.0,0.0,0.23,4.15,Jacksonville,KJAX,2015,6,Jun,80.0,1.0,False,False,-0.23
2015-06-15,81,68,94,70,90,57,102,1995.0,1981.0,0.0,0.23,3.6,Jacksonville,KJAX,2015,6,Jun,80.0,1.0,False,False,-0.23
2015-06-16,83,69,96,70,90,62,102,2002.0,1981.0,0.0,0.24,2.45,Jacksonville,KJAX,2015,6,Jun,80.0,3.0,False,False,-0.24
2015-06-17,85,72,97,70,90,61,100,1961.0,1944.0,0.0,0.24,2.49,Jacksonville,KJAX,2015,6,Jun,80.0,5.0,True,False,-0.24
2015-06-18,85,72,97,71,90,59,100,2012.0,1950.0,0.0,0.24,2.78,Jacksonville,KJAX,2015,6,Jun,80.5,4.5,True,False,-0.24
2015-06-19,86,73,98,71,90,60,103,1899.0,1998.0,0.71,0.24,4.37,Jacksonville,KJAX,2015,6,Jun,80.5,5.5,False,False,0.47
2015-06-20,86,74,97,71,90,60,100,1899.0,1990.0,0.0,0.23,2.15,Jacksonville,KJAX,2015,6,Jun,80.5,5.5,True,False,-0.23
2015-06-21,86,76,96,71,91,60,99,1965.0,1950.0,0.06,0.23,2.85,Jacksonville,KJAX,2015,6,Jun,81.0,5.0,True,False,-0.17
2015-06-22,84,70,97,71,91,62,99,1965.0,1970.0,1.7,0.24,2.11,Jacksonville,KJAX,2015,6,Jun,81.0,3.0,True,False,1.46
2015-06-23,81,71,91,71,91,63,99,1879.0,1981.0,0.25,0.23,2.27,Jacksonville,KJAX,2015,6,Jun,81.0,0.0,False,False,0.01999999999999999
2015-06-24,85,74,95,71,91,63,101,2003.0,1914.0,0.0,0.23,4.6,Jacksonville,KJAX,2015,6,Jun,81.0,4.0,False,False,-0.23
2015-06-25,81,73,89,71,91,64,99,1889.0,1950.0,1.16,0.23,7.36,Jacksonville,KJAX,2015,6,Jun,81.0,0.0,False,False,0.9299999999999999
2015-06-26,82,73,90,72,91,63,101,1966.0,1952.0,0.02,0.23,5.2,Jacksonville,KJAX,2015,6,Jun,81.5,0.5,False,False,-0.21000000000000002
2015-06-27,84,75,92,72,91,65,102,1936.0,1950.0,0.0,0.24,1.39,Jacksonville,KJAX,2015,6,Jun,81.5,2.5,False,False,-0.24
2015-06-28,82,73,91,72,91,63,101,2012.0,1954.0,0.23,0.23,1.37,Jacksonville,KJAX,2015,6,Jun,81.5,0.5,False,False,0.0
2015-06-29,79,71,86,72,91,63,100,1981.0,1998.0,0.23,0.24,5.9,Jacksonville,KJAX,2015,6,Jun,81.5,-2.5,False,False,-0.009999999999999981
2015-06-30,79,69,89,72,91,66,100,1974.0,1990.0,0.03,0.24,5.91,Jacksonville,KJAX,2015,6,Jun,81.5,-2.5,False,True,-0.21
2014-07-01,76,68,84,67,84,49,103,1982.0,1956.0,0.04,0.11,1.23,Chicago,KMDW,2014,7,Jul,75.5,0.5,False,False,-0.07
2014-07-02,66,58,74,67,84,48,99,1930.0,1970.0,0.12,0.1,2.5,Chicago,KMDW,2014,7,Jul,75.5,-9.5,False,False,0.01999999999999999
2014-07-03,66,57,75,67,84,50,102,1940.0,1949.0,0.05,0.11,1.38,Chicago,KMDW,2014,7,Jul,75.5,-9.5,False,False,-0.06
2014-07-04,70,60,79,67,84,49,101,1940.0,2012.0,0.0,0.11,0.94,Chicago,KMDW,2014,7,Jul,75.5,-5.5,False,False,-0.11
2014-07-05,71,63,79,67,84,46,103,1972.0,2012.0,0.01,0.13,1.18,Chicago,KMDW,2014,7,Jul,75.5,-4.5,False,False,-0.12000000000000001
2014-07-06,78,66,89,67,84,49,105,1983.0,2012.0,0.0,0.12,3.93,Chicago,KMDW,2014,7,Jul,75.5,2.5,False,False,-0.12
2014-07-07,81,72,89,67,85,48,102,1983.0,1936.0,0.48,0.13,1.3,Chicago,KMDW,2014,7,Jul,76.0,5.0,False,False,0.35
2014-07-08,77,70,84,68,85,49,106,1934.0,1936.0,0.48,0.13,2.41,Chicago,KMDW,2014,7,Jul,76.5,0.5,False,False,0.35
2014-07-09,73,64,81,68,85,51,100,1941.0,1936.0,0.0,0.12,2.43,Chicago,KMDW,2014,7,Jul,76.5,-3.5,False,False,-0.12
2014-07-10,71,63,78,68,85,51,106,1941.0,1936.0,0.0,0.13,0.98,Chicago,KMDW,2014,7,Jul,76.5,-5.5,False,False,-0.13
2014-07-11,73,63,83,68,85,51,107,1978.0,1936.0,0.0,0.13,6.16,Chicago,KMDW,2014,7,Jul,76.5,-3.5,False,False,-0.13
2014-07-12,76,70,81,68,85,55,100,1975.0,1936.0,3.31,0.13,6.16,Chicago,KMDW,2014,7,Jul,76.5,-0.5,False,False,3.18
2014-07-13,79,71,86,68,85,50,106,1940.0,1995.0,0.04,0.12,1.49,Chicago,KMDW,2014,7,Jul,76.5,2.5,False,False,-0.07999999999999999
2014-07-14,73,64,81,68,85,52,104,1930.0,1936.0,0.37,0.13,1.52,Chicago,KMDW,2014,7,Jul,76.5,-3.5,False,False,0.24
2014-07-15,64,57,71,68,85,49,103,1930.0,1988.0,0.05,0.13,1.36,Chicago,KMDW,2014,7,Jul,76.5,-12.5,False,False,-0.08
2014-07-16,65,56,73,68,85,49,100,1945.0,1931.0,0.0,0.13,2.48,Chicago,KMDW,2014,7,Jul,76.5,-11.5,False,False,-0.13
2014-07-17,68,58,78,68,85,51,100,1940.0,1942.0,0.0,0.12,5.72,Chicago,KMDW,2014,7,Jul,76.5,-8.5,False,False,-0.12
2014-07-18,73,64,81,68,84,53,101,1979.0,1930.0,0.0,0.13,2.36,Chicago,KMDW,2014,7,Jul,76.0,-3.0,False,False,-0.13
2014-07-19,71,62,80,68,84,55,104,1947.0,1930.0,0.0,0.13,3.69,Chicago,KMDW,2014,7,Jul,76.0,-5.0,False,False,-0.13
2014-07-20,75,66,84,68,84,50,103,1941.0,1934.0,0.0,0.13,3.03,Chicago,KMDW,2014,7,Jul,76.0,-1.0,False,False,-0.13
2014-07-21,78,68,87,68,84,51,108,1970.0,1934.0,0.0,0.14,1.43,Chicago,KMDW,2014,7,Jul,76.0,2.0,False,False,-0.14
2014-07-22,82,72,91,68,84,49,104,1947.0,1934.0,0.19,0.14,1.82,Chicago,KMDW,2014,7,Jul,76.0,6.0,False,False,0.04999999999999999
2014-07-23,70,64,76,68,84,51,109,1947.0,1934.0,0.0,0.14,2.31,Chicago,KMDW,2014,7,Jul,76.0,-6.0,False,False,-0.14
2014-07-24,68,60,75,68,84,55,107,2000.0,1934.0,0.0,0.14,4.77,Chicago,KMDW,2014,7,Jul,76.0,-8.0,False,False,-0.14
2014-07-25,69,60,77,68,84,58,105,2013.0,1934.0,0.0,0.13,1.83,Chicago,KMDW,2014,7,Jul,76.0,-7.0,False,True,-0.13
2014-07-26,78,70,85,68,84,53,102,1962.0,1936.0,0.0,0.14,1.77,Chicago,KMDW,2014,7,Jul,76.0,2.0,False,False,-0.14
2014-07-27,78,66,89,68,84,51,100,1937.0,1955.0,0.04,0.14,4.71,Chicago,KMDW,2014,7,Jul,76.0,2.0,False,False,-0.1
2014-07-28,68,62,73,68,84,53,100,1981.0,1983.0,0.0,0.14,1.25,Chicago,KMDW,2014,7,Jul,76.0,-8.0,False,False,-0.14
2014-07-29,71,60,81,68,84,50,101,1981.0,1941.0,0.0,0.14,1.47,Chicago,KMDW,2014,7,Jul,76.0,-5.0,False,False,-0.14
2014-07-30,71,61,80,68,84,51,104,1936.0,1999.0,0.0,0.14,2.43,Chicago,KMDW,2014,7,Jul,76.0,-5.0,False,False,-0.14
2014-07-31,74,63,85,67,83,50,99,1936.0,2006.0,0.0,0.15,1.2,Chicago,KMDW,2014,7,Jul,75.0,-1.0,False,False,-0.15
2014-08-01,75,67,83,67,83,52,100,1947.0,1988.0,0.21,0.15,2.55,Chicago,KMDW,2014,8,Aug,75.0,0.0,False,False,0.06
2014-08-02,74,63,84,67,83,56,102,1965.0,1991.0,0.0,0.14,3.58,Chicago,KMDW,2014,8,Aug,75.0,-1.0,False,False,-0.14
2014-08-03,77,66,87,67,83,52,101,1950.0,1930.0,0.0,0.13,1.95,Chicago,KMDW,2014,8,Aug,75.0,2.0,False,False,-0.13
2014-08-04,78,68,88,67,83,52,100,1929.0,1947.0,1.79,0.14,2.17,Chicago,KMDW,2014,8,Aug,75.0,3.0,False,False,1.65
2014-08-05,74,68,80,67,83,52,100,1974.0,1947.0,0.07,0.13,1.11,Chicago,KMDW,2014,8,Aug,75.0,-1.0,False,False,-0.06
2014-08-06,73,65,81,67,83,50,101,1948.0,1947.0,0.0,0.13,2.17,Chicago,KMDW,2014,8,Aug,75.0,-2.0,False,False,-0.13
2014-08-07,75,69,81,67,83,53,96,1976.0,1984.0,0.0,0.14,1.67,Chicago,KMDW,2014,8,Aug,75.0,0.0,False,False,-0.14
2014-08-08,76,70,82,67,83,52,103,1976.0,1934.0,0.0,0.13,2.35,Chicago,KMDW,2014,8,Aug,75.0,1.0,False,False,-0.13
2014-08-09,74,68,80,67,83,51,104,1972.0,1934.0,0.0,0.13,2.13,Chicago,KMDW,2014,8,Aug,75.0,-1.0,False,False,-0.13
2014-08-10,77,71,82,67,83,49,99,1972.0,1944.0,0.0,0.13,2.7,Chicago,KMDW,2014,8,Aug,75.0,2.0,False,False,-0.13
2014-08-11,76,68,84,67,83,50,100,1982.0,1941.0,1.16,0.12,2.36,Chicago,KMDW,2014,8,Aug,75.0,1.0,False,False,1.04
2014-08-12,67,63,70,67,83,50,100,1930.0,1995.0,0.16,0.14,1.18,Chicago,KMDW,2014,8,Aug,75.0,-8.0,False,False,0.01999999999999999
2014-08-13,71,59,83,67,83,52,101,1967.0,1936.0,0.0,0.13,1.09,Chicago,KMDW,2014,8,Aug,75.0,-4.0,False,False,-0.13
2014-08-14,67,61,73,67,82,48,99,1964.0,1944.0,0.0,0.14,1.79,Chicago,KMDW,2014,8,Aug,74.5,-7.5,False,False,-0.14
2014-08-15,67,55,79,67,82,48,98,1929.0,1944.0,0.0,0.14,2.07,Chicago,KMDW,2014,8,Aug,74.5,-7.5,False,False,-0.14
2014-08-16,73,64,81,67,82,49,101,1976.0,1988.0,0.0,0.13,3.79,Chicago,KMDW,2014,8,Aug,74.5,-1.5,False,False,-0.13
2014-08-17,69,66,72,67,82,48,99,1976.0,1988.0,0.0,0.13,2.6,Chicago,KMDW,2014,8,Aug,74.5,-5.5,False,False,-0.13
2014-08-18,76,67,85,66,82,49,99,1963.0,1936.0,0.0,0.13,1.8,Chicago,KMDW,2014,8,Aug,74.0,2.0,False,False,-0.13
2014-08-19,80,73,86,66,82,49,99,1933.0,1983.0,0.13,0.12,1.39,Chicago,KMDW,2014,8,Aug,74.0,6.0,False,False,0.010000000000000009
2014-08-20,78,68,87,66,82,47,98,1950.0,1947.0,0.0,0.12,1.47,Chicago,KMDW,2014,8,Aug,74.0,4.0,False,False,-0.12
2014-08-21,77,71,83,66,82,46,99,1950.0,1955.0,1.29,0.13,1.58,Chicago,KMDW,2014,8,Aug,74.0,3.0,False,False,1.1600000000000001
2014-08-22,81,74,87,66,82,51,103,1928.0,1936.0,3.17,0.12,3.17,Chicago,KMDW,2014,8,Aug,74.0,7.0,False,False,3.05
2014-08-23,79,71,87,66,82,52,97,1940.0,1947.0,0.5,0.11,2.49,Chicago,KMDW,2014,8,Aug,74.0,5.0,False,False,0.39
2014-08-24,81,73,89,65,82,48,100,1942.0,1947.0,0.0,0.13,1.2,Chicago,KMDW,2014,8,Aug,73.5,7.5,False,False,-0.13
2014-08-25,83,73,92,65,81,47,95,1934.0,1991.0,0.78,0.11,1.88,Chicago,KMDW,2014,8,Aug,73.0,10.0,True,False,0.67
2014-08-26,79,72,86,65,81,48,97,1982.0,1973.0,0.0,0.12,3.66,Chicago,KMDW,2014,8,Aug,73.0,6.0,False,False,-0.12
2014-08-27,76,70,81,65,81,46,97,1982.0,1973.0,0.0,0.13,1.57,Chicago,KMDW,2014,8,Aug,73.0,3.0,False,False,-0.13
2014-08-28,73,69,77,65,81,46,97,1982.0,1955.0,0.02,0.12,1.57,Chicago,KMDW,2014,8,Aug,73.0,0.0,False,False,-0.09999999999999999
2014-08-29,81,73,88,64,81,43,98,1965.0,1953.0,0.0,0.12,2.02,Chicago,KMDW,2014,8,Aug,72.5,8.5,False,False,-0.12
2014-08-30,80,74,86,64,81,47,96,1946.0,1953.0,0.0,0.12,1.43,Chicago,KMDW,2014,8,Aug,72.5,7.5,False,False,-0.12
2014-08-31,79,71,87,64,80,46,99,1935.0,1953.0,0.0,0.13,1.62,Chicago,KMDW,2014,8,Aug,72.0,7.0,False,False,-0.13
2014-09-01,80,74,85,63,80,45,101,1949.0,1953.0,0.0,0.12,2.92,Chicago,KMDW,2014,9,Sep,71.5,8.5,False,False,-0.12
2014-09-02,77,69,85,63,80,44,101,1946.0,1953.0,0.0,0.12,1.37,Chicago,KMDW,2014,9,Sep,71.5,5.5,False,False,-0.12
2014-09-03,76,67,85,63,80,47,97,1974.0,1953.0,0.0,0.11,1.92,Chicago,KMDW,2014,9,Sep,71.5,4.5,False,False,-0.11
2014-09-04,80,73,87,62,79,43,95,1938.0,1960.0,0.22,0.12,3.05,Chicago,KMDW,2014,9,Sep,70.5,9.5,False,False,0.1
2014-09-05,78,67,89,62,79,48,97,1988.0,1954.0,0.43,0.11,1.89,Chicago,KMDW,2014,9,Sep,70.5,7.5,False,False,0.32
2014-09-06,69,62,76,62,79,46,98,1984.0,1990.0,0.0,0.12,0.83,Chicago,KMDW,2014,9,Sep,70.5,-1.5,False,False,-0.12
2014-09-07,69,58,79,61,79,46,101,1986.0,1939.0,0.0,0.12,3.51,Chicago,KMDW,2014,9,Sep,70.0,-1.0,False,False,-0.12
2014-09-08,70,60,79,61,78,45,98,1986.0,1933.0,0.0,0.11,1.37,Chicago,KMDW,2014,9,Sep,69.5,0.5,False,False,-0.11
2014-09-09,74,66,81,61,78,47,95,1975.0,1983.0,0.01,0.11,3.25,Chicago,KMDW,2014,9,Sep,69.5,4.5,False,False,-0.1
2014-09-10,70,58,82,60,78,44,96,1943.0,2013.0,1.61,0.11,1.61,Chicago,KMDW,2014,9,Sep,69.0,1.0,False,False,1.5
2014-09-11,55,52,58,60,77,44,95,1943.0,1952.0,0.0,0.11,4.16,Chicago,KMDW,2014,9,Sep,68.5,-13.5,False,False,-0.11
2014-09-12,52,46,57,59,77,44,96,1955.0,1952.0,0.1,0.11,2.43,Chicago,KMDW,2014,9,Sep,68.0,-16.0,False,True,-0.009999999999999995
2014-09-13,51,42,60,59,77,40,99,1953.0,1939.0,0.01,0.11,3.62,Chicago,KMDW,2014,9,Sep,68.0,-17.0,False,True,-0.1
2014-09-14,57,46,67,58,76,42,101,1949.0,1939.0,0.0,0.11,2.19,Chicago,KMDW,2014,9,Sep,67.0,-10.0,False,False,-0.11
2014-09-15,58,54,62,58,76,41,102,1949.0,1939.0,0.0,0.11,1.07,Chicago,KMDW,2014,9,Sep,67.0,-9.0,False,False,-0.11
2014-09-16,58,47,69,57,75,39,93,1984.0,1931.0,0.0,0.11,1.7,Chicago,KMDW,2014,9,Sep,66.0,-8.0,False,False,-0.11
2014-09-17,61,49,72,57,75,39,93,1937.0,1955.0,0.0,0.1,1.2,Chicago,KMDW,2014,9,Sep,66.0,-5.0,False,False,-0.1
2014-09-18,63,53,72,57,75,39,94,1929.0,1955.0,0.0,0.11,1.95,Chicago,KMDW,2014,9,Sep,66.0,-3.0,False,False,-0.11
2014-09-19,67,57,76,56,74,37,93,1929.0,1955.0,0.0,0.12,0.94,Chicago,KMDW,2014,9,Sep,65.0,2.0,False,False,-0.12
2014-09-20,72,63,80,56,74,38,92,1956.0,1931.0,0.12,0.12,1.12,Chicago,KMDW,2014,9,Sep,65.0,7.0,False,False,0.0
2014-09-21,61,52,70,55,73,40,92,1930.0,1970.0,0.0,0.11,1.67,Chicago,KMDW,2014,9,Sep,64.0,-3.0,False,False,-0.11
2014-09-22,59,48,69,55,73,34,93,1974.0,1937.0,0.0,0.11,1.09,Chicago,KMDW,2014,9,Sep,64.0,-5.0,False,False,-0.11
2014-09-23,63,50,76,54,73,35,93,1974.0,1937.0,0.0,0.11,2.09,Chicago,KMDW,2014,9,Sep,63.5,-0.5,False,False,-0.11
2014-09-24,66,54,77,54,72,30,91,1928.0,2007.0,0.0,0.11,1.85,Chicago,KMDW,2014,9,Sep,63.0,3.0,False,False,-0.11
2014-09-25,68,58,78,53,72,30,91,1942.0,1986.0,0.0,0.12,2.0,Chicago,KMDW,2014,9,Sep,62.5,5.5,False,False,-0.12
2014-09-26,70,59,81,53,71,30,93,1928.0,1998.0,0.0,0.1,2.72,Chicago,KMDW,2014,9,Sep,62.0,8.0,False,False,-0.1
2014-09-27,70,61,79,52,71,31,91,1942.0,1971.0,0.0,0.1,1.43,Chicago,KMDW,2014,9,Sep,61.5,8.5,False,False,-0.1
2014-09-28,69,58,79,52,70,29,92,1942.0,1953.0,0.0,0.1,3.65,Chicago,KMDW,2014,9,Sep,61.0,8.0,False,False,-0.1
2014-09-29,71,57,84,52,70,33,99,1942.0,1953.0,0.0,0.1,1.13,Chicago,KMDW,2014,9,Sep,61.0,10.0,False,False,-0.1
2014-09-30,56,51,61,51,69,34,92,1984.0,1971.0,0.0,0.09,0.76,Chicago,KMDW,2014,9,Sep,60.0,-4.0,False,False,-0.09
2014-10-01,63,52,73,51,69,32,92,1974.0,1971.0,0.0,0.1,0.73,Chicago,KMDW,2014,10,Oct,60.0,3.0,False,False,-0.1
2014-10-02,71,66,75,50,68,28,91,1974.0,1971.0,0.71,0.09,3.8,Chicago,KMDW,2014,10,Oct,59.0,12.0,False,False,0.62
2014-10-03,57,46,68,50,68,29,91,1974.0,1954.0,1.05,0.1,3.95,Chicago,KMDW,2014,10,Oct,59.0,-2.0,False,False,0.9500000000000001
2014-10-04,43,37,49,50,68,34,90,1989.0,1951.0,0.05,0.11,1.89,Chicago,KMDW,2014,10,Oct,59.0,-16.0,False,True,-0.06
2014-10-05,49,42,56,49,67,31,89,1980.0,1997.0,0.0,0.1,2.01,Chicago,KMDW,2014,10,Oct,58.0,-9.0,False,False,-0.1
2014-10-06,56,48,63,49,67,28,94,1952.0,1963.0,0.01,0.1,1.57,Chicago,KMDW,2014,10,Oct,58.0,-2.0,False,False,-0.09000000000000001
2014-10-07,59,49,69,48,66,31,88,2000.0,2007.0,0.0,0.1,1.26,Chicago,KMDW,2014,10,Oct,57.0,2.0,False,False,-0.1
2014-10-08,58,48,67,48,66,30,88,1952.0,2007.0,0.0,0.09,1.32,Chicago,KMDW,2014,10,Oct,57.0,1.0,False,False,-0.09
2014-10-09,57,50,64,48,66,32,87,1964.0,2010.0,0.0,0.11,2.27,Chicago,KMDW,2014,10,Oct,57.0,0.0,False,False,-0.11
2014-10-10,52,44,59,48,65,27,87,1964.0,1938.0,0.0,0.1,3.94,Chicago,KMDW,2014,10,Oct,56.5,-4.5,False,False,-0.1
2014-10-11,50,40,60,47,65,29,88,2009.0,1928.0,0.0,0.1,1.47,Chicago,KMDW,2014,10,Oct,56.0,-6.0,False,False,-0.1
2014-10-12,55,45,64,47,64,30,86,1987.0,2008.0,0.01,0.1,1.4,Chicago,KMDW,2014,10,Oct,55.5,-0.5,False,False,-0.09000000000000001
2014-10-13,65,59,71,46,64,30,88,1987.0,1975.0,0.44,0.1,2.43,Chicago,KMDW,2014,10,Oct,55.0,10.0,False,False,0.33999999999999997
2014-10-14,61,54,67,46,64,28,89,1937.0,1975.0,1.18,0.11,1.18,Chicago,KMDW,2014,10,Oct,55.0,6.0,False,False,1.0699999999999998
2014-10-15,56,53,58,46,63,29,88,1937.0,1947.0,0.07,0.1,1.66,Chicago,KMDW,2014,10,Oct,54.5,1.5,False,False,-0.03
2014-10-16,56,53,58,46,63,30,87,1944.0,1963.0,0.0,0.1,0.81,Chicago,KMDW,2014,10,Oct,54.5,1.5,False,False,-0.1
2014-10-17,56,49,63,45,62,26,86,1948.0,1950.0,0.01,0.1,1.48,Chicago,KMDW,2014,10,Oct,53.5,2.5,False,False,-0.09000000000000001
2014-10-18,46,39,52,45,62,20,87,1948.0,1950.0,0.02,0.11,3.18,Chicago,KMDW,2014,10,Oct,53.5,-7.5,False,False,-0.09
2014-10-19,47,36,57,45,62,24,84,1930.0,1971.0,0.0,0.1,1.41,Chicago,KMDW,2014,10,Oct,53.5,-6.5,False,False,-0.1
2014-10-20,58,50,66,44,61,20,86,1930.0,1953.0,0.0,0.1,0.86,Chicago,KMDW,2014,10,Oct,52.5,5.5,False,False,-0.1
2014-10-21,52,49,54,44,61,26,87,1952.0,1953.0,0.0,0.11,2.24,Chicago,KMDW,2014,10,Oct,52.5,-0.5,False,False,-0.11
2014-10-22,50,43,56,44,60,24,87,1930.0,1953.0,0.0,0.11,1.77,Chicago,KMDW,2014,10,Oct,52.0,-2.0,False,False,-0.11
2014-10-23,52,41,62,44,60,25,85,1981.0,1963.0,0.0,0.11,1.48,Chicago,KMDW,2014,10,Oct,52.0,0.0,False,False,-0.11
2014-10-24,61,54,68,43,60,20,83,1981.0,1963.0,0.0,0.1,1.38,Chicago,KMDW,2014,10,Oct,51.5,9.5,False,False,-0.1
2014-10-25,64,52,75,43,59,25,79,1962.0,1989.0,0.0,0.11,1.87,Chicago,KMDW,2014,10,Oct,51.0,13.0,False,False,-0.11
2014-10-26,55,44,66,43,59,22,84,1942.0,1963.0,0.0,0.11,1.49,Chicago,KMDW,2014,10,Oct,51.0,4.0,False,False,-0.11
2014-10-27,67,54,79,42,58,24,82,1942.0,1940.0,0.02,0.11,1.56,Chicago,KMDW,2014,10,Oct,50.0,17.0,True,False,-0.09
2014-10-28,57,48,66,42,58,25,81,1976.0,1999.0,0.03,0.12,0.65,Chicago,KMDW,2014,10,Oct,50.0,7.0,False,False,-0.09
2014-10-29,45,40,49,42,58,22,79,1980.0,1999.0,0.0,0.11,1.02,Chicago,KMDW,2014,10,Oct,50.0,-5.0,False,False,-0.11
2014-10-30,45,37,53,41,57,25,85,1988.0,1950.0,0.0,0.12,1.24,Chicago,KMDW,2014,10,Oct,49.0,-4.0,False,False,-0.12
2014-10-31,42,34,49,41,57,27,84,1996.0,1950.0,0.04,0.11,2.63,Chicago,KMDW,2014,10,Oct,49.0,-7.0,False,False,-0.07
2014-11-01,39,33,44,41,56,22,81,1930.0,1950.0,0.0,0.12,2.45,Chicago,KMDW,2014,11,Nov,48.5,-9.5,False,False,-0.12
2014-11-02,41,29,53,40,56,14,78,1951.0,1974.0,0.0,0.11,1.2,Chicago,KMDW,2014,11,Nov,48.0,-7.0,False,False,-0.11
2014-11-03,55,45,64,40,55,11,76,1951.0,1987.0,0.0,0.11,1.72,Chicago,KMDW,2014,11,Nov,47.5,7.5,False,False,-0.11
2014-11-04,53,45,61,40,55,15,74,1951.0,1981.0,0.02,0.12,1.83,Chicago,KMDW,2014,11,Nov,47.5,5.5,False,False,-0.09999999999999999
2014-11-05,51,39,63,39,54,11,79,1951.0,1978.0,0.0,0.12,1.26,Chicago,KMDW,2014,11,Nov,46.5,4.5,False,False,-0.12
2014-11-06,46,40,52,39,54,19,75,1991.0,1975.0,0.0,0.11,1.05,Chicago,KMDW,2014,11,Nov,46.5,-0.5,False,False,-0.11
2014-11-07,41,37,45,38,53,16,74,1991.0,1945.0,0.0,0.12,1.17,Chicago,KMDW,2014,11,Nov,45.5,-4.5,False,False,-0.12
2014-11-08,44,39,49,38,53,14,74,1991.0,1999.0,0.0,0.11,1.17,Chicago,KMDW,2014,11,Nov,45.5,-1.5,False,False,-0.11
2014-11-09,45,36,53,38,52,16,75,1991.0,1999.0,0.0,0.11,2.69,Chicago,KMDW,2014,11,Nov,45.0,0.0,False,False,-0.11
2014-11-10,55,44,65,37,52,17,71,1933.0,1999.0,0.0,0.11,3.49,Chicago,KMDW,2014,11,Nov,44.5,10.5,False,False,-0.11
2014-11-11,47,33,61,37,51,15,74,1950.0,1964.0,0.23,0.11,1.3,Chicago,KMDW,2014,11,Nov,44.0,3.0,False,False,0.12000000000000001
2014-11-12,30,27,33,36,51,10,70,1986.0,1949.0,0.0,0.12,0.7,Chicago,KMDW,2014,11,Nov,43.5,-13.5,False,False,-0.12
2014-11-13,29,26,31,36,50,7,74,1986.0,1989.0,0.0,0.12,1.09,Chicago,KMDW,2014,11,Nov,43.0,-14.0,False,False,-0.12
2014-11-14,27,24,29,35,50,12,78,1940.0,1971.0,0.0,0.12,1.6,Chicago,KMDW,2014,11,Nov,42.5,-15.5,False,False,-0.12
2014-11-15,27,21,33,35,49,8,72,1933.0,1990.0,0.0,0.12,0.89,Chicago,KMDW,2014,11,Nov,42.0,-15.0,False,False,-0.12
2014-11-16,29,25,33,34,48,5,73,1933.0,1952.0,0.0,0.12,1.29,Chicago,KMDW,2014,11,Nov,41.0,-12.0,False,False,-0.12
2014-11-17,19,13,25,34,48,3,74,1959.0,1975.0,0.0,0.11,1.26,Chicago,KMDW,2014,11,Nov,41.0,-22.0,False,False,-0.11
2014-11-18,17,12,21,34,47,12,72,2014.0,1999.0,0.0,0.12,2.23,Chicago,KMDW,2014,11,Nov,40.5,-23.5,False,True,-0.12
2014-11-19,26,19,33,33,47,17,77,1951.0,1930.0,0.0,0.11,0.74,Chicago,KMDW,2014,11,Nov,40.0,-14.0,False,True,-0.11
2014-11-20,24,17,30,33,46,14,69,1964.0,1930.0,0.0,0.11,1.23,Chicago,KMDW,2014,11,Nov,39.5,-15.5,False,True,-0.11
2014-11-21,25,13,36,32,46,7,66,1964.0,1990.0,0.0,0.12,1.35,Chicago,KMDW,2014,11,Nov,39.0,-14.0,False,False,-0.12
2014-11-22,44,34,54,32,45,2,67,1929.0,2010.0,0.05,0.11,1.3,Chicago,KMDW,2014,11,Nov,38.5,5.5,False,False,-0.06
2014-11-23,52,50,54,31,45,-1,70,1950.0,1931.0,0.62,0.12,1.98,Chicago,KMDW,2014,11,Nov,38.0,14.0,False,False,0.5
2014-11-24,39,27,51,31,44,-2,69,1950.0,1966.0,0.35,0.12,0.75,Chicago,KMDW,2014,11,Nov,37.5,1.5,False,False,0.22999999999999998
2014-11-25,26,22,30,30,43,0,61,1950.0,2006.0,0.0,0.1,0.76,Chicago,KMDW,2014,11,Nov,36.5,-10.5,False,False,-0.1
2014-11-26,27,22,32,30,43,2,68,1930.0,1990.0,0.0,0.11,1.2,Chicago,KMDW,2014,11,Nov,36.5,-9.5,False,False,-0.11
2014-11-27,25,19,30,29,42,0,70,1930.0,1990.0,0.0,0.11,3.34,Chicago,KMDW,2014,11,Nov,35.5,-10.5,False,False,-0.11
2014-11-28,28,20,36,29,42,-3,69,1930.0,1998.0,0.0,0.11,1.56,Chicago,KMDW,2014,11,Nov,35.5,-7.5,False,False,-0.11
2014-11-29,44,33,54,28,41,-1,69,1929.0,1998.0,0.0,0.11,1.31,Chicago,KMDW,2014,11,Nov,34.5,9.5,False,False,-0.11
2014-11-30,43,29,56,28,41,-1,66,1947.0,1962.0,0.0,0.11,0.6,Chicago,KMDW,2014,11,Nov,34.5,8.5,False,False,-0.11
2014-12-01,25,21,29,28,40,5,68,1930.0,1970.0,0.0,0.1,1.04,Chicago,KMDW,2014,12,Dec,34.0,-9.0,False,False,-0.1
2014-12-02,28,22,33,27,40,-1,69,1942.0,1982.0,0.0,0.1,2.78,Chicago,KMDW,2014,12,Dec,33.5,-5.5,False,False,-0.1
2014-12-03,33,26,39,27,40,-8,72,1940.0,2012.0,0.0,0.1,0.68,Chicago,KMDW,2014,12,Dec,33.5,-0.5,False,False,-0.1
2014-12-04,31,25,37,26,39,3,68,1991.0,1998.0,0.0,0.09,1.19,Chicago,KMDW,2014,12,Dec,32.5,-1.5,False,False,-0.09
2014-12-05,38,35,41,26,39,7,68,2005.0,2001.0,0.0,0.1,0.95,Chicago,KMDW,2014,12,Dec,32.5,5.5,False,False,-0.1
2014-12-06,39,34,43,26,38,0,65,1972.0,1951.0,0.0,0.09,1.38,Chicago,KMDW,2014,12,Dec,32.0,7.0,False,False,-0.09
2014-12-07,35,30,39,25,38,-2,61,1936.0,1946.0,0.0,0.09,1.26,Chicago,KMDW,2014,12,Dec,31.5,3.5,False,False,-0.09
2014-12-08,37,35,39,25,37,0,64,1958.0,1946.0,0.1,0.09,0.77,Chicago,KMDW,2014,12,Dec,31.0,6.0,False,False,0.010000000000000009
2014-12-09,37,33,40,24,37,-8,61,1958.0,1946.0,0.02,0.09,1.31,Chicago,KMDW,2014,12,Dec,30.5,6.5,False,False,-0.06999999999999999
2014-12-10,34,31,36,24,37,-8,60,1978.0,1971.0,0.0,0.1,2.18,Chicago,KMDW,2014,12,Dec,30.5,3.5,False,False,-0.1
2014-12-11,30,26,34,24,36,-5,61,1972.0,1949.0,0.0,0.09,1.73,Chicago,KMDW,2014,12,Dec,30.0,0.0,False,False,-0.09
2014-12-12,32,25,39,24,36,-7,62,1962.0,1991.0,0.0,0.08,1.76,Chicago,KMDW,2014,12,Dec,30.0,2.0,False,False,-0.08
2014-12-13,43,37,49,23,36,-3,67,2000.0,1975.0,0.0,0.08,1.24,Chicago,KMDW,2014,12,Dec,29.5,13.5,False,False,-0.08
2014-12-14,50,47,53,23,35,-4,66,1985.0,1975.0,0.0,0.08,1.0,Chicago,KMDW,2014,12,Dec,29.0,21.0,False,False,-0.08
2014-12-15,46,43,48,23,35,-8,64,1989.0,,0.12,0.08,1.14,Chicago,KMDW,2014,12,Dec,29.0,17.0,False,False,0.039999999999999994
2014-12-16,40,32,47,22,35,-12,63,1951.0,1984.0,0.02,0.08,0.47,Chicago,KMDW,2014,12,Dec,28.5,11.5,False,False,-0.06
2014-12-17,29,26,32,22,35,-7,60,1951.0,1977.0,0.0,0.08,0.44,Chicago,KMDW,2014,12,Dec,28.5,0.5,False,False,-0.08
2014-12-18,28,25,31,22,34,-9,59,1983.0,1939.0,0.0,0.07,1.06,Chicago,KMDW,2014,12,Dec,28.0,0.0,False,False,-0.07
2014-12-19,32,29,34,22,34,-12,56,1983.0,1988.0,0.0,0.08,0.8,Chicago,KMDW,2014,12,Dec,28.0,4.0,False,False,-0.08
2014-12-20,34,32,35,21,34,-9,59,1963.0,1988.0,0.0,0.08,1.12,Chicago,KMDW,2014,12,Dec,27.5,6.5,False,False,-0.08
2014-12-21,36,34,38,21,34,-13,62,1989.0,1967.0,0.0,0.07,1.81,Chicago,KMDW,2014,12,Dec,27.5,8.5,False,False,-0.07
2014-12-22,38,31,44,21,33,-12,57,1989.0,1957.0,0.28,0.08,0.98,Chicago,KMDW,2014,12,Dec,27.0,11.0,False,False,0.2
2014-12-23,46,42,50,21,33,-17,60,1983.0,1982.0,0.12,0.08,1.12,Chicago,KMDW,2014,12,Dec,27.0,19.0,False,False,0.039999999999999994
2014-12-24,41,38,43,21,33,-20,59,1983.0,1982.0,0.12,0.07,2.61,Chicago,KMDW,2014,12,Dec,27.0,14.0,False,False,0.04999999999999999
2014-12-25,40,35,44,20,33,-13,64,1983.0,1982.0,0.0,0.08,1.8,Chicago,KMDW,2014,12,Dec,26.5,13.5,False,False,-0.08
2014-12-26,45,38,51,20,33,-9,55,1933.0,1971.0,0.0,0.07,0.8,Chicago,KMDW,2014,12,Dec,26.5,18.5,False,False,-0.07
2014-12-27,41,32,50,20,33,-12,61,1933.0,1982.0,0.0,0.07,2.05,Chicago,KMDW,2014,12,Dec,26.5,14.5,False,False,-0.07
2014-12-28,31,26,36,20,32,-3,67,1961.0,1984.0,0.0,0.08,1.13,Chicago,KMDW,2014,12,Dec,26.0,5.0,False,False,-0.08
2014-12-29,30,24,35,20,32,-8,64,1976.0,1984.0,0.0,0.07,0.78,Chicago,KMDW,2014,12,Dec,26.0,4.0,False,False,-0.07
2014-12-30,19,13,24,19,32,-8,60,1983.0,2002.0,0.0,0.07,1.69,Chicago,KMDW,2014,12,Dec,25.5,-6.5,False,False,-0.07
2014-12-31,13,6,20,19,32,-10,60,1967.0,1962.0,0.0,0.08,1.41,Chicago,KMDW,2014,12,Dec,25.5,-12.5,False,False,-0.08
2015-01-01,25,17,32,19,32,-10,52,1969.0,2000.0,0.0,0.08,1.33,Chicago,KMDW,2015,1,Jan,25.5,-0.5,False,False,-0.08
2015-01-02,28,20,36,19,32,-13,61,1979.0,2000.0,0.0,0.08,1.22,Chicago,KMDW,2015,1,Jan,25.5,2.5,False,False,-0.08
2015-01-03,34,31,37,19,32,-12,60,1979.0,1950.0,0.55,0.07,0.79,Chicago,KMDW,2015,1,Jan,25.5,8.5,False,False,0.48000000000000004
2015-01-04,21,5,36,19,32,-8,64,1999.0,1997.0,0.1,0.08,1.59,Chicago,KMDW,2015,1,Jan,25.5,-4.5,False,False,0.020000000000000004
2015-01-05,5,-1,10,19,32,-15,56,1999.0,1998.0,0.11,0.08,0.8,Chicago,KMDW,2015,1,Jan,25.5,-20.5,False,False,0.03
2015-01-06,9,5,12,19,32,-15,60,2014.0,2008.0,0.0,0.07,0.75,Chicago,KMDW,2015,1,Jan,25.5,-16.5,False,False,-0.07
2015-01-07,2,-4,8,18,32,-14,65,1942.0,2008.0,0.0,0.08,0.69,Chicago,KMDW,2015,1,Jan,25.0,-23.0,False,False,-0.08
2015-01-08,7,-7,20,18,32,-12,63,1942.0,1965.0,0.05,0.07,1.48,Chicago,KMDW,2015,1,Jan,25.0,-18.0,False,False,-0.020000000000000004
2015-01-09,10,3,16,18,31,-17,57,1982.0,1939.0,0.0,0.08,0.76,Chicago,KMDW,2015,1,Jan,24.5,-14.5,False,False,-0.08
2015-01-10,13,0,26,18,31,-22,60,1982.0,1975.0,0.0,0.07,2.29,Chicago,KMDW,2015,1,Jan,24.5,-11.5,False,False,-0.07
2015-01-11,30,25,34,18,31,-11,54,1977.0,2013.0,0.12,0.07,0.34,Chicago,KMDW,2015,1,Jan,24.5,5.5,False,False,0.04999999999999999
2015-01-12,25,19,30,18,31,-9,62,1974.0,2005.0,0.03,0.07,2.76,Chicago,KMDW,2015,1,Jan,24.5,0.5,False,False,-0.04000000000000001
2015-01-13,18,13,23,18,31,-10,56,1929.0,1932.0,0.0,0.07,1.37,Chicago,KMDW,2015,1,Jan,24.5,-6.5,False,False,-0.07
2015-01-14,13,5,21,18,31,-14,56,1979.0,1952.0,0.0,0.07,1.0,Chicago,KMDW,2015,1,Jan,24.5,-11.5,False,False,-0.07
2015-01-15,27,17,36,18,31,-19,60,1979.0,1949.0,0.0,0.06,0.39,Chicago,KMDW,2015,1,Jan,24.5,2.5,False,False,-0.06
2015-01-16,29,22,35,18,31,-19,56,1977.0,1990.0,0.0,0.07,0.43,Chicago,KMDW,2015,1,Jan,24.5,4.5,False,False,-0.07
2015-01-17,37,30,44,18,31,-17,58,1982.0,1952.0,0.0,0.07,0.68,Chicago,KMDW,2015,1,Jan,24.5,12.5,False,False,-0.07
2015-01-18,37,31,43,18,31,-20,61,1994.0,1996.0,0.0,0.06,1.39,Chicago,KMDW,2015,1,Jan,24.5,12.5,False,False,-0.06
2015-01-19,35,27,43,18,31,-21,57,1985.0,1933.0,0.0,0.07,1.09,Chicago,KMDW,2015,1,Jan,24.5,10.5,False,False,-0.07
2015-01-20,37,33,40,18,31,-25,53,1985.0,1954.0,0.01,0.06,0.99,Chicago,KMDW,2015,1,Jan,24.5,12.5,False,False,-0.049999999999999996
2015-01-21,34,31,36,18,31,-17,57,1984.0,1934.0,0.0,0.06,0.96,Chicago,KMDW,2015,1,Jan,24.5,9.5,False,False,-0.06
2015-01-22,32,30,34,18,31,-17,58,1936.0,1964.0,0.0,0.06,1.33,Chicago,KMDW,2015,1,Jan,24.5,7.5,False,False,-0.06
2015-01-23,32,30,34,18,31,-19,59,1936.0,1967.0,0.0,0.06,0.73,Chicago,KMDW,2015,1,Jan,24.5,7.5,False,False,-0.06
2015-01-24,39,32,45,18,31,-16,65,1936.0,1967.0,0.0,0.05,0.73,Chicago,KMDW,2015,1,Jan,24.5,14.5,False,False,-0.05
2015-01-25,32,26,38,18,32,-10,67,1936.0,1950.0,0.06,0.06,1.3,Chicago,KMDW,2015,1,Jan,25.0,7.0,False,False,0.0
2015-01-26,25,21,29,18,32,-10,62,1936.0,1944.0,0.04,0.06,1.66,Chicago,KMDW,2015,1,Jan,25.0,0.0,False,False,-0.019999999999999997
2015-01-27,29,24,33,18,32,-10,61,1955.0,2002.0,0.0,0.06,0.74,Chicago,KMDW,2015,1,Jan,25.0,4.0,False,False,-0.06
2015-01-28,30,24,36,18,32,-13,55,1977.0,1970.0,0.03,0.05,0.52,Chicago,KMDW,2015,1,Jan,25.0,5.0,False,False,-0.020000000000000004
2015-01-29,35,31,39,18,32,-16,61,1966.0,2013.0,0.0,0.06,0.99,Chicago,KMDW,2015,1,Jan,25.0,10.0,False,False,-0.06
2015-01-30,28,23,32,18,32,-15,55,1966.0,1988.0,0.0,0.05,1.25,Chicago,KMDW,2015,1,Jan,25.0,3.0,False,False,-0.05
2015-01-31,31,23,39,19,32,-9,67,1996.0,1989.0,0.13,0.06,0.7,Chicago,KMDW,2015,1,Jan,25.5,5.5,False,False,0.07
2015-02-01,27,21,33,19,32,-9,56,1951.0,1968.0,0.12,0.05,0.95,Chicago,KMDW,2015,2,Feb,25.5,1.5,False,False,0.06999999999999999
2015-02-02,16,9,22,19,32,-15,51,1951.0,1992.0,0.0,0.06,1.22,Chicago,KMDW,2015,2,Feb,25.5,-9.5,False,False,-0.06
2015-02-03,19,8,30,19,33,-17,60,1996.0,1992.0,0.05,0.06,0.43,Chicago,KMDW,2015,2,Feb,26.0,-7.0,False,False,-0.009999999999999995
2015-02-04,21,12,30,19,33,-12,54,1996.0,1993.0,0.0,0.05,0.69,Chicago,KMDW,2015,2,Feb,26.0,-5.0,False,False,-0.05
2015-02-05,10,3,17,19,33,-17,56,1979.0,1946.0,0.0,0.06,0.68,Chicago,KMDW,2015,2,Feb,26.0,-16.0,False,False,-0.06
2015-02-06,24,15,32,20,33,-12,56,1982.0,1938.0,0.0,0.05,1.96,Chicago,KMDW,2015,2,Feb,26.5,-2.5,False,False,-0.05
2015-02-07,35,25,44,20,33,-5,59,1972.0,2009.0,0.0,0.06,0.67,Chicago,KMDW,2015,2,Feb,26.5,8.5,False,False,-0.06
2015-02-08,37,31,42,20,34,-12,61,1933.0,1990.0,0.0,0.07,0.81,Chicago,KMDW,2015,2,Feb,27.0,10.0,False,False,-0.07
2015-02-09,29,26,31,20,34,-20,57,1933.0,1999.0,0.0,0.06,0.77,Chicago,KMDW,2015,2,Feb,27.0,2.0,False,False,-0.06
2015-02-10,29,25,33,20,34,-12,62,1982.0,2009.0,0.0,0.06,0.98,Chicago,KMDW,2015,2,Feb,27.0,2.0,False,False,-0.06
2015-02-11,30,21,38,21,35,-8,71,1955.0,1999.0,0.0,0.07,0.82,Chicago,KMDW,2015,2,Feb,28.0,2.0,False,False,-0.07
2015-02-12,16,11,21,21,35,-10,61,1981.0,1984.0,0.0,0.07,0.5,Chicago,KMDW,2015,2,Feb,28.0,-12.0,False,False,-0.07
2015-02-13,18,7,29,21,35,-5,63,1988.0,1938.0,0.0,0.07,0.78,Chicago,KMDW,2015,2,Feb,28.0,-10.0,False,False,-0.07
2015-02-14,17,4,29,21,35,-5,62,1936.0,1954.0,0.0,0.06,0.94,Chicago,KMDW,2015,2,Feb,28.0,-11.0,False,False,-0.06
2015-02-15,9,0,17,22,36,-6,69,1936.0,1954.0,0.0,0.07,0.78,Chicago,KMDW,2015,2,Feb,29.0,-20.0,False,False,-0.07
2015-02-16,14,8,19,22,36,-7,53,1958.0,1981.0,0.0,0.07,0.75,Chicago,KMDW,2015,2,Feb,29.0,-15.0,False,False,-0.07
2015-02-17,17,11,22,22,36,-10,58,1936.0,2011.0,0.0,0.07,0.84,Chicago,KMDW,2015,2,Feb,29.0,-12.0,False,False,-0.07
2015-02-18,6,0,11,23,37,-16,62,1936.0,1961.0,0.0,0.07,0.84,Chicago,KMDW,2015,2,Feb,30.0,-24.0,False,False,-0.07
2015-02-19,1,-5,7,23,37,-8,65,1936.0,1930.0,0.0,0.07,0.78,Chicago,KMDW,2015,2,Feb,30.0,-29.0,False,True,-0.07
2015-02-20,10,-1,20,23,37,-9,65,1929.0,1983.0,0.0,0.08,1.35,Chicago,KMDW,2015,2,Feb,30.0,-20.0,False,False,-0.08
2015-02-21,26,19,33,23,38,-6,66,1963.0,1930.0,0.0,0.07,3.25,Chicago,KMDW,2015,2,Feb,30.5,-4.5,False,False,-0.07
2015-02-22,19,7,30,24,38,-7,63,1963.0,1984.0,0.0,0.08,1.4,Chicago,KMDW,2015,2,Feb,31.0,-12.0,False,False,-0.08
2015-02-23,8,0,15,24,39,0,66,1939.0,2000.0,0.0,0.09,0.9,Chicago,KMDW,2015,2,Feb,31.5,-23.5,False,True,-0.09
2015-02-24,19,6,32,24,39,-5,64,1967.0,1930.0,0.0,0.08,1.36,Chicago,KMDW,2015,2,Feb,31.5,-12.5,False,False,-0.08
2015-02-25,22,16,28,25,39,-5,73,1967.0,2000.0,0.06,0.09,0.62,Chicago,KMDW,2015,2,Feb,32.0,-10.0,False,False,-0.03
2015-02-26,15,7,22,25,40,-1,64,1963.0,2000.0,0.01,0.08,1.76,Chicago,KMDW,2015,2,Feb,32.5,-17.5,False,False,-0.07
2015-02-27,9,0,17,25,40,-6,75,1934.0,1976.0,0.0,0.09,0.79,Chicago,KMDW,2015,2,Feb,32.5,-23.5,False,False,-0.09
2015-02-28,12,1,23,26,40,1,59,2015.0,1965.0,0.0,0.08,0.77,Chicago,KMDW,2015,2,Feb,33.0,-21.0,False,True,-0.08
2015-03-01,23,18,27,26,41,-5,71,1962.0,1992.0,0.01,0.09,1.09,Chicago,KMDW,2015,3,Mar,33.5,-10.5,False,False,-0.08
2015-03-02,25,16,34,26,41,-4,71,1913.0,1974.0,0.0,0.08,1.02,Chicago,KMDW,2015,3,Mar,33.5,-8.5,False,False,-0.08
2015-03-03,32,27,37,27,42,-6,80,1873.0,1974.0,0.1,0.09,1.21,Chicago,KMDW,2015,3,Mar,34.5,-2.5,False,False,0.010000000000000009
2015-03-04,24,14,33,27,42,-4,74,2002.0,1983.0,0.0,0.08,1.42,Chicago,KMDW,2015,3,Mar,34.5,-10.5,False,False,-0.08
2015-03-05,14,8,19,27,42,0,76,1978.0,1983.0,0.0,0.09,0.99,Chicago,KMDW,2015,3,Mar,34.5,-20.5,False,False,-0.09
2015-03-06,17,6,27,28,43,2,71,1960.0,1983.0,0.0,0.08,0.49,Chicago,KMDW,2015,3,Mar,35.5,-18.5,False,False,-0.08
2015-03-07,36,26,46,28,43,-2,79,1943.0,2000.0,0.0,0.09,1.27,Chicago,KMDW,2015,3,Mar,35.5,0.5,False,False,-0.09
2015-03-08,37,31,42,28,44,-7,79,1943.0,2000.0,0.0,0.09,2.02,Chicago,KMDW,2015,3,Mar,36.0,1.0,False,False,-0.09
2015-03-09,40,28,52,29,44,3,69,1932.0,1974.0,0.0,0.08,1.41,Chicago,KMDW,2015,3,Mar,36.5,3.5,False,False,-0.08
2015-03-10,46,38,54,29,44,5,70,2003.0,1955.0,0.0,0.08,1.12,Chicago,KMDW,2015,3,Mar,36.5,9.5,False,False,-0.08
2015-03-11,45,36,54,29,45,3,76,1979.0,1990.0,0.0,0.08,0.92,Chicago,KMDW,2015,3,Mar,37.0,8.0,False,False,-0.08
2015-03-12,46,33,58,30,45,1,81,1948.0,1990.0,0.0,0.08,1.3,Chicago,KMDW,2015,3,Mar,37.5,8.5,False,False,-0.08
2015-03-13,53,41,65,30,46,11,74,1948.0,2007.0,0.0,0.08,1.02,Chicago,KMDW,2015,3,Mar,38.0,15.0,False,False,-0.08
2015-03-14,51,40,62,30,46,8,81,1993.0,2012.0,0.0,0.09,1.62,Chicago,KMDW,2015,3,Mar,38.0,13.0,False,False,-0.09
2015-03-15,49,34,64,31,46,12,81,1979.0,2012.0,0.0,0.08,1.66,Chicago,KMDW,2015,3,Mar,38.5,10.5,False,False,-0.08
2015-03-16,59,44,74,31,47,5,81,1941.0,2012.0,0.0,0.09,1.12,Chicago,KMDW,2015,3,Mar,39.0,20.0,False,False,-0.09
2015-03-17,38,31,44,31,47,0,80,1941.0,2012.0,0.0,0.08,1.42,Chicago,KMDW,2015,3,Mar,39.0,-1.0,False,False,-0.08
2015-03-18,40,30,50,32,48,3,81,1941.0,2012.0,0.0,0.09,1.04,Chicago,KMDW,2015,3,Mar,40.0,0.0,False,False,-0.09
2015-03-19,46,41,50,32,48,11,79,1965.0,2012.0,0.0,0.09,2.5,Chicago,KMDW,2015,3,Mar,40.0,6.0,False,False,-0.09
2015-03-20,46,39,52,32,48,8,85,1965.0,2012.0,0.0,0.09,0.78,Chicago,KMDW,2015,3,Mar,40.0,6.0,False,False,-0.09
2015-03-21,43,35,50,33,49,12,86,1951.0,2012.0,0.0,0.09,0.93,Chicago,KMDW,2015,3,Mar,41.0,2.0,False,False,-0.09
2015-03-22,34,30,37,33,49,6,84,1940.0,2012.0,0.0,0.09,1.15,Chicago,KMDW,2015,3,Mar,41.0,-7.0,False,False,-0.09
2015-03-23,31,30,32,33,50,6,79,1940.0,1939.0,0.15,0.09,0.93,Chicago,KMDW,2015,3,Mar,41.5,-10.5,False,False,0.06
2015-03-24,33,25,40,34,50,5,79,1974.0,1939.0,0.04,0.08,1.26,Chicago,KMDW,2015,3,Mar,42.0,-9.0,False,False,-0.04
2015-03-25,41,38,43,34,50,10,78,1940.0,2007.0,0.13,0.09,1.95,Chicago,KMDW,2015,3,Mar,42.0,-1.0,False,False,0.04000000000000001
2015-03-26,40,34,46,34,51,11,79,1955.0,2007.0,0.0,0.09,1.4,Chicago,KMDW,2015,3,Mar,42.5,-2.5,False,False,-0.09
2015-03-27,30,25,34,35,51,13,82,1965.0,1945.0,0.01,0.09,1.06,Chicago,KMDW,2015,3,Mar,43.0,-13.0,False,False,-0.08
2015-03-28,29,21,37,35,52,9,78,1934.0,1968.0,0.0,0.1,1.26,Chicago,KMDW,2015,3,Mar,43.5,-14.5,False,False,-0.1
2015-03-29,40,28,51,35,52,17,86,1969.0,1986.0,0.04,0.09,1.33,Chicago,KMDW,2015,3,Mar,43.5,-3.5,False,False,-0.049999999999999996
2015-03-30,51,37,64,36,52,12,83,1969.0,1986.0,0.0,0.1,1.36,Chicago,KMDW,2015,3,Mar,44.0,7.0,False,False,-0.1
2015-03-31,49,41,57,36,53,12,85,,1986.0,0.0,0.11,2.5,Chicago,KMDW,2015,3,Mar,44.5,4.5,False,False,-0.11
2015-04-01,58,41,74,36,53,24,82,1954.0,2010.0,0.0,0.11,1.58,Chicago,KMDW,2015,4,Apr,44.5,13.5,False,False,-0.11
2015-04-02,59,50,68,37,54,22,82,1961.0,1963.0,0.27,0.12,1.67,Chicago,KMDW,2015,4,Apr,45.5,13.5,False,False,0.15000000000000002
2015-04-03,45,33,57,39,54,19,81,1954.0,1956.0,0.0,0.11,1.08,Chicago,KMDW,2015,4,Apr,46.5,-1.5,False,False,-0.11
2015-04-04,46,31,61,38,55,16,80,1975.0,1929.0,0.0,0.11,1.9,Chicago,KMDW,2015,4,Apr,46.5,-0.5,False,False,-0.11
2015-04-05,58,47,69,38,55,18,85,1979.0,1988.0,0.0,0.11,2.58,Chicago,KMDW,2015,4,Apr,46.5,11.5,False,False,-0.11
2015-04-06,53,41,64,38,55,16,84,1982.0,1991.0,0.07,0.12,0.94,Chicago,KMDW,2015,4,Apr,46.5,6.5,False,False,-0.04999999999999999
2015-04-07,45,40,49,39,56,10,83,1982.0,2001.0,0.04,0.12,0.78,Chicago,KMDW,2015,4,Apr,47.5,-2.5,False,False,-0.07999999999999999
2015-04-08,49,43,54,39,56,20,82,1972.0,2001.0,0.08,0.12,1.38,Chicago,KMDW,2015,4,Apr,47.5,1.5,False,False,-0.039999999999999994
2015-04-09,60,46,74,39,57,21,78,1972.0,1952.0,0.95,0.12,1.58,Chicago,KMDW,2015,4,Apr,48.0,12.0,False,False,0.83
2015-04-10,54,42,65,40,57,22,91,1989.0,1930.0,0.0,0.13,1.15,Chicago,KMDW,2015,4,Apr,48.5,5.5,False,False,-0.13
2015-04-11,52,39,64,40,57,25,91,1973.0,1930.0,0.0,0.12,2.26,Chicago,KMDW,2015,4,Apr,48.5,3.5,False,False,-0.12
2015-04-12,59,47,71,41,58,21,86,1957.0,1977.0,0.0,0.12,1.16,Chicago,KMDW,2015,4,Apr,49.5,9.5,False,False,-0.12
2015-04-13,61,53,69,41,58,21,83,1950.0,1941.0,0.14,0.12,1.84,Chicago,KMDW,2015,4,Apr,49.5,11.5,False,False,0.020000000000000018
2015-04-14,57,46,67,41,59,23,85,1943.0,2003.0,0.0,0.12,1.21,Chicago,KMDW,2015,4,Apr,50.0,7.0,False,False,-0.12
2015-04-15,56,44,67,42,59,21,89,1928.0,2002.0,0.0,0.12,1.26,Chicago,KMDW,2015,4,Apr,50.5,5.5,False,False,-0.12
2015-04-16,56,47,64,42,60,26,88,1962.0,2002.0,0.34,0.13,1.33,Chicago,KMDW,2015,4,Apr,51.0,5.0,False,False,0.21000000000000002
2015-04-17,65,49,80,42,60,29,88,1983.0,1976.0,0.0,0.12,1.87,Chicago,KMDW,2015,4,Apr,51.0,14.0,False,False,-0.12
2015-04-18,59,50,68,43,60,25,89,1983.0,2002.0,0.0,0.13,3.83,Chicago,KMDW,2015,4,Apr,51.5,7.5,False,False,-0.13
2015-04-19,60,51,69,43,61,24,86,1983.0,1985.0,0.42,0.12,1.52,Chicago,KMDW,2015,4,Apr,52.0,8.0,False,False,0.3
2015-04-20,50,43,56,43,61,27,87,1983.0,1987.0,0.0,0.12,1.27,Chicago,KMDW,2015,4,Apr,52.0,-2.0,False,False,-0.12
2015-04-21,50,41,58,44,62,28,86,1943.0,1985.0,0.0,0.13,1.08,Chicago,KMDW,2015,4,Apr,53.0,-3.0,False,False,-0.13
2015-04-22,43,37,49,44,62,25,91,1936.0,1980.0,0.0,0.12,1.5,Chicago,KMDW,2015,4,Apr,53.0,-10.0,False,False,-0.12
2015-04-23,45,34,56,44,62,28,88,1936.0,1960.0,0.0,0.12,0.83,Chicago,KMDW,2015,4,Apr,53.0,-8.0,False,False,-0.12
2015-04-24,48,35,60,45,63,29,89,1930.0,1990.0,0.29,0.12,2.05,Chicago,KMDW,2015,4,Apr,54.0,-6.0,False,False,0.16999999999999998
2015-04-25,45,40,49,45,63,27,89,1934.0,1990.0,0.34,0.12,1.62,Chicago,KMDW,2015,4,Apr,54.0,-9.0,False,False,0.22000000000000003
2015-04-26,48,39,57,45,64,29,91,1930.0,1986.0,0.0,0.13,0.84,Chicago,KMDW,2015,4,Apr,54.5,-6.5,False,False,-0.13
2015-04-27,50,43,56,46,64,28,89,1928.0,1986.0,0.0,0.13,2.13,Chicago,KMDW,2015,4,Apr,55.0,-5.0,False,False,-0.13
2015-04-28,49,38,60,46,64,30,84,1950.0,1951.0,0.0,0.13,1.63,Chicago,KMDW,2015,4,Apr,55.0,-6.0,False,False,-0.13
2015-04-29,53,42,64,46,65,31,89,1958.0,1942.0,0.0,0.13,1.62,Chicago,KMDW,2015,4,Apr,55.5,-2.5,False,False,-0.13
2015-04-30,47,42,52,47,65,31,92,1931.0,1942.0,0.0,0.12,2.15,Chicago,KMDW,2015,4,Apr,56.0,-9.0,False,False,-0.12
2015-05-01,53,40,65,47,65,30,90,1943.0,1951.0,0.0,0.12,2.05,Chicago,KMDW,2015,5,May,56.0,-3.0,False,False,-0.12
2015-05-02,66,53,79,47,66,30,91,1978.0,1959.0,0.0,0.12,1.26,Chicago,KMDW,2015,5,May,56.5,9.5,False,False,-0.12
2015-05-03,71,60,82,48,66,32,92,1971.0,1955.0,0.2,0.13,0.76,Chicago,KMDW,2015,5,May,57.0,14.0,False,False,0.07
2015-05-04,66,57,74,48,66,37,82,2005.0,1999.0,0.0,0.12,0.93,Chicago,KMDW,2015,5,May,57.0,9.0,False,False,-0.12
2015-05-05,56,51,60,48,67,34,94,1954.0,1949.0,0.79,0.13,0.83,Chicago,KMDW,2015,5,May,57.5,-1.5,False,False,0.66
2015-05-06,67,51,82,49,67,34,93,1989.0,1934.0,0.0,0.12,1.71,Chicago,KMDW,2015,5,May,58.0,9.0,False,False,-0.12
2015-05-07,72,57,87,49,67,32,89,1974.0,1936.0,0.0,0.12,2.01,Chicago,KMDW,2015,5,May,58.0,14.0,True,False,-0.12
2015-05-08,75,66,84,49,68,33,93,1977.0,2014.0,0.28,0.12,1.09,Chicago,KMDW,2015,5,May,58.5,16.5,False,False,0.16000000000000003
2015-05-09,58,49,67,49,68,31,96,1983.0,1934.0,0.38,0.13,2.33,Chicago,KMDW,2015,5,May,58.5,-0.5,False,False,0.25
2015-05-10,53,47,58,50,68,29,91,1966.0,2011.0,0.16,0.12,2.84,Chicago,KMDW,2015,5,May,59.0,-6.0,False,False,0.04000000000000001
2015-05-11,61,50,71,50,69,32,89,1981.0,1987.0,0.14,0.13,3.3,Chicago,KMDW,2015,5,May,59.5,1.5,False,False,0.010000000000000009
2015-05-12,53,47,58,50,69,28,92,1981.0,1956.0,0.0,0.13,1.92,Chicago,KMDW,2015,5,May,59.5,-6.5,False,False,-0.13
2015-05-13,49,45,53,51,69,30,90,1938.0,1982.0,0.0,0.14,1.46,Chicago,KMDW,2015,5,May,60.0,-11.0,False,False,-0.14
2015-05-14,58,46,69,51,70,37,92,1973.0,1982.0,0.13,0.13,1.95,Chicago,KMDW,2015,5,May,60.5,-2.5,False,False,0.0
2015-05-15,70,60,79,51,70,34,91,1937.0,2001.0,0.03,0.13,0.85,Chicago,KMDW,2015,5,May,60.5,9.5,False,False,-0.1
2015-05-16,75,67,82,52,70,35,94,1940.0,1962.0,0.0,0.13,1.38,Chicago,KMDW,2015,5,May,61.0,14.0,False,False,-0.13
2015-05-17,77,69,84,52,71,36,94,1973.0,1962.0,0.0,0.13,1.4,Chicago,KMDW,2015,5,May,61.5,15.5,False,False,-0.13
2015-05-18,66,51,81,52,71,34,93,2002.0,1996.0,0.0,0.15,0.79,Chicago,KMDW,2015,5,May,61.5,4.5,False,False,-0.15
2015-05-19,49,44,54,52,71,37,95,1937.0,1934.0,0.0,0.14,1.54,Chicago,KMDW,2015,5,May,61.5,-12.5,False,False,-0.14
2015-05-20,47,43,51,53,72,36,95,1981.0,1977.0,0.02,0.14,2.54,Chicago,KMDW,2015,5,May,62.5,-15.5,False,False,-0.12000000000000001
2015-05-21,59,47,70,53,72,34,94,2002.0,1934.0,0.0,0.14,1.79,Chicago,KMDW,2015,5,May,62.5,-3.5,False,False,-0.14
2015-05-22,59,50,68,53,72,40,93,1929.0,1977.0,0.0,0.14,1.11,Chicago,KMDW,2015,5,May,62.5,-3.5,False,False,-0.14
2015-05-23,68,53,83,54,72,35,92,1931.0,1977.0,0.0,0.14,1.41,Chicago,KMDW,2015,5,May,63.0,5.0,False,False,-0.14
2015-05-24,69,62,76,54,73,36,93,1935.0,1950.0,0.44,0.14,1.31,Chicago,KMDW,2015,5,May,63.5,5.5,False,False,0.3
2015-05-25,75,68,81,54,73,35,90,1934.0,1950.0,0.06,0.14,2.65,Chicago,KMDW,2015,5,May,63.5,11.5,False,False,-0.08000000000000002
2015-05-26,73,69,77,55,73,34,93,1934.0,1967.0,0.42,0.14,1.49,Chicago,KMDW,2015,5,May,64.0,9.0,False,False,0.27999999999999997
2015-05-27,71,64,77,55,74,35,97,1961.0,2012.0,0.06,0.13,1.49,Chicago,KMDW,2015,5,May,64.5,6.5,False,False,-0.07
2015-05-28,72,60,84,55,74,40,94,1930.0,2012.0,0.0,0.15,2.2,Chicago,KMDW,2015,5,May,64.5,7.5,False,False,-0.15
2015-05-29,78,71,84,56,74,36,95,1930.0,1942.0,0.18,0.14,0.83,Chicago,KMDW,2015,5,May,65.0,13.0,False,False,0.03999999999999998
2015-05-30,59,45,73,56,75,36,95,1930.0,1942.0,0.79,0.14,1.6,Chicago,KMDW,2015,5,May,65.5,-6.5,False,False,0.65
2015-05-31,51,44,57,57,75,41,102,1928.0,1934.0,0.05,0.15,2.97,Chicago,KMDW,2015,5,May,66.0,-15.0,False,True,-0.09999999999999999
2015-06-01,55,48,62,57,75,39,107,2003.0,1934.0,0.0,0.15,1.88,Chicago,KMDW,2015,6,Jun,66.0,-11.0,False,False,-0.15
2015-06-02,58,45,71,57,76,44,92,1946.0,1944.0,0.0,0.14,2.35,Chicago,KMDW,2015,6,Jun,66.5,-8.5,False,True,-0.14
2015-06-03,67,55,79,58,76,37,98,1945.0,1934.0,0.0,0.15,1.15,Chicago,KMDW,2015,6,Jun,67.0,0.0,False,False,-0.15
2015-06-04,72,62,82,58,76,35,97,1945.0,1977.0,0.0,0.15,1.0,Chicago,KMDW,2015,6,Jun,67.0,5.0,False,False,-0.15
2015-06-05,65,56,73,58,77,37,98,1945.0,1934.0,0.0,0.15,0.75,Chicago,KMDW,2015,6,Jun,67.5,-2.5,False,False,-0.15
2015-06-06,64,54,73,59,77,44,97,1998.0,1971.0,0.0,0.15,2.73,Chicago,KMDW,2015,6,Jun,68.0,-4.0,False,False,-0.15
2015-06-07,72,60,83,59,77,45,101,1944.0,1933.0,0.44,0.15,3.11,Chicago,KMDW,2015,6,Jun,68.0,4.0,False,False,0.29000000000000004
2015-06-08,75,63,86,60,78,45,97,1978.0,1985.0,0.1,0.15,2.07,Chicago,KMDW,2015,6,Jun,69.0,6.0,False,False,-0.04999999999999999
2015-06-09,74,61,87,60,78,42,96,1977.0,1968.0,0.0,0.14,2.58,Chicago,KMDW,2015,6,Jun,69.0,5.0,False,False,-0.14
2015-06-10,83,71,94,60,78,41,101,1928.0,1933.0,0.09,0.14,2.97,Chicago,KMDW,2015,6,Jun,69.0,14.0,False,False,-0.05000000000000002
2015-06-11,72,65,79,61,79,41,100,1972.0,1933.0,0.2,0.14,2.08,Chicago,KMDW,2015,6,Jun,70.0,2.0,False,False,0.06
2015-06-12,66,58,74,61,79,48,97,1985.0,1956.0,0.17,0.14,1.33,Chicago,KMDW,2015,6,Jun,70.0,-4.0,False,False,0.03
2015-06-13,73,58,88,62,79,44,95,1942.0,1990.0,0.19,0.15,4.64,Chicago,KMDW,2015,6,Jun,70.5,2.5,False,False,0.04000000000000001
2015-06-14,78,70,85,62,80,40,99,1933.0,1987.0,0.98,0.14,2.58,Chicago,KMDW,2015,6,Jun,71.0,7.0,False,False,0.84
2015-06-15,77,71,83,62,80,45,95,1933.0,1994.0,0.24,0.13,1.93,Chicago,KMDW,2015,6,Jun,71.0,6.0,False,False,0.10999999999999999
2015-06-16,67,60,74,63,80,44,95,1947.0,1952.0,0.0,0.14,1.78,Chicago,KMDW,2015,6,Jun,71.5,-4.5,False,False,-0.14
2015-06-17,65,58,72,63,81,42,96,1980.0,1987.0,0.33,0.13,3.16,Chicago,KMDW,2015,6,Jun,72.0,-7.0,False,False,0.2
2015-06-18,71,59,82,63,81,48,98,1930.0,1954.0,0.48,0.13,1.12,Chicago,KMDW,2015,6,Jun,72.0,-1.0,False,False,0.35
2015-06-19,63,57,68,64,81,44,102,1936.0,1953.0,0.0,0.14,1.79,Chicago,KMDW,2015,6,Jun,72.5,-9.5,False,False,-0.14
2015-06-20,70,57,82,64,82,45,104,1980.0,1953.0,0.22,0.13,2.56,Chicago,KMDW,2015,6,Jun,73.0,-3.0,False,False,0.09
2015-06-21,79,70,87,64,82,45,101,1940.0,1988.0,0.0,0.13,1.53,Chicago,KMDW,2015,6,Jun,73.0,6.0,False,False,-0.13
2015-06-22,79,72,85,65,82,46,98,1963.0,1988.0,0.04,0.14,1.25,Chicago,KMDW,2015,6,Jun,73.5,5.5,False,False,-0.1
2015-06-23,74,67,81,65,82,46,99,1972.0,1930.0,0.0,0.12,2.2,Chicago,KMDW,2015,6,Jun,73.5,0.5,False,False,-0.12
2015-06-24,73,66,79,65,83,48,99,1936.0,1937.0,0.0,0.13,2.31,Chicago,KMDW,2015,6,Jun,74.0,-1.0,False,False,-0.13
2015-06-25,74,65,83,65,83,46,104,1986.0,1988.0,0.16,0.12,4.58,Chicago,KMDW,2015,6,Jun,74.0,0.0,False,False,0.04000000000000001
2015-06-26,66,61,70,66,83,52,98,1945.0,1936.0,0.7,0.12,2.57,Chicago,KMDW,2015,6,Jun,74.5,-8.5,False,False,0.58
2015-06-27,68,59,77,66,83,50,102,1981.0,1933.0,0.0,0.12,2.88,Chicago,KMDW,2015,6,Jun,74.5,-6.5,False,False,-0.12
2015-06-28,70,58,81,66,83,49,104,1938.0,1934.0,0.0,0.12,1.66,Chicago,KMDW,2015,6,Jun,74.5,-4.5,False,False,-0.12
2015-06-29,71,66,75,66,84,50,97,1943.0,1954.0,0.03,0.11,1.91,Chicago,KMDW,2015,6,Jun,75.0,-4.0,False,False,-0.08
2015-06-30,71,61,80,66,84,45,101,1943.0,1931.0,0.0,0.11,2.59,Chicago,KMDW,2015,6,Jun,75.0,-4.0,False,False,-0.11
2014-07-01,81,72,89,68,83,52,100,1943.0,1901.0,0.0,0.12,2.17,New York,KNYC,2014,7,Jul,75.5,5.5,False,False,-0.12
2014-07-02,82,72,91,68,83,56,100,2001.0,1966.0,0.96,0.13,1.79,New York,KNYC,2014,7,Jul,75.5,6.5,False,False,0.83
2014-07-03,78,69,87,68,83,54,103,1933.0,1966.0,1.78,0.12,2.8,New York,KNYC,2014,7,Jul,75.5,2.5,False,False,1.6600000000000001
2014-07-04,70,65,74,68,84,55,102,1986.0,1949.0,0.14,0.13,1.76,New York,KNYC,2014,7,Jul,76.0,-6.0,False,False,0.010000000000000009
2014-07-05,72,63,81,68,84,53,101,1979.0,1999.0,0.0,0.12,3.07,New York,KNYC,2014,7,Jul,76.0,-4.0,False,False,-0.12
2014-07-06,75,66,84,68,84,54,103,1979.0,2010.0,0.0,0.13,1.97,New York,KNYC,2014,7,Jul,76.0,-1.0,False,False,-0.13
2014-07-07,81,72,90,68,84,56,100,1914.0,2010.0,0.04,0.13,3.13,New York,KNYC,2014,7,Jul,76.0,5.0,False,False,-0.09
2014-07-08,81,71,91,69,84,56,100,1894.0,1993.0,0.39,0.14,1.8,New York,KNYC,2014,7,Jul,76.5,4.5,False,False,0.25
2014-07-09,80,71,88,69,84,54,106,1963.0,1936.0,0.09,0.14,1.09,New York,KNYC,2014,7,Jul,76.5,3.5,False,False,-0.05000000000000002
2014-07-10,78,72,83,69,84,55,102,1890.0,1993.0,0.0,0.15,1.79,New York,KNYC,2014,7,Jul,76.5,1.5,False,False,-0.15
2014-07-11,79,71,86,69,84,57,98,1898.0,1988.0,0.0,0.15,1.94,New York,KNYC,2014,7,Jul,76.5,2.5,False,False,-0.15
2014-07-12,78,71,85,69,84,57,99,1926.0,1966.0,0.0,0.15,2.68,New York,KNYC,2014,7,Jul,76.5,1.5,False,False,-0.15
2014-07-13,78,72,83,69,84,54,101,1888.0,1966.0,0.03,0.17,3.16,New York,KNYC,2014,7,Jul,76.5,1.5,False,False,-0.14
2014-07-14,78,72,84,69,84,58,100,1926.0,1954.0,0.46,0.16,1.6,New York,KNYC,2014,7,Jul,76.5,1.5,False,False,0.30000000000000004
2014-07-15,79,72,86,69,84,57,102,1930.0,1995.0,1.3,0.15,2.33,New York,KNYC,2014,7,Jul,76.5,2.5,False,False,1.1500000000000001
2014-07-16,75,68,81,69,84,56,99,1946.0,1980.0,0.0,0.16,1.38,New York,KNYC,2014,7,Jul,76.5,-1.5,False,False,-0.16
2014-07-17,74,67,81,69,84,57,100,1892.0,1953.0,0.0,0.15,3.13,New York,KNYC,2014,7,Jul,76.5,-2.5,False,False,-0.15
2014-07-18,73,64,81,69,84,57,101,1925.0,1953.0,0.0,0.15,1.76,New York,KNYC,2014,7,Jul,76.5,-3.5,False,False,-0.15
2014-07-19,72,68,76,69,84,57,102,1924.0,1977.0,0.0,0.16,1.82,New York,KNYC,2014,7,Jul,76.5,-4.5,False,False,-0.16
2014-07-20,72,66,78,69,84,55,101,1890.0,1980.0,0.0,0.15,1.97,New York,KNYC,2014,7,Jul,76.5,-4.5,False,False,-0.15
2014-07-21,76,67,85,69,84,55,104,1890.0,1977.0,0.0,0.15,2.26,New York,KNYC,2014,7,Jul,76.5,-0.5,False,False,-0.15
2014-07-22,79,71,86,69,84,55,104,1873.0,2011.0,0.0,0.14,1.86,New York,KNYC,2014,7,Jul,76.5,2.5,False,False,-0.14
2014-07-23,80,72,88,69,84,58,100,1890.0,2011.0,0.19,0.15,2.41,New York,KNYC,2014,7,Jul,76.5,3.5,False,False,0.04000000000000001
2014-07-24,75,70,80,69,84,56,97,1893.0,1999.0,0.0,0.15,3.75,New York,KNYC,2014,7,Jul,76.5,-1.5,False,False,-0.15
2014-07-25,74,66,82,69,84,57,97,1953.0,1999.0,0.0,0.15,1.64,New York,KNYC,2014,7,Jul,76.5,-2.5,False,False,-0.15
2014-07-26,75,69,81,69,84,55,98,1920.0,1940.0,0.0,0.16,3.8,New York,KNYC,2014,7,Jul,76.5,-1.5,False,False,-0.16
2014-07-27,78,71,85,69,84,55,98,1920.0,1963.0,0.02,0.16,2.65,New York,KNYC,2014,7,Jul,76.5,1.5,False,False,-0.14
2014-07-28,75,68,82,69,84,57,97,1903.0,1999.0,0.19,0.17,3.11,New York,KNYC,2014,7,Jul,76.5,-1.5,False,False,0.01999999999999999
2014-07-29,70,64,76,69,84,59,99,1914.0,1949.0,0.0,0.17,3.47,New York,KNYC,2014,7,Jul,76.5,-6.5,False,False,-0.17
2014-07-30,72,63,80,69,84,57,98,1956.0,1988.0,0.0,0.17,3.56,New York,KNYC,2014,7,Jul,76.5,-4.5,False,False,-0.17
2014-07-31,75,68,82,69,84,57,102,1914.0,1933.0,0.0,0.17,2.29,New York,KNYC,2014,7,Jul,76.5,-1.5,False,False,-0.17
2014-08-01,78,71,84,69,84,59,100,1964.0,1933.0,0.0,0.16,2.85,New York,KNYC,2014,8,Aug,76.5,1.5,False,False,-0.16
2014-08-02,69,63,74,69,84,58,100,1924.0,1955.0,0.41,0.16,2.49,New York,KNYC,2014,8,Aug,76.5,-7.5,False,False,0.24999999999999997
2014-08-03,71,66,76,69,84,55,97,1927.0,2005.0,0.07,0.17,2.71,New York,KNYC,2014,8,Aug,76.5,-5.5,False,False,-0.1
2014-08-04,77,70,84,69,84,56,100,1886.0,1944.0,0.0,0.16,3.25,New York,KNYC,2014,8,Aug,76.5,0.5,False,False,-0.16
2014-08-05,81,71,90,69,84,56,101,1951.0,1944.0,0.0,0.16,1.44,New York,KNYC,2014,8,Aug,76.5,4.5,False,False,-0.16
2014-08-06,77,70,83,69,84,57,97,1994.0,1955.0,0.0,0.16,3.31,New York,KNYC,2014,8,Aug,76.5,0.5,False,False,-0.16
2014-08-07,75,66,83,69,84,57,104,1994.0,1918.0,0.0,0.15,2.18,New York,KNYC,2014,8,Aug,76.5,-1.5,False,False,-0.15
2014-08-08,74,65,83,69,84,54,99,1903.0,2001.0,0.0,0.15,2.6,New York,KNYC,2014,8,Aug,76.5,-2.5,False,False,-0.15
2014-08-09,77,66,87,69,84,57,103,1989.0,2001.0,0.0,0.15,4.1,New York,KNYC,2014,8,Aug,76.5,0.5,False,False,-0.15
2014-08-10,78,68,88,69,83,55,98,1879.0,1949.0,0.0,0.14,4.64,New York,KNYC,2014,8,Aug,76.0,2.0,False,False,-0.14
2014-08-11,79,71,87,69,83,56,102,1962.0,1944.0,0.0,0.14,2.39,New York,KNYC,2014,8,Aug,76.0,3.0,False,False,-0.14
2014-08-12,75,70,79,68,83,55,97,1889.0,1944.0,0.19,0.14,3.62,New York,KNYC,2014,8,Aug,75.5,-0.5,False,False,0.04999999999999999
2014-08-13,75,68,82,68,83,55,99,1930.0,2005.0,0.53,0.14,2.7,New York,KNYC,2014,8,Aug,75.5,-0.5,False,False,0.39
2014-08-14,70,63,77,68,83,54,99,1964.0,1988.0,0.0,0.15,5.81,New York,KNYC,2014,8,Aug,75.5,-5.5,False,False,-0.15
2014-08-15,67,61,73,68,83,54,97,1964.0,1988.0,0.0,0.14,1.52,New York,KNYC,2014,8,Aug,75.5,-8.5,False,False,-0.14
2014-08-16,71,63,78,68,83,55,96,1880.0,1944.0,0.0,0.15,4.8,New York,KNYC,2014,8,Aug,75.5,-4.5,False,False,-0.15
2014-08-17,74,66,82,68,83,56,95,1979.0,1944.0,0.01,0.14,2.86,New York,KNYC,2014,8,Aug,75.5,-1.5,False,False,-0.13
2014-08-18,72,63,81,68,83,55,94,1915.0,2002.0,0.0,0.14,3.95,New York,KNYC,2014,8,Aug,75.5,-3.5,False,False,-0.14
2014-08-19,73,63,83,68,83,55,94,1924.0,2002.0,0.0,0.15,2.53,New York,KNYC,2014,8,Aug,75.5,-2.5,False,False,-0.15
2014-08-20,77,70,84,68,82,55,97,1949.0,1955.0,0.0,0.14,3.63,New York,KNYC,2014,8,Aug,75.0,2.0,False,False,-0.14
2014-08-21,74,65,83,68,82,53,96,1922.0,1955.0,0.35,0.15,4.19,New York,KNYC,2014,8,Aug,75.0,-1.0,False,False,0.19999999999999998
2014-08-22,72,65,79,67,82,52,95,1895.0,1916.0,0.06,0.14,1.85,New York,KNYC,2014,8,Aug,74.5,-2.5,False,False,-0.08000000000000002
2014-08-23,72,67,77,67,82,51,92,1923.0,1916.0,0.01,0.14,3.03,New York,KNYC,2014,8,Aug,74.5,-2.5,False,False,-0.13
2014-08-24,72,64,80,67,82,52,94,1890.0,1972.0,0.0,0.14,3.61,New York,KNYC,2014,8,Aug,74.5,-2.5,False,False,-0.14
2014-08-25,76,64,88,67,82,52,95,1940.0,1948.0,0.0,0.14,1.86,New York,KNYC,2014,8,Aug,74.5,1.5,False,False,-0.14
2014-08-26,80,70,89,67,81,53,103,1887.0,1948.0,0.0,0.12,3.24,New York,KNYC,2014,8,Aug,74.0,6.0,False,False,-0.12
2014-08-27,80,70,90,67,81,50,101,1885.0,1948.0,0.0,0.13,4.16,New York,KNYC,2014,8,Aug,74.0,6.0,False,False,-0.13
2014-08-28,74,66,82,66,81,50,100,1885.0,1948.0,0.0,0.13,3.99,New York,KNYC,2014,8,Aug,73.5,0.5,False,False,-0.13
2014-08-29,71,61,80,66,81,50,99,1986.0,1953.0,0.0,0.12,2.68,New York,KNYC,2014,8,Aug,73.5,-2.5,False,False,-0.12
2014-08-30,73,65,80,66,81,50,98,1965.0,1973.0,0.0,0.12,2.3,New York,KNYC,2014,8,Aug,73.5,-0.5,False,False,-0.12
2014-08-31,82,73,90,66,80,50,100,1976.0,1953.0,0.62,0.12,3.76,New York,KNYC,2014,8,Aug,73.0,9.0,False,False,0.5
2014-09-01,82,75,88,66,80,51,97,1872.0,1953.0,0.0,0.13,3.84,New York,KNYC,2014,9,Sep,73.0,9.0,False,False,-0.13
2014-09-02,85,77,92,65,80,51,102,1886.0,1953.0,0.0,0.13,2.12,New York,KNYC,2014,9,Sep,72.5,12.5,False,False,-0.13
2014-09-03,79,72,86,65,80,50,99,1893.0,1929.0,0.0,0.13,3.32,New York,KNYC,2014,9,Sep,72.5,6.5,False,False,-0.13
2014-09-04,78,69,87,65,79,47,97,1883.0,1929.0,0.0,0.14,3.48,New York,KNYC,2014,9,Sep,72.0,6.0,False,False,-0.14
2014-09-05,80,72,87,64,79,51,94,1963.0,1985.0,0.0,0.13,2.45,New York,KNYC,2014,9,Sep,71.5,8.5,False,False,-0.13
2014-09-06,79,67,91,64,79,48,97,1924.0,1881.0,0.11,0.13,3.26,New York,KNYC,2014,9,Sep,71.5,7.5,False,False,-0.020000000000000004
2014-09-07,73,65,81,64,78,46,101,1888.0,1881.0,0.0,0.14,2.07,New York,KNYC,2014,9,Sep,71.0,2.0,False,False,-0.14
2014-09-08,70,65,75,64,78,54,93,1955.0,1919.0,0.0,0.13,4.86,New York,KNYC,2014,9,Sep,71.0,-1.0,False,False,-0.13
2014-09-09,68,63,73,63,78,48,94,1883.0,1915.0,0.0,0.13,0.86,New York,KNYC,2014,9,Sep,70.5,-2.5,False,False,-0.13
2014-09-10,72,63,80,63,77,43,97,1883.0,1983.0,0.0,0.13,1.38,New York,KNYC,2014,9,Sep,70.0,2.0,False,False,-0.13
2014-09-11,76,69,83,63,77,43,99,1917.0,1983.0,0.0,0.13,2.9,New York,KNYC,2014,9,Sep,70.0,6.0,False,False,-0.13
2014-09-12,70,62,78,62,77,46,94,1917.0,1961.0,0.0,0.14,2.35,New York,KNYC,2014,9,Sep,69.5,0.5,False,False,-0.14
2014-09-13,64,58,69,62,76,46,94,1963.0,1952.0,0.26,0.14,3.94,New York,KNYC,2014,9,Sep,69.0,-5.0,False,False,0.12
2014-09-14,62,53,71,62,76,46,93,1975.0,1931.0,0.0,0.14,3.82,New York,KNYC,2014,9,Sep,69.0,-7.0,False,False,-0.14
2014-09-15,63,55,71,61,76,45,92,1913.0,1927.0,0.0,0.15,4.16,New York,KNYC,2014,9,Sep,68.5,-5.5,False,False,-0.15
2014-09-16,64,58,70,61,75,47,93,1966.0,1915.0,0.37,0.15,5.02,New York,KNYC,2014,9,Sep,68.0,-4.0,False,False,0.22
2014-09-17,64,55,73,61,75,45,93,1986.0,1991.0,0.0,0.15,3.37,New York,KNYC,2014,9,Sep,68.0,-4.0,False,False,-0.15
2014-09-18,67,57,76,60,75,44,91,1990.0,1891.0,0.0,0.15,3.92,New York,KNYC,2014,9,Sep,67.5,-0.5,False,False,-0.15
2014-09-19,60,54,66,60,74,44,94,1929.0,1983.0,0.0,0.15,4.3,New York,KNYC,2014,9,Sep,67.0,-7.0,False,False,-0.15
2014-09-20,66,57,75,59,74,44,93,1993.0,1983.0,0.0,0.15,2.32,New York,KNYC,2014,9,Sep,66.5,-0.5,False,False,-0.15
2014-09-21,71,67,75,59,73,40,95,1871.0,1895.0,0.15,0.15,5.54,New York,KNYC,2014,9,Sep,66.0,5.0,False,False,0.0
2014-09-22,63,55,71,59,73,41,95,1904.0,1914.0,0.0,0.15,2.34,New York,KNYC,2014,9,Sep,66.0,-3.0,False,False,-0.15
2014-09-23,62,52,71,58,73,41,97,1947.0,1895.0,0.0,0.14,8.28,New York,KNYC,2014,9,Sep,65.5,-3.5,False,False,-0.14
2014-09-24,65,58,71,58,72,40,89,1963.0,1959.0,0.0,0.15,2.26,New York,KNYC,2014,9,Sep,65.0,0.0,False,False,-0.15
2014-09-25,61,57,64,57,72,40,90,1887.0,1970.0,0.32,0.14,2.36,New York,KNYC,2014,9,Sep,64.5,-3.5,False,False,0.18
2014-09-26,68,58,77,57,71,42,91,1940.0,1970.0,0.0,0.15,2.34,New York,KNYC,2014,9,Sep,64.0,4.0,False,False,-0.15
2014-09-27,72,60,83,57,71,41,90,1957.0,1933.0,0.0,0.15,3.13,New York,KNYC,2014,9,Sep,64.0,8.0,False,False,-0.15
2014-09-28,74,64,84,56,70,41,88,1947.0,1881.0,0.0,0.16,3.84,New York,KNYC,2014,9,Sep,63.0,11.0,False,False,-0.16
2014-09-29,73,67,79,56,70,42,88,1942.0,1945.0,0.0,0.16,2.18,New York,KNYC,2014,9,Sep,63.0,10.0,False,False,-0.16
2014-09-30,67,62,71,55,70,39,89,1912.0,1986.0,0.0,0.16,2.64,New York,KNYC,2014,9,Sep,62.5,4.5,False,False,-0.16
2014-10-01,63,61,65,55,69,36,88,1947.0,1927.0,0.02,0.15,4.98,New York,KNYC,2014,10,Oct,62.0,1.0,False,False,-0.13
2014-10-02,66,61,70,55,69,39,90,1886.0,1927.0,0.0,0.14,2.16,New York,KNYC,2014,10,Oct,62.0,4.0,False,False,-0.14
2014-10-03,64,56,71,54,68,38,87,1974.0,1919.0,0.0,0.14,1.55,New York,KNYC,2014,10,Oct,61.0,3.0,False,False,-0.14
2014-10-04,61,52,69,54,68,37,88,1888.0,1941.0,1.18,0.13,4.05,New York,KNYC,2014,10,Oct,61.0,0.0,False,False,1.0499999999999998
2014-10-05,54,46,61,54,68,35,94,1881.0,1941.0,0.0,0.15,1.99,New York,KNYC,2014,10,Oct,61.0,-7.0,False,False,-0.15
2014-10-06,60,50,69,53,67,36,90,1881.0,1941.0,0.0,0.14,2.39,New York,KNYC,2014,10,Oct,60.0,0.0,False,False,-0.14
2014-10-07,67,63,71,53,67,39,88,1999.0,1944.0,0.06,0.15,4.09,New York,KNYC,2014,10,Oct,60.0,7.0,False,False,-0.09
2014-10-08,68,62,73,52,67,37,87,1988.0,2007.0,0.04,0.14,4.3,New York,KNYC,2014,10,Oct,59.5,8.5,False,False,-0.1
2014-10-09,62,55,68,52,66,37,86,2000.0,1916.0,0.0,0.15,7.33,New York,KNYC,2014,10,Oct,59.0,3.0,False,False,-0.15
2014-10-10,58,52,64,52,66,35,91,1888.0,1939.0,0.0,0.16,2.16,New York,KNYC,2014,10,Oct,59.0,-1.0,False,False,-0.16
2014-10-11,55,50,60,51,65,34,85,1964.0,1949.0,0.33,0.15,3.06,New York,KNYC,2014,10,Oct,58.0,-3.0,False,False,0.18000000000000002
2014-10-12,56,48,63,51,65,35,86,1876.0,1954.0,0.0,0.14,4.26,New York,KNYC,2014,10,Oct,58.0,-2.0,False,False,-0.14
2014-10-13,59,52,65,51,65,33,87,1875.0,1954.0,0.05,0.14,2.75,New York,KNYC,2014,10,Oct,58.0,1.0,False,False,-0.09000000000000001
2014-10-14,70,63,76,50,64,37,84,1988.0,1920.0,0.0,0.15,1.76,New York,KNYC,2014,10,Oct,57.0,13.0,False,False,-0.15
2014-10-15,73,69,77,50,64,32,84,1876.0,1956.0,0.69,0.14,1.7,New York,KNYC,2014,10,Oct,57.0,16.0,False,False,0.5499999999999999
2014-10-16,66,61,71,50,64,34,87,1876.0,1897.0,1.11,0.14,2.15,New York,KNYC,2014,10,Oct,57.0,9.0,False,False,0.9700000000000001
2014-10-17,65,59,71,50,63,33,90,1886.0,1938.0,0.0,0.14,2.28,New York,KNYC,2014,10,Oct,56.5,8.5,False,False,-0.14
2014-10-18,63,56,70,49,63,35,82,1974.0,1928.0,0.0,0.14,2.45,New York,KNYC,2014,10,Oct,56.0,7.0,False,False,-0.14
2014-10-19,50,44,56,49,63,30,83,1940.0,1963.0,0.0,0.14,4.35,New York,KNYC,2014,10,Oct,56.0,-6.0,False,False,-0.14
2014-10-20,51,42,60,49,62,31,80,1974.0,1969.0,0.0,0.14,2.78,New York,KNYC,2014,10,Oct,55.5,-4.5,False,False,-0.14
2014-10-21,61,55,67,48,62,32,84,1974.0,1920.0,0.11,0.14,2.17,New York,KNYC,2014,10,Oct,55.0,6.0,False,False,-0.030000000000000013
2014-10-22,54,50,58,48,62,30,88,1940.0,1979.0,1.51,0.15,1.51,New York,KNYC,2014,10,Oct,55.0,-1.0,False,False,1.36
2014-10-23,52,50,53,48,61,32,85,1969.0,1947.0,0.61,0.14,2.97,New York,KNYC,2014,10,Oct,54.5,-2.5,False,False,0.47
2014-10-24,57,51,63,48,61,31,79,1969.0,2001.0,0.0,0.14,2.51,New York,KNYC,2014,10,Oct,54.5,2.5,False,False,-0.14
2014-10-25,59,50,67,47,61,29,79,1879.0,1963.0,0.01,0.15,3.3,New York,KNYC,2014,10,Oct,54.0,5.0,False,False,-0.13999999999999999
2014-10-26,58,53,63,47,61,30,78,1879.0,1964.0,0.0,0.13,3.4,New York,KNYC,2014,10,Oct,54.0,4.0,False,False,-0.13
2014-10-27,56,48,63,47,60,28,82,1936.0,1963.0,0.0,0.14,1.88,New York,KNYC,2014,10,Oct,53.5,2.5,False,False,-0.14
2014-10-28,63,53,72,47,60,29,83,1976.0,1919.0,0.0,0.13,2.49,New York,KNYC,2014,10,Oct,53.5,9.5,False,False,-0.13
2014-10-29,62,51,72,46,60,31,78,1925.0,1971.0,0.0,0.14,3.67,New York,KNYC,2014,10,Oct,53.0,9.0,False,False,-0.14
2014-10-30,53,47,59,46,59,31,82,1925.0,1961.0,0.0,0.13,1.64,New York,KNYC,2014,10,Oct,52.5,0.5,False,False,-0.13
2014-10-31,50,45,55,46,59,29,81,1925.0,1946.0,0.05,0.14,2.41,New York,KNYC,2014,10,Oct,52.5,-2.5,False,False,-0.09000000000000001
2014-11-01,45,42,47,46,59,30,84,1885.0,1950.0,0.35,0.14,1.69,New York,KNYC,2014,11,Nov,52.5,-7.5,False,False,0.20999999999999996
2014-11-02,45,41,48,45,58,30,83,1887.0,1950.0,0.0,0.14,1.7,New York,KNYC,2014,11,Nov,51.5,-6.5,False,False,-0.14
2014-11-03,50,39,61,45,58,28,79,1875.0,2003.0,0.0,0.13,2.6,New York,KNYC,2014,11,Nov,51.5,-1.5,False,False,-0.13
2014-11-04,61,53,68,45,58,25,78,1879.0,1975.0,0.0,0.13,1.44,New York,KNYC,2014,11,Nov,51.5,9.5,False,False,-0.13
2014-11-05,60,56,64,45,57,23,78,1879.0,1961.0,0.0,0.13,1.94,New York,KNYC,2014,11,Nov,51.0,9.0,False,False,-0.13
2014-11-06,53,48,57,44,57,27,74,1879.0,1948.0,0.37,0.14,1.47,New York,KNYC,2014,11,Nov,50.5,2.5,False,False,0.22999999999999998
2014-11-07,47,40,53,44,57,29,78,1930.0,1938.0,0.0,0.13,2.96,New York,KNYC,2014,11,Nov,50.5,-3.5,False,False,-0.13
2014-11-08,42,36,48,44,57,29,76,1886.0,1975.0,0.0,0.12,7.4,New York,KNYC,2014,11,Nov,50.5,-8.5,False,False,-0.12
2014-11-09,52,46,57,44,56,24,75,1976.0,1975.0,0.0,0.13,3.65,New York,KNYC,2014,11,Nov,50.0,2.0,False,False,-0.13
2014-11-10,53,44,61,43,56,27,73,1914.0,1985.0,0.0,0.13,1.7,New York,KNYC,2014,11,Nov,49.5,3.5,False,False,-0.13
2014-11-11,57,49,64,43,56,28,74,1933.0,1949.0,0.0,0.12,1.41,New York,KNYC,2014,11,Nov,49.5,7.5,False,False,-0.12
2014-11-12,56,47,65,43,55,26,76,1926.0,1879.0,0.0,0.12,2.39,New York,KNYC,2014,11,Nov,49.0,7.0,False,False,-0.12
2014-11-13,42,36,48,43,55,22,73,1873.0,1931.0,0.2,0.13,2.06,New York,KNYC,2014,11,Nov,49.0,-7.0,False,False,0.07
2014-11-14,39,35,42,42,55,20,72,1905.0,1993.0,0.06,0.13,2.23,New York,KNYC,2014,11,Nov,48.5,-9.5,False,False,-0.07
2014-11-15,38,33,42,42,54,20,80,1967.0,1993.0,0.0,0.13,2.43,New York,KNYC,2014,11,Nov,48.0,-10.0,False,False,-0.13
2014-11-16,40,35,45,42,54,17,72,1933.0,1928.0,0.03,0.13,2.39,New York,KNYC,2014,11,Nov,48.0,-8.0,False,False,-0.1
2014-11-17,46,40,52,41,53,19,71,1933.0,1953.0,1.54,0.14,1.54,New York,KNYC,2014,11,Nov,47.0,-1.0,False,False,1.4
2014-11-18,35,24,45,41,53,18,73,1936.0,1928.0,0.0,0.14,1.24,New York,KNYC,2014,11,Nov,47.0,-12.0,False,False,-0.14
2014-11-19,29,22,36,41,53,18,72,1936.0,1921.0,0.0,0.14,1.95,New York,KNYC,2014,11,Nov,47.0,-18.0,False,False,-0.14
2014-11-20,38,31,45,40,52,20,77,1873.0,1985.0,0.0,0.13,3.37,New York,KNYC,2014,11,Nov,46.0,-8.0,False,False,-0.13
2014-11-21,33,28,37,40,52,16,74,1879.0,1900.0,0.0,0.14,1.33,New York,KNYC,2014,11,Nov,46.0,-13.0,False,False,-0.14
2014-11-22,36,28,44,40,52,13,72,1880.0,1931.0,0.0,0.14,2.03,New York,KNYC,2014,11,Nov,46.0,-10.0,False,False,-0.14
2014-11-23,50,43,57,40,51,14,72,1880.0,1931.0,0.0,0.14,1.84,New York,KNYC,2014,11,Nov,45.5,4.5,False,False,-0.14
2014-11-24,61,53,69,39,51,14,73,1880.0,1979.0,0.7,0.14,1.95,New York,KNYC,2014,11,Nov,45.0,16.0,False,False,0.5599999999999999
2014-11-25,60,51,68,39,50,19,73,1938.0,1979.0,0.0,0.13,1.36,New York,KNYC,2014,11,Nov,44.5,15.5,False,False,-0.13
2014-11-26,43,34,51,39,50,16,67,1938.0,1946.0,1.24,0.14,1.91,New York,KNYC,2014,11,Nov,44.5,-1.5,False,False,1.1
2014-11-27,36,34,38,38,50,12,72,1932.0,1896.0,0.02,0.13,2.15,New York,KNYC,2014,11,Nov,44.0,-8.0,False,False,-0.11
2014-11-28,33,29,37,38,49,15,70,1930.0,2011.0,0.0,0.14,2.14,New York,KNYC,2014,11,Nov,43.5,-10.5,False,False,-0.14
2014-11-29,36,27,45,38,49,15,69,1872.0,1990.0,0.0,0.14,2.01,New York,KNYC,2014,11,Nov,43.5,-7.5,False,False,-0.14
2014-11-30,50,45,55,37,49,7,70,1875.0,1991.0,0.0,0.15,1.11,New York,KNYC,2014,11,Nov,43.0,7.0,False,False,-0.15
2014-12-01,54,42,65,37,48,9,70,1875.0,2006.0,0.09,0.14,1.72,New York,KNYC,2014,12,Dec,42.5,11.5,False,False,-0.05000000000000002
2014-12-02,39,35,43,37,48,12,66,1875.0,1970.0,0.08,0.14,2.16,New York,KNYC,2014,12,Dec,42.5,-3.5,False,False,-0.06000000000000001
2014-12-03,44,41,46,36,47,9,69,1976.0,1998.0,0.06,0.15,1.63,New York,KNYC,2014,12,Dec,41.5,2.5,False,False,-0.09
2014-12-04,41,37,45,36,47,10,74,1882.0,1998.0,0.0,0.14,1.84,New York,KNYC,2014,12,Dec,41.5,-0.5,False,False,-0.14
2014-12-05,39,34,44,35,47,11,70,1926.0,2001.0,0.51,0.14,1.28,New York,KNYC,2014,12,Dec,41.0,-2.0,False,False,0.37
2014-12-06,45,39,50,35,46,11,71,1871.0,2001.0,1.22,0.13,1.6,New York,KNYC,2014,12,Dec,40.5,4.5,False,False,1.0899999999999999
2014-12-07,36,30,42,35,46,10,75,1926.0,1998.0,0.04,0.14,1.98,New York,KNYC,2014,12,Dec,40.5,-4.5,False,False,-0.1
2014-12-08,31,24,37,34,45,10,65,1882.0,1927.0,0.0,0.14,1.54,New York,KNYC,2014,12,Dec,39.5,-8.5,False,False,-0.14
2014-12-09,39,36,42,34,45,7,66,1876.0,1966.0,2.54,0.13,2.54,New York,KNYC,2014,12,Dec,39.5,-0.5,False,False,2.41
2014-12-10,36,32,40,34,45,3,70,1876.0,1946.0,0.08,0.14,1.62,New York,KNYC,2014,12,Dec,39.5,-3.5,False,False,-0.06000000000000001
2014-12-11,35,31,38,33,44,6,64,1880.0,1879.0,0.01,0.14,2.41,New York,KNYC,2014,12,Dec,38.5,-3.5,False,False,-0.13
2014-12-12,35,32,38,33,44,5,68,1988.0,1931.0,0.0,0.13,1.6,New York,KNYC,2014,12,Dec,38.5,-3.5,False,False,-0.13
2014-12-13,39,34,44,33,44,8,64,1960.0,1923.0,0.0,0.13,3.03,New York,KNYC,2014,12,Dec,38.5,0.5,False,False,-0.13
2014-12-14,42,38,46,32,43,12,67,1976.0,1881.0,0.0,0.13,2.22,New York,KNYC,2014,12,Dec,37.5,4.5,False,False,-0.13
2014-12-15,43,37,48,32,43,6,67,1874.0,2008.0,0.0,0.13,1.34,New York,KNYC,2014,12,Dec,37.5,5.5,False,False,-0.13
2014-12-16,44,38,49,32,43,7,63,1876.0,1971.0,0.2,0.12,2.25,New York,KNYC,2014,12,Dec,37.5,6.5,False,False,0.08000000000000002
2014-12-17,48,42,54,32,42,1,62,1919.0,2000.0,0.02,0.13,2.28,New York,KNYC,2014,12,Dec,37.0,11.0,False,False,-0.11
2014-12-18,40,37,42,31,42,-1,63,1919.0,1984.0,0.0,0.12,1.3,New York,KNYC,2014,12,Dec,36.5,3.5,False,False,-0.12
2014-12-19,35,31,38,31,42,-1,58,1884.0,1931.0,0.0,0.12,1.58,New York,KNYC,2014,12,Dec,36.5,-1.5,False,False,-0.12
2014-12-20,32,30,33,31,42,-4,60,1942.0,2002.0,0.0,0.12,1.82,New York,KNYC,2014,12,Dec,36.5,-4.5,False,False,-0.12
2014-12-21,34,31,36,30,41,-1,65,1942.0,2013.0,0.0,0.13,2.49,New York,KNYC,2014,12,Dec,35.5,-1.5,False,False,-0.13
2014-12-22,40,35,44,30,41,2,71,1872.0,2013.0,0.04,0.12,2.18,New York,KNYC,2014,12,Dec,35.5,4.5,False,False,-0.07999999999999999
2014-12-23,45,43,46,30,41,-1,66,1883.0,1990.0,0.16,0.13,1.61,New York,KNYC,2014,12,Dec,35.5,9.5,False,False,0.03
2014-12-24,51,44,58,30,41,6,63,1983.0,1996.0,0.8,0.13,1.42,New York,KNYC,2014,12,Dec,35.5,15.5,False,False,0.67
2014-12-25,53,44,62,29,40,-1,64,1980.0,1982.0,0.09,0.13,1.3,New York,KNYC,2014,12,Dec,34.5,18.5,True,False,-0.04000000000000001
2014-12-26,45,40,50,29,40,3,63,1914.0,1982.0,0.0,0.12,1.66,New York,KNYC,2014,12,Dec,34.5,10.5,False,False,-0.12
2014-12-27,50,44,55,29,40,6,63,1872.0,1949.0,0.0,0.12,2.14,New York,KNYC,2014,12,Dec,34.5,15.5,False,False,-0.12
2014-12-28,49,43,54,29,40,8,65,1917.0,1982.0,0.1,0.12,1.35,New York,KNYC,2014,12,Dec,34.5,14.5,False,False,-0.01999999999999999
2014-12-29,39,34,44,28,39,-6,70,1917.0,1984.0,0.0,0.11,2.52,New York,KNYC,2014,12,Dec,33.5,5.5,False,False,-0.11
2014-12-30,31,28,34,28,39,-13,65,1917.0,1984.0,0.0,0.12,1.69,New York,KNYC,2014,12,Dec,33.5,-2.5,False,False,-0.12
2014-12-31,30,27,32,28,39,-7,63,1917.0,1965.0,0.0,0.11,2.31,New York,KNYC,2014,12,Dec,33.5,-3.5,False,False,-0.11
2015-01-01,33,27,39,28,39,-4,62,1918.0,1966.0,0.0,0.12,2.05,New York,KNYC,2015,1,Jan,33.5,-0.5,False,False,-0.12
2015-01-02,39,35,42,28,39,2,68,1918.0,1876.0,0.0,0.12,1.92,New York,KNYC,2015,1,Jan,33.5,5.5,False,False,-0.12
2015-01-03,38,33,42,28,39,-4,64,1879.0,2000.0,0.71,0.12,2.42,New York,KNYC,2015,1,Jan,33.5,4.5,False,False,0.59
2015-01-04,49,41,56,27,39,-3,66,1918.0,1950.0,0.3,0.12,2.73,New York,KNYC,2015,1,Jan,33.0,16.0,False,False,0.18
2015-01-05,35,21,49,27,38,-4,64,1904.0,1993.0,0.0,0.12,1.5,New York,KNYC,2015,1,Jan,32.5,2.5,False,False,-0.12
2015-01-06,21,19,22,27,38,-2,72,1896.0,2007.0,0.05,0.13,1.65,New York,KNYC,2015,1,Jan,32.5,-11.5,False,False,-0.08
2015-01-07,16,9,23,27,38,4,64,2014.0,1907.0,0.0,0.12,2.67,New York,KNYC,2015,1,Jan,32.5,-16.5,False,False,-0.12
2015-01-08,15,8,21,27,38,2,65,1968.0,1998.0,0.0,0.11,1.25,New York,KNYC,2015,1,Jan,32.5,-17.5,False,False,-0.11
2015-01-09,26,19,33,27,38,-1,64,1968.0,1937.0,0.07,0.13,1.42,New York,KNYC,2015,1,Jan,32.5,-6.5,False,False,-0.06
2015-01-10,20,16,23,27,38,-6,60,1875.0,1876.0,0.0,0.12,1.72,New York,KNYC,2015,1,Jan,32.5,-12.5,False,False,-0.12
2015-01-11,28,18,37,27,38,3,63,1968.0,1975.0,0.0,0.12,1.46,New York,KNYC,2015,1,Jan,32.5,-4.5,False,False,-0.12
2015-01-12,37,35,39,27,38,2,64,1981.0,1890.0,0.36,0.13,2.35,New York,KNYC,2015,1,Jan,32.5,4.5,False,False,0.22999999999999998
2015-01-13,27,17,36,27,38,-3,68,1914.0,1932.0,0.0,0.12,1.44,New York,KNYC,2015,1,Jan,32.5,-5.5,False,False,-0.12
2015-01-14,24,16,32,27,38,-5,70,1914.0,1932.0,0.0,0.12,2.06,New York,KNYC,2015,1,Jan,32.5,-8.5,False,False,-0.12
2015-01-15,30,25,35,27,38,0,67,1957.0,1932.0,0.0,0.13,1.27,New York,KNYC,2015,1,Jan,32.5,-2.5,False,False,-0.13
2015-01-16,32,20,43,27,38,1,58,2004.0,1995.0,0.0,0.12,1.44,New York,KNYC,2015,1,Jan,32.5,-0.5,False,False,-0.12
2015-01-17,25,17,32,27,38,-2,63,1977.0,1990.0,0.0,0.12,1.36,New York,KNYC,2015,1,Jan,32.5,-7.5,False,False,-0.12
2015-01-18,37,31,42,27,38,0,66,1982.0,1990.0,2.1,0.11,2.1,New York,KNYC,2015,1,Jan,32.5,4.5,False,False,1.99
2015-01-19,39,36,42,27,38,-3,64,1875.0,1951.0,0.0,0.12,2.39,New York,KNYC,2015,1,Jan,32.5,6.5,False,False,-0.12
2015-01-20,36,32,40,27,38,0,61,1994.0,2006.0,0.0,0.11,1.41,New York,KNYC,2015,1,Jan,32.5,3.5,False,False,-0.11
2015-01-21,31,25,36,27,38,-2,63,1985.0,2006.0,0.0,0.12,3.45,New York,KNYC,2015,1,Jan,32.5,-1.5,False,False,-0.12
2015-01-22,36,31,40,27,38,0,61,1888.0,1959.0,0.0,0.12,1.7,New York,KNYC,2015,1,Jan,32.5,3.5,False,False,-0.12
2015-01-23,34,28,39,27,38,-3,62,1936.0,1906.0,0.0,0.11,2.55,New York,KNYC,2015,1,Jan,32.5,1.5,False,False,-0.11
2015-01-24,36,33,39,27,38,-6,68,1882.0,1967.0,0.72,0.11,2.18,New York,KNYC,2015,1,Jan,32.5,3.5,False,False,0.61
2015-01-25,37,31,42,27,38,2,60,1945.0,1967.0,0.0,0.11,1.8,New York,KNYC,2015,1,Jan,32.5,4.5,False,False,-0.11
2015-01-26,27,22,31,27,39,3,72,1927.0,1950.0,0.48,0.11,2.19,New York,KNYC,2015,1,Jan,33.0,-6.0,False,False,0.37
2015-01-27,25,20,30,27,39,-1,69,1927.0,1916.0,0.36,0.11,1.94,New York,KNYC,2015,1,Jan,33.0,-8.0,False,False,0.25
2015-01-28,25,16,34,27,39,-2,66,1925.0,1916.0,0.0,0.11,1.87,New York,KNYC,2015,1,Jan,33.0,-8.0,False,False,-0.11
2015-01-29,28,19,36,27,39,0,69,1873.0,2002.0,0.02,0.11,1.03,New York,KNYC,2015,1,Jan,33.0,-5.0,False,False,-0.09
2015-01-30,29,19,38,27,39,2,64,1873.0,2006.0,0.06,0.11,1.19,New York,KNYC,2015,1,Jan,33.0,-4.0,False,False,-0.05
2015-01-31,20,13,26,27,39,-1,63,1920.0,1947.0,0.0,0.12,1.51,New York,KNYC,2015,1,Jan,33.0,-13.0,False,False,-0.12
2015-02-01,28,20,36,27,39,-2,67,1920.0,1989.0,0.03,0.11,2.12,New York,KNYC,2015,2,Feb,33.0,-5.0,False,False,-0.08
2015-02-02,24,14,34,27,39,-3,59,1881.0,1988.0,1.02,0.11,2.98,New York,KNYC,2015,2,Feb,33.0,-9.0,False,False,0.91
2015-02-03,20,13,26,27,39,0,64,1955.0,1991.0,0.0,0.11,1.55,New York,KNYC,2015,2,Feb,33.0,-13.0,False,False,-0.11
2015-02-04,34,24,43,28,40,0,68,1918.0,1991.0,0.0,0.1,2.1,New York,KNYC,2015,2,Feb,34.0,0.0,False,False,-0.1
2015-02-05,28,14,42,28,40,-6,70,1918.0,1991.0,0.0,0.11,1.43,New York,KNYC,2015,2,Feb,34.0,-6.0,False,False,-0.11
2015-02-06,20,12,27,28,40,-4,68,1895.0,2008.0,0.0,0.11,2.74,New York,KNYC,2015,2,Feb,34.0,-14.0,False,False,-0.11
2015-02-07,33,25,40,28,40,1,54,1910.0,1938.0,0.02,0.11,2.96,New York,KNYC,2015,2,Feb,34.0,-1.0,False,False,-0.09
2015-02-08,33,29,37,28,40,-7,61,1934.0,1965.0,0.0,0.11,1.15,New York,KNYC,2015,2,Feb,34.0,-1.0,False,False,-0.11
2015-02-09,27,25,29,28,40,-15,63,1934.0,1990.0,0.09,0.1,1.74,New York,KNYC,2015,2,Feb,34.0,-7.0,False,False,-0.010000000000000009
2015-02-10,33,26,40,28,41,-6,61,1899.0,2001.0,0.01,0.11,2.63,New York,KNYC,2015,2,Feb,34.5,-1.5,False,False,-0.1
2015-02-11,28,22,34,28,41,-2,65,1899.0,1960.0,0.0,0.1,2.74,New York,KNYC,2015,2,Feb,34.5,-6.5,False,False,-0.1
2015-02-12,28,16,40,28,41,-3,62,1914.0,1999.0,0.0,0.11,1.66,New York,KNYC,2015,2,Feb,34.5,-6.5,False,False,-0.11
2015-02-13,15,8,21,29,41,-1,64,1914.0,1951.0,0.0,0.1,2.42,New York,KNYC,2015,2,Feb,35.0,-20.0,False,False,-0.1
2015-02-14,24,16,32,29,41,2,63,1916.0,1946.0,0.02,0.11,1.59,New York,KNYC,2015,2,Feb,35.0,-11.0,False,False,-0.09
2015-02-15,15,4,25,29,42,-8,73,1943.0,1949.0,0.0,0.1,1.73,New York,KNYC,2015,2,Feb,35.5,-20.5,False,False,-0.1
2015-02-16,12,3,21,29,42,1,71,1888.0,1954.0,0.0,0.12,1.4,New York,KNYC,2015,2,Feb,35.5,-23.5,False,True,-0.12
2015-02-17,21,14,27,29,42,-5,67,1896.0,1976.0,0.14,0.11,1.49,New York,KNYC,2015,2,Feb,35.5,-14.5,False,False,0.030000000000000013
2015-02-18,26,19,33,29,42,0,68,1979.0,1981.0,0.0,0.11,1.5,New York,KNYC,2015,2,Feb,35.5,-9.5,False,False,-0.11
2015-02-19,18,8,27,30,42,1,66,1936.0,1997.0,0.0,0.11,2.15,New York,KNYC,2015,2,Feb,36.0,-18.0,False,False,-0.11
2015-02-20,11,2,19,30,43,2,69,2015.0,1939.0,0.0,0.11,3.07,New York,KNYC,2015,2,Feb,36.5,-25.5,False,True,-0.11
2015-02-21,23,13,32,30,43,4,68,1896.0,1930.0,0.61,0.11,1.86,New York,KNYC,2015,2,Feb,36.5,-13.5,False,False,0.5
2015-02-22,38,32,43,30,43,8,69,1963.0,1997.0,0.1,0.11,2.39,New York,KNYC,2015,2,Feb,36.5,1.5,False,False,-0.009999999999999995
2015-02-23,23,8,38,30,43,5,70,1889.0,1985.0,0.0,0.12,1.38,New York,KNYC,2015,2,Feb,36.5,-13.5,False,True,-0.12
2015-02-24,14,4,24,30,44,-4,75,1873.0,1985.0,0.0,0.12,1.69,New York,KNYC,2015,2,Feb,37.0,-23.0,False,False,-0.12
2015-02-25,29,20,37,31,44,1,75,1914.0,1930.0,0.0,0.11,2.11,New York,KNYC,2015,2,Feb,37.5,-8.5,False,False,-0.11
2015-02-26,27,21,32,31,44,7,65,1990.0,1890.0,0.0,0.12,1.87,New York,KNYC,2015,2,Feb,37.5,-10.5,False,False,-0.12
2015-02-27,24,18,30,31,44,5,72,1900.0,1997.0,0.0,0.12,1.56,New York,KNYC,2015,2,Feb,37.5,-13.5,False,False,-0.12
2015-02-28,21,13,29,31,45,5,67,1934.0,1976.0,0.0,0.12,1.21,New York,KNYC,2015,2,Feb,38.0,-17.0,False,False,-0.12
2015-03-01,28,24,31,31,45,5,73,1884.0,1972.0,0.52,0.13,2.95,New York,KNYC,2015,3,Mar,38.0,-10.0,False,False,0.39
2015-03-02,33,27,39,32,45,9,72,1891.0,1972.0,0.0,0.12,2.41,New York,KNYC,2015,3,Mar,38.5,-5.5,False,False,-0.12
2015-03-03,30,22,37,32,45,11,65,2003.0,1991.0,0.67,0.12,2.25,New York,KNYC,2015,3,Mar,38.5,-8.5,False,False,0.55
2015-03-04,40,35,45,32,46,7,70,1943.0,1974.0,0.25,0.13,1.65,New York,KNYC,2015,3,Mar,39.0,1.0,False,False,0.12
2015-03-05,30,19,40,32,46,3,72,1872.0,1880.0,0.76,0.13,1.81,New York,KNYC,2015,3,Mar,39.0,-9.0,False,False,0.63
2015-03-06,20,12,27,32,46,6,68,1872.0,1935.0,0.0,0.13,2.63,New York,KNYC,2015,3,Mar,39.0,-19.0,False,False,-0.13
2015-03-07,28,18,38,33,47,7,74,1890.0,1946.0,0.0,0.13,1.87,New York,KNYC,2015,3,Mar,40.0,-12.0,False,False,-0.13
2015-03-08,43,37,49,33,47,8,76,1883.0,1987.0,0.0,0.14,1.78,New York,KNYC,2015,3,Mar,40.0,3.0,False,False,-0.14
2015-03-09,47,40,54,33,47,11,69,1996.0,2000.0,0.01,0.13,1.82,New York,KNYC,2015,3,Mar,40.0,7.0,False,False,-0.12000000000000001
2015-03-10,46,39,53,33,48,12,74,1929.0,2006.0,0.46,0.13,1.62,New York,KNYC,2015,3,Mar,40.5,5.5,False,False,0.33
2015-03-11,52,44,59,34,48,14,73,1960.0,1977.0,0.01,0.13,2.94,New York,KNYC,2015,3,Mar,41.0,11.0,False,False,-0.12000000000000001
2015-03-12,42,36,47,34,48,8,71,1888.0,1890.0,0.0,0.13,2.33,New York,KNYC,2015,3,Mar,41.0,1.0,False,False,-0.13
2015-03-13,37,31,43,34,49,6,85,1888.0,1990.0,0.0,0.12,3.86,New York,KNYC,2015,3,Mar,41.5,-4.5,False,False,-0.12
2015-03-14,46,40,51,35,49,15,75,1896.0,1946.0,0.81,0.14,1.02,New York,KNYC,2015,3,Mar,42.0,4.0,False,False,0.67
2015-03-15,40,36,44,35,49,14,77,1993.0,1990.0,0.0,0.14,1.81,New York,KNYC,2015,3,Mar,42.0,-2.0,False,False,-0.14
2015-03-16,44,35,52,35,50,13,82,1911.0,1990.0,0.0,0.14,2.03,New York,KNYC,2015,3,Mar,42.5,1.5,False,False,-0.14
2015-03-17,46,34,57,35,50,9,75,1916.0,1945.0,0.02,0.15,1.42,New York,KNYC,2015,3,Mar,42.5,3.5,False,False,-0.13
2015-03-18,34,29,39,36,50,7,77,1916.0,1989.0,0.0,0.14,3.1,New York,KNYC,2015,3,Mar,43.0,-9.0,False,False,-0.14
2015-03-19,36,29,43,36,51,8,76,1967.0,1918.0,0.0,0.15,2.19,New York,KNYC,2015,3,Mar,43.5,-7.5,False,False,-0.15
2015-03-20,34,29,38,36,51,11,83,1885.0,1945.0,0.4,0.15,1.93,New York,KNYC,2015,3,Mar,43.5,-9.5,False,False,0.25
2015-03-21,38,29,47,37,51,10,84,1885.0,1921.0,0.0,0.15,2.37,New York,KNYC,2015,3,Mar,44.0,-6.0,False,False,-0.15
2015-03-22,36,28,43,37,52,12,78,1885.0,2012.0,0.0,0.15,3.44,New York,KNYC,2015,3,Mar,44.5,-8.5,False,False,-0.15
2015-03-23,31,23,38,37,52,12,76,1875.0,1923.0,0.0,0.16,1.6,New York,KNYC,2015,3,Mar,44.5,-13.5,False,False,-0.16
2015-03-24,36,26,45,37,52,12,76,1888.0,1988.0,0.0,0.15,2.05,New York,KNYC,2015,3,Mar,44.5,-8.5,False,False,-0.15
2015-03-25,42,34,49,38,53,13,79,1878.0,1963.0,0.05,0.15,4.25,New York,KNYC,2015,3,Mar,45.5,-3.5,False,False,-0.09999999999999999
2015-03-26,52,42,62,38,53,20,76,1960.0,1922.0,0.32,0.15,1.42,New York,KNYC,2015,3,Mar,45.5,6.5,False,False,0.17
2015-03-27,43,39,46,38,54,20,83,1894.0,1998.0,0.27,0.16,1.79,New York,KNYC,2015,3,Mar,46.0,-3.0,False,False,0.11000000000000001
2015-03-28,33,26,40,39,54,13,84,1923.0,1945.0,0.0,0.15,2.98,New York,KNYC,2015,3,Mar,46.5,-13.5,False,False,-0.15
2015-03-29,36,25,46,39,54,10,86,1923.0,1945.0,0.0,0.15,2.03,New York,KNYC,2015,3,Mar,46.5,-10.5,False,False,-0.15
2015-03-30,45,36,54,39,55,16,82,1887.0,1998.0,0.0,0.16,2.45,New York,KNYC,2015,3,Mar,47.0,-2.0,False,False,-0.16
2015-03-31,41,35,47,40,55,14,86,1923.0,1998.0,0.17,0.15,2.2,New York,KNYC,2015,3,Mar,47.5,-6.5,False,False,0.020000000000000018
2015-04-01,42,32,51,40,56,12,83,1923.0,1917.0,0.0,0.16,1.89,New York,KNYC,2015,4,Apr,48.0,-6.0,False,False,-0.16
2015-04-02,54,41,67,40,56,22,81,1919.0,1967.0,0.0,0.16,1.93,New York,KNYC,2015,4,Apr,48.0,6.0,False,False,-0.16
2015-04-03,62,59,64,41,56,24,81,1954.0,1981.0,0.04,0.16,1.9,New York,KNYC,2015,4,Apr,48.5,13.5,False,False,-0.12
2015-04-04,51,42,60,41,57,21,80,1874.0,1892.0,0.01,0.16,1.99,New York,KNYC,2015,4,Apr,49.0,2.0,False,False,-0.15
2015-04-05,52,42,61,41,57,20,80,1874.0,1928.0,0.0,0.16,2.76,New York,KNYC,2015,4,Apr,49.0,3.0,False,False,-0.16
2015-04-06,53,42,63,42,58,21,79,1982.0,1947.0,0.0,0.15,2.52,New York,KNYC,2015,4,Apr,50.0,3.0,False,False,-0.15
2015-04-07,52,42,62,42,58,21,92,1982.0,2010.0,0.15,0.16,1.35,New York,KNYC,2015,4,Apr,50.0,2.0,False,False,-0.010000000000000009
2015-04-08,41,37,45,42,58,25,90,1982.0,1991.0,0.0,0.15,1.93,New York,KNYC,2015,4,Apr,50.0,-9.0,False,False,-0.15
2015-04-09,40,37,43,43,59,25,86,1977.0,1991.0,0.0,0.16,3.42,New York,KNYC,2015,4,Apr,51.0,-11.0,False,False,-0.16
2015-04-10,48,39,56,43,59,28,86,1997.0,1922.0,0.17,0.17,4.31,New York,KNYC,2015,4,Apr,51.0,-3.0,False,False,0.0
2015-04-11,51,44,57,43,60,24,84,1909.0,1955.0,0.0,0.16,1.1,New York,KNYC,2015,4,Apr,51.5,-0.5,False,False,-0.16
2015-04-12,55,43,66,44,60,22,90,1874.0,1977.0,0.0,0.16,2.12,New York,KNYC,2015,4,Apr,52.0,3.0,False,False,-0.16
2015-04-13,59,50,68,44,60,25,88,1874.0,1977.0,0.0,0.16,1.26,New York,KNYC,2015,4,Apr,52.0,7.0,False,False,-0.16
2015-04-14,60,55,65,44,61,26,85,1950.0,1941.0,0.01,0.16,2.72,New York,KNYC,2015,4,Apr,52.5,7.5,False,False,-0.15
2015-04-15,62,51,72,45,61,28,87,1943.0,1941.0,0.0,0.15,7.57,New York,KNYC,2015,4,Apr,53.0,9.0,False,False,-0.15
2015-04-16,58,52,64,45,62,29,92,1928.0,2002.0,0.0,0.14,3.29,New York,KNYC,2015,4,Apr,53.5,4.5,False,False,-0.14
2015-04-17,63,55,71,45,62,28,96,1875.0,2002.0,0.08,0.15,1.29,New York,KNYC,2015,4,Apr,53.5,9.5,False,False,-0.06999999999999999
2015-04-18,70,59,80,46,62,25,96,1875.0,1976.0,0.0,0.14,2.19,New York,KNYC,2015,4,Apr,54.0,16.0,False,False,-0.14
2015-04-19,56,48,64,46,63,21,92,1875.0,1976.0,0.0,0.15,1.96,New York,KNYC,2015,4,Apr,54.5,1.5,False,False,-0.15
2015-04-20,52,46,57,46,63,24,90,1897.0,1927.0,1.37,0.14,1.96,New York,KNYC,2015,4,Apr,54.5,-2.5,False,False,1.23
2015-04-21,59,52,65,47,63,26,87,1875.0,1923.0,0.2,0.14,2.28,New York,KNYC,2015,4,Apr,55.0,4.0,False,False,0.06
2015-04-22,59,48,69,47,64,33,86,1947.0,2001.0,0.05,0.14,2.45,New York,KNYC,2015,4,Apr,55.5,3.5,False,False,-0.09000000000000001
2015-04-23,47,41,52,47,64,32,86,1930.0,2007.0,0.0,0.14,2.34,New York,KNYC,2015,4,Apr,55.5,-8.5,False,False,-0.14
2015-04-24,46,39,52,48,64,31,87,1930.0,2001.0,0.0,0.14,2.17,New York,KNYC,2015,4,Apr,56.0,-10.0,False,False,-0.14
2015-04-25,50,38,62,48,65,29,91,1919.0,1915.0,0.0,0.14,1.68,New York,KNYC,2015,4,Apr,56.5,-6.5,False,False,-0.14
2015-04-26,55,46,64,48,65,31,92,1919.0,2009.0,0.0,0.14,1.88,New York,KNYC,2015,4,Apr,56.5,-1.5,False,False,-0.14
2015-04-27,56,49,62,48,65,36,92,1932.0,1915.0,0.0,0.14,2.04,New York,KNYC,2015,4,Apr,56.5,-0.5,False,False,-0.14
2015-04-28,61,50,71,49,66,34,90,1934.0,1990.0,0.0,0.15,2.74,New York,KNYC,2015,4,Apr,57.5,3.5,False,False,-0.15
2015-04-29,64,50,78,49,66,32,89,1874.0,1974.0,0.0,0.14,0.91,New York,KNYC,2015,4,Apr,57.5,6.5,False,False,-0.14
2015-04-30,58,48,67,49,66,30,91,1875.0,1942.0,0.0,0.13,4.97,New York,KNYC,2015,4,Apr,57.5,0.5,False,False,-0.13
2015-05-01,56,49,63,50,67,35,87,1880.0,2001.0,0.0,0.12,2.48,New York,KNYC,2015,5,May,58.5,-2.5,False,False,-0.12
2015-05-02,61,48,74,50,67,37,90,1903.0,2001.0,0.0,0.12,1.1,New York,KNYC,2015,5,May,58.5,2.5,False,False,-0.12
2015-05-03,66,51,80,50,67,36,90,1874.0,2001.0,0.0,0.13,1.66,New York,KNYC,2015,5,May,58.5,7.5,False,False,-0.13
2015-05-04,71,57,85,50,68,38,92,1917.0,2001.0,0.0,0.13,2.02,New York,KNYC,2015,5,May,59.0,12.0,False,False,-0.13
2015-05-05,76,66,85,51,68,34,90,1891.0,1980.0,0.0,0.13,1.55,New York,KNYC,2015,5,May,59.5,16.5,False,False,-0.13
2015-05-06,66,59,73,51,68,32,92,1891.0,1986.0,0.0,0.13,1.46,New York,KNYC,2015,5,May,59.5,6.5,False,False,-0.13
2015-05-07,68,56,80,51,68,37,93,1891.0,2000.0,0.0,0.14,3.82,New York,KNYC,2015,5,May,59.5,8.5,False,False,-0.14
2015-05-08,69,56,82,52,69,37,91,1947.0,2000.0,0.0,0.12,3.02,New York,KNYC,2015,5,May,60.5,8.5,False,False,-0.12
2015-05-09,64,57,70,52,69,35,94,1947.0,1979.0,0.0,0.13,1.42,New York,KNYC,2015,5,May,60.5,3.5,False,False,-0.13
2015-05-10,72,61,83,52,69,36,94,1966.0,1979.0,0.0,0.13,2.1,New York,KNYC,2015,5,May,60.5,11.5,False,False,-0.13
2015-05-11,77,70,84,52,70,36,92,1913.0,1993.0,0.0,0.12,1.67,New York,KNYC,2015,5,May,61.0,16.0,False,False,-0.12
2015-05-12,75,64,86,53,70,40,93,1907.0,1881.0,0.0,0.13,1.84,New York,KNYC,2015,5,May,61.5,13.5,False,False,-0.13
2015-05-13,62,53,70,53,70,39,89,1895.0,1956.0,0.0,0.12,1.66,New York,KNYC,2015,5,May,61.5,0.5,False,False,-0.12
2015-05-14,62,50,73,53,70,40,88,1878.0,1900.0,0.0,0.12,3.38,New York,KNYC,2015,5,May,61.5,0.5,False,False,-0.12
2015-05-15,65,55,75,54,71,42,90,1947.0,1900.0,0.0,0.13,1.16,New York,KNYC,2015,5,May,62.5,2.5,False,False,-0.13
2015-05-16,66,57,75,54,71,42,90,1878.0,1951.0,0.3,0.13,2.66,New York,KNYC,2015,5,May,62.5,3.5,False,False,0.16999999999999998
2015-05-17,74,64,83,54,71,39,92,1956.0,1974.0,0.02,0.13,1.05,New York,KNYC,2015,5,May,62.5,11.5,False,False,-0.11
2015-05-18,68,60,75,55,71,41,90,1973.0,1936.0,0.0,0.13,2.18,New York,KNYC,2015,5,May,63.0,5.0,False,False,-0.13
2015-05-19,70,59,80,55,72,38,99,1976.0,1962.0,0.0,0.13,2.02,New York,KNYC,2015,5,May,63.5,6.5,False,False,-0.13
2015-05-20,61,54,67,55,72,43,96,2002.0,1996.0,0.0,0.14,2.03,New York,KNYC,2015,5,May,63.5,-2.5,False,False,-0.14
2015-05-21,57,52,62,55,72,40,93,1907.0,1996.0,0.0,0.14,1.94,New York,KNYC,2015,5,May,63.5,-6.5,False,False,-0.14
2015-05-22,65,55,74,56,72,44,96,1990.0,1941.0,0.0,0.15,1.25,New York,KNYC,2015,5,May,64.0,1.0,False,False,-0.15
2015-05-23,60,49,70,56,73,43,94,1963.0,1964.0,0.0,0.15,2.7,New York,KNYC,2015,5,May,64.5,-4.5,False,False,-0.15
2015-05-24,69,56,81,56,73,39,93,1963.0,1975.0,0.0,0.15,2.07,New York,KNYC,2015,5,May,64.5,4.5,False,False,-0.15
2015-05-25,75,64,85,57,73,41,95,1925.0,1880.0,0.0,0.15,0.86,New York,KNYC,2015,5,May,65.0,10.0,False,False,-0.15
2015-05-26,78,67,88,57,74,42,95,1967.0,1880.0,0.0,0.15,1.28,New York,KNYC,2015,5,May,65.5,12.5,False,False,-0.15
2015-05-27,78,70,85,57,74,41,96,1961.0,1880.0,0.08,0.14,2.62,New York,KNYC,2015,5,May,65.5,12.5,False,False,-0.06000000000000001
2015-05-28,78,70,85,58,74,43,94,1961.0,1959.0,0.0,0.14,1.16,New York,KNYC,2015,5,May,66.0,12.0,False,False,-0.14
2015-05-29,75,65,85,58,74,43,97,1902.0,1969.0,0.0,0.16,3.99,New York,KNYC,2015,5,May,66.0,9.0,False,False,-0.16
2015-05-30,76,67,85,58,75,42,97,1884.0,1987.0,0.0,0.15,2.19,New York,KNYC,2015,5,May,66.5,9.5,False,False,-0.15
2015-05-31,72,57,87,59,75,46,96,1938.0,1939.0,1.46,0.15,3.13,New York,KNYC,2015,5,May,67.0,5.0,False,False,1.31
2015-06-01,55,51,58,59,75,44,96,1945.0,1895.0,0.72,0.16,2.6,New York,KNYC,2015,6,Jun,67.0,-12.0,False,False,0.5599999999999999
2015-06-02,53,50,55,59,76,48,96,1946.0,1895.0,0.37,0.16,2.79,New York,KNYC,2015,6,Jun,67.5,-14.5,False,True,0.21
2015-06-03,61,52,70,60,76,45,95,1929.0,1895.0,0.0,0.16,3.01,New York,KNYC,2015,6,Jun,68.0,-7.0,False,False,-0.16
2015-06-04,60,54,65,60,76,48,99,1926.0,1925.0,0.0,0.16,2.75,New York,KNYC,2015,6,Jun,68.0,-8.0,False,False,-0.16
2015-06-05,63,55,70,60,76,47,99,1945.0,1925.0,0.13,0.16,2.8,New York,KNYC,2015,6,Jun,68.0,-5.0,False,False,-0.03
2015-06-06,68,60,76,61,77,47,98,1945.0,1925.0,0.19,0.16,2.62,New York,KNYC,2015,6,Jun,69.0,-1.0,False,False,0.03
2015-06-07,65,55,74,61,77,47,96,1897.0,1925.0,0.0,0.16,4.16,New York,KNYC,2015,6,Jun,69.0,-4.0,False,False,-0.16
2015-06-08,71,63,79,61,77,47,95,1932.0,1933.0,0.06,0.16,1.47,New York,KNYC,2015,6,Jun,69.0,2.0,False,False,-0.1
2015-06-09,76,68,83,62,78,47,97,1980.0,1933.0,0.01,0.16,2.55,New York,KNYC,2015,6,Jun,70.0,6.0,False,False,-0.15
2015-06-10,74,65,82,62,78,49,96,1972.0,2008.0,0.0,0.16,2.07,New York,KNYC,2015,6,Jun,70.0,4.0,False,False,-0.16
2015-06-11,81,72,89,62,78,46,95,1972.0,1973.0,0.0,0.16,1.14,New York,KNYC,2015,6,Jun,70.0,11.0,False,False,-0.16
2015-06-12,81,73,88,63,78,48,93,1979.0,1973.0,0.0,0.16,2.18,New York,KNYC,2015,6,Jun,70.5,10.5,False,False,-0.16
2015-06-13,79,72,86,63,79,51,96,1953.0,1961.0,0.0,0.16,1.71,New York,KNYC,2015,6,Jun,71.0,8.0,False,False,-0.16
2015-06-14,77,66,88,63,79,49,99,1875.0,1956.0,0.36,0.16,2.54,New York,KNYC,2015,6,Jun,71.0,6.0,False,False,0.19999999999999998
2015-06-15,74,64,83,64,79,48,96,1933.0,1994.0,0.57,0.15,1.13,New York,KNYC,2015,6,Jun,71.5,2.5,False,False,0.41999999999999993
2015-06-16,72,65,79,64,80,52,97,1927.0,1891.0,0.27,0.15,1.31,New York,KNYC,2015,6,Jun,72.0,0.0,False,False,0.12000000000000002
2015-06-17,74,66,82,64,80,51,96,1926.0,1957.0,0.0,0.16,1.82,New York,KNYC,2015,6,Jun,72.0,2.0,False,False,-0.16
2015-06-18,68,64,71,65,80,48,95,1950.0,1929.0,0.0,0.14,2.3,New York,KNYC,2015,6,Jun,72.5,-4.5,False,False,-0.14
2015-06-19,78,68,87,65,80,52,98,1920.0,1994.0,0.0,0.14,2.16,New York,KNYC,2015,6,Jun,72.5,5.5,False,False,-0.14
2015-06-20,70,64,75,65,81,49,98,1914.0,1923.0,0.0,0.13,1.39,New York,KNYC,2015,6,Jun,73.0,-3.0,False,False,-0.13
2015-06-21,80,71,88,65,81,49,97,1897.0,1988.0,0.64,0.14,1.7,New York,KNYC,2015,6,Jun,73.0,7.0,False,False,0.5
2015-06-22,79,70,87,66,81,52,98,1940.0,1988.0,0.0,0.13,1.96,New York,KNYC,2015,6,Jun,73.5,5.5,False,False,-0.13
2015-06-23,83,75,90,66,81,49,96,1918.0,1888.0,0.02,0.13,1.75,New York,KNYC,2015,6,Jun,73.5,9.5,False,False,-0.11
2015-06-24,76,68,84,66,82,52,96,1932.0,1888.0,0.0,0.13,1.46,New York,KNYC,2015,6,Jun,74.0,2.0,False,False,-0.13
2015-06-25,74,65,83,66,82,50,99,1873.0,1952.0,0.0,0.14,1.28,New York,KNYC,2015,6,Jun,74.0,0.0,False,False,-0.14
2015-06-26,75,69,81,67,82,56,100,1979.0,1952.0,0.0,0.13,4.29,New York,KNYC,2015,6,Jun,74.5,0.5,False,False,-0.13
2015-06-27,65,58,71,67,82,55,101,1940.0,1966.0,1.12,0.12,2.11,New York,KNYC,2015,6,Jun,74.5,-9.5,False,True,1.0
2015-06-28,68,62,73,67,83,54,96,1995.0,1991.0,0.29,0.13,1.69,New York,KNYC,2015,6,Jun,75.0,-7.0,False,False,0.15999999999999998
2015-06-29,70,63,76,67,83,52,101,1919.0,1934.0,0.0,0.12,2.57,New York,KNYC,2015,6,Jun,75.0,-5.0,False,False,-0.12
2015-06-30,75,68,82,67,83,53,99,1919.0,1964.0,0.0,0.13,3.07,New York,KNYC,2015,6,Jun,75.0,0.0,False,False,-0.13
2014-07-01,83,72,93,68,86,52,102,1988.0,1901.0,0.0,0.13,1.04,Philadelphia,KPHL,2014,7,Jul,77.0,6.0,False,False,-0.13
2014-07-02,86,75,96,68,86,52,103,1965.0,1901.0,0.21,0.13,1.73,Philadelphia,KPHL,2014,7,Jul,77.0,9.0,False,False,0.07999999999999999
2014-07-03,83,74,92,68,87,54,104,1957.0,1966.0,0.09,0.12,3.66,Philadelphia,KPHL,2014,7,Jul,77.5,5.5,False,False,-0.03
2014-07-04,73,68,78,68,87,52,103,1986.0,1966.0,0.04,0.13,2.08,Philadelphia,KPHL,2014,7,Jul,77.5,-4.5,False,False,-0.09
2014-07-05,74,64,83,69,87,55,100,1963.0,1999.0,0.0,0.13,4.38,Philadelphia,KPHL,2014,7,Jul,78.0,-4.0,False,False,-0.13
2014-07-06,75,64,86,69,87,52,102,1960.0,2010.0,0.0,0.13,1.36,Philadelphia,KPHL,2014,7,Jul,78.0,-3.0,False,False,-0.13
2014-07-07,84,74,93,69,87,55,103,1968.0,2010.0,0.0,0.13,2.97,Philadelphia,KPHL,2014,7,Jul,78.0,6.0,False,False,-0.13
2014-07-08,84,72,95,69,87,53,100,1960.0,1993.0,0.17,0.14,2.28,Philadelphia,KPHL,2014,7,Jul,78.0,6.0,False,False,0.03
2014-07-09,80,71,89,69,87,53,103,1963.0,1936.0,0.0,0.15,1.79,Philadelphia,KPHL,2014,7,Jul,78.0,2.0,False,False,-0.15
2014-07-10,81,74,87,69,87,53,104,1963.0,1936.0,0.0,0.14,2.99,Philadelphia,KPHL,2014,7,Jul,78.0,3.0,False,False,-0.14
2014-07-11,80,70,90,69,87,55,100,1963.0,1988.0,0.0,0.14,1.92,Philadelphia,KPHL,2014,7,Jul,78.0,2.0,False,False,-0.14
2014-07-12,80,70,89,69,87,55,97,1999.0,1936.0,0.0,0.15,4.68,Philadelphia,KPHL,2014,7,Jul,78.0,2.0,False,False,-0.15
2014-07-13,82,72,91,69,87,57,98,1998.0,1994.0,0.05,0.14,2.8,Philadelphia,KPHL,2014,7,Jul,78.0,4.0,False,False,-0.09000000000000001
2014-07-14,82,74,90,69,87,52,101,1940.0,1954.0,1.18,0.15,2.89,Philadelphia,KPHL,2014,7,Jul,78.0,4.0,False,False,1.03
2014-07-15,82,73,91,70,87,56,103,1940.0,1995.0,0.81,0.15,2.96,Philadelphia,KPHL,2014,7,Jul,78.5,3.5,False,False,0.66
2014-07-16,78,72,83,70,87,55,102,1946.0,1988.0,0.0,0.15,1.89,Philadelphia,KPHL,2014,7,Jul,78.5,-0.5,False,False,-0.15
2014-07-17,75,65,84,70,87,56,102,1946.0,1988.0,0.0,0.15,2.06,Philadelphia,KPHL,2014,7,Jul,78.5,-3.5,False,False,-0.15
2014-07-18,75,65,84,70,87,57,100,1976.0,2012.0,0.0,0.15,3.45,Philadelphia,KPHL,2014,7,Jul,78.5,-3.5,False,False,-0.15
2014-07-19,75,68,81,70,87,58,100,1962.0,1930.0,0.0,0.14,1.93,Philadelphia,KPHL,2014,7,Jul,78.5,-3.5,False,False,-0.14
2014-07-20,76,69,82,70,87,57,99,1890.0,1930.0,0.0,0.14,2.32,Philadelphia,KPHL,2014,7,Jul,78.5,-2.5,False,False,-0.14
2014-07-21,76,66,86,70,87,51,103,1966.0,1930.0,0.0,0.14,3.45,Philadelphia,KPHL,2014,7,Jul,78.5,-2.5,False,False,-0.14
2014-07-22,79,70,88,70,87,56,103,1944.0,2011.0,0.0,0.14,2.98,Philadelphia,KPHL,2014,7,Jul,78.5,0.5,False,False,-0.14
2014-07-23,83,72,93,70,87,58,101,1950.0,2011.0,0.05,0.14,3.05,Philadelphia,KPHL,2014,7,Jul,78.5,4.5,False,False,-0.09000000000000001
2014-07-24,77,70,83,70,87,57,98,1985.0,2011.0,0.0,0.14,1.45,Philadelphia,KPHL,2014,7,Jul,78.5,-1.5,False,False,-0.14
2014-07-25,74,63,84,70,87,56,96,1953.0,1999.0,0.0,0.14,1.35,Philadelphia,KPHL,2014,7,Jul,78.5,-4.5,False,False,-0.14
2014-07-26,75,69,81,70,87,56,101,1920.0,1892.0,0.22,0.15,1.97,Philadelphia,KPHL,2014,7,Jul,78.5,-3.5,False,False,0.07
2014-07-27,81,70,91,70,87,53,100,1962.0,1940.0,1.25,0.15,2.16,Philadelphia,KPHL,2014,7,Jul,78.5,2.5,False,False,1.1
2014-07-28,77,69,84,70,87,53,100,1962.0,1941.0,0.23,0.14,8.02,Philadelphia,KPHL,2014,7,Jul,78.5,-1.5,False,False,0.09
2014-07-29,70,64,76,70,87,59,98,1914.0,2002.0,0.0,0.14,3.53,Philadelphia,KPHL,2014,7,Jul,78.5,-8.5,False,False,-0.14
2014-07-30,71,62,80,69,87,58,98,1981.0,1954.0,0.0,0.14,3.36,Philadelphia,KPHL,2014,7,Jul,78.0,-7.0,False,False,-0.14
2014-07-31,76,65,86,69,87,57,102,1895.0,1954.0,0.0,0.14,3.0,Philadelphia,KPHL,2014,7,Jul,78.0,-2.0,False,False,-0.14
2014-08-01,77,70,83,69,87,56,99,1964.0,2002.0,0.19,0.13,2.01,Philadelphia,KPHL,2014,8,Aug,78.0,-1.0,False,False,0.06
2014-08-02,73,68,77,69,87,58,99,1947.0,1955.0,0.36,0.12,2.86,Philadelphia,KPHL,2014,8,Aug,78.0,-5.0,False,False,0.24
2014-08-03,72,67,77,69,87,56,98,1959.0,1975.0,0.23,0.12,5.63,Philadelphia,KPHL,2014,8,Aug,78.0,-6.0,False,False,0.11000000000000001
2014-08-04,78,71,84,69,87,52,98,1965.0,1995.0,0.0,0.12,2.74,Philadelphia,KPHL,2014,8,Aug,78.0,0.0,False,False,-0.12
2014-08-05,80,69,90,69,87,52,98,1951.0,1930.0,0.0,0.12,1.6,Philadelphia,KPHL,2014,8,Aug,78.0,2.0,False,False,-0.12
2014-08-06,76,69,82,69,86,53,103,1957.0,1918.0,0.0,0.11,2.74,Philadelphia,KPHL,2014,8,Aug,77.5,-1.5,False,False,-0.11
2014-08-07,75,66,84,69,86,54,106,1964.0,1918.0,0.0,0.12,3.7,Philadelphia,KPHL,2014,8,Aug,77.5,-2.5,False,False,-0.12
2014-08-08,73,63,82,69,86,55,100,1989.0,2001.0,0.0,0.12,4.4,Philadelphia,KPHL,2014,8,Aug,77.5,-4.5,False,False,-0.12
2014-08-09,77,67,86,69,86,54,101,1964.0,2001.0,0.0,0.12,2.36,Philadelphia,KPHL,2014,8,Aug,77.5,-0.5,False,False,-0.12
2014-08-10,78,67,88,69,86,54,98,1964.0,1949.0,0.0,0.12,2.24,Philadelphia,KPHL,2014,8,Aug,77.5,0.5,False,False,-0.12
2014-08-11,76,66,85,69,86,55,101,1972.0,1900.0,0.0,0.11,2.05,Philadelphia,KPHL,2014,8,Aug,77.5,-1.5,False,False,-0.11
2014-08-12,74,68,79,69,86,53,99,1962.0,1900.0,1.08,0.11,3.29,Philadelphia,KPHL,2014,8,Aug,77.5,-3.5,False,False,0.9700000000000001
2014-08-13,77,69,85,69,86,51,99,1941.0,2002.0,0.0,0.11,5.21,Philadelphia,KPHL,2014,8,Aug,77.5,-0.5,False,False,-0.11
2014-08-14,71,62,80,68,86,50,99,1964.0,2002.0,0.25,0.12,4.84,Philadelphia,KPHL,2014,8,Aug,77.0,-6.0,False,False,0.13
2014-08-15,69,60,77,68,86,50,98,1964.0,1988.0,0.0,0.11,1.54,Philadelphia,KPHL,2014,8,Aug,77.0,-8.0,False,False,-0.11
2014-08-16,71,61,81,68,86,53,98,1979.0,1997.0,0.0,0.12,2.25,Philadelphia,KPHL,2014,8,Aug,77.0,-6.0,False,False,-0.12
2014-08-17,75,65,84,68,85,50,96,1979.0,1995.0,0.0,0.11,2.76,Philadelphia,KPHL,2014,8,Aug,76.5,-1.5,False,False,-0.11
2014-08-18,73,63,83,68,85,52,97,1961.0,1995.0,0.0,0.11,2.54,Philadelphia,KPHL,2014,8,Aug,76.5,-3.5,False,False,-0.11
2014-08-19,77,66,87,68,85,51,94,1963.0,2002.0,0.0,0.12,3.73,Philadelphia,KPHL,2014,8,Aug,76.5,0.5,False,False,-0.12
2014-08-20,79,71,86,68,85,52,99,1949.0,1983.0,0.0,0.12,1.87,Philadelphia,KPHL,2014,8,Aug,76.5,2.5,False,False,-0.12
2014-08-21,76,68,83,68,85,54,96,1949.0,1916.0,0.0,0.11,1.77,Philadelphia,KPHL,2014,8,Aug,76.5,-0.5,False,False,-0.11
2014-08-22,74,68,79,67,85,52,97,1940.0,1916.0,0.08,0.12,2.73,Philadelphia,KPHL,2014,8,Aug,76.0,-2.0,False,False,-0.039999999999999994
2014-08-23,69,64,74,67,85,53,94,1952.0,1916.0,0.25,0.12,3.74,Philadelphia,KPHL,2014,8,Aug,76.0,-7.0,False,False,0.13
2014-08-24,74,64,83,67,84,50,93,1957.0,1972.0,0.0,0.1,1.7,Philadelphia,KPHL,2014,8,Aug,75.5,-1.5,False,False,-0.1
2014-08-25,75,63,86,67,84,47,97,1963.0,1968.0,0.0,0.11,3.03,Philadelphia,KPHL,2014,8,Aug,75.5,-0.5,False,False,-0.11
2014-08-26,80,69,90,67,84,51,100,1963.0,1948.0,0.0,0.1,2.52,Philadelphia,KPHL,2014,8,Aug,75.5,4.5,False,False,-0.1
2014-08-27,78,67,89,66,84,51,98,1963.0,1948.0,0.0,0.11,4.77,Philadelphia,KPHL,2014,8,Aug,75.0,3.0,False,False,-0.11
2014-08-28,74,66,81,66,84,49,99,1986.0,1948.0,0.0,0.09,2.33,Philadelphia,KPHL,2014,8,Aug,75.0,-1.0,False,False,-0.09
2014-08-29,71,61,81,66,84,44,98,1986.0,1991.0,0.0,0.1,1.88,Philadelphia,KPHL,2014,8,Aug,75.0,-4.0,False,False,-0.1
2014-08-30,71,60,81,66,83,47,100,1986.0,1953.0,0.0,0.1,2.32,Philadelphia,KPHL,2014,8,Aug,74.5,-3.5,False,False,-0.1
2014-08-31,83,72,93,66,83,45,101,1965.0,1953.0,1.11,0.1,3.41,Philadelphia,KPHL,2014,8,Aug,74.5,8.5,False,False,1.01
2014-09-01,82,74,89,65,83,49,97,1963.0,1953.0,0.01,0.1,1.8,Philadelphia,KPHL,2014,9,Sep,74.0,8.0,False,False,-0.09000000000000001
2014-09-02,84,74,93,65,83,47,100,1963.0,1953.0,0.18,0.12,1.89,Philadelphia,KPHL,2014,9,Sep,74.0,10.0,False,False,0.06
2014-09-03,78,71,85,65,82,51,100,1958.0,1953.0,0.0,0.12,3.37,Philadelphia,KPHL,2014,9,Sep,73.5,4.5,False,False,-0.12
2014-09-04,78,68,87,65,82,52,93,1997.0,1973.0,0.0,0.12,3.25,Philadelphia,KPHL,2014,9,Sep,73.5,4.5,False,False,-0.12
2014-09-05,81,72,89,64,82,53,92,1994.0,1961.0,0.0,0.12,2.45,Philadelphia,KPHL,2014,9,Sep,73.0,8.0,True,False,-0.12
2014-09-06,83,72,93,64,81,48,95,1962.0,1983.0,0.01,0.11,2.19,Philadelphia,KPHL,2014,9,Sep,72.5,10.5,True,False,-0.1
2014-09-07,75,66,83,64,81,47,102,1984.0,1881.0,0.0,0.12,1.22,Philadelphia,KPHL,2014,9,Sep,72.5,2.5,False,False,-0.12
2014-09-08,71,67,75,63,81,45,96,1962.0,1939.0,0.0,0.12,3.65,Philadelphia,KPHL,2014,9,Sep,72.0,-1.0,False,False,-0.12
2014-09-09,72,67,76,63,81,49,94,1956.0,1884.0,0.0,0.12,1.59,Philadelphia,KPHL,2014,9,Sep,72.0,0.0,False,False,-0.12
2014-09-10,75,67,82,63,80,45,97,1956.0,1983.0,0.0,0.11,1.59,Philadelphia,KPHL,2014,9,Sep,71.5,3.5,False,False,-0.11
2014-09-11,76,67,84,62,80,43,98,1917.0,1983.0,0.0,0.13,2.1,Philadelphia,KPHL,2014,9,Sep,71.0,5.0,False,False,-0.13
2014-09-12,71,63,78,62,80,45,95,1940.0,1931.0,0.0,0.12,4.6,Philadelphia,KPHL,2014,9,Sep,71.0,0.0,False,False,-0.12
2014-09-13,66,59,72,62,79,44,95,1958.0,1952.0,0.36,0.13,2.8,Philadelphia,KPHL,2014,9,Sep,70.5,-4.5,False,False,0.22999999999999998
2014-09-14,61,53,69,61,79,44,92,1975.0,1995.0,0.0,0.13,4.69,Philadelphia,KPHL,2014,9,Sep,70.0,-9.0,False,False,-0.13
2014-09-15,63,53,72,61,78,45,95,1895.0,1927.0,0.0,0.13,2.74,Philadelphia,KPHL,2014,9,Sep,69.5,-6.5,False,False,-0.13
2014-09-16,67,59,74,60,78,45,94,1984.0,1991.0,0.2,0.13,6.63,Philadelphia,KPHL,2014,9,Sep,69.0,-2.0,False,False,0.07
2014-09-17,66,56,75,60,78,44,94,1959.0,1991.0,0.0,0.13,3.48,Philadelphia,KPHL,2014,9,Sep,69.0,-3.0,False,False,-0.13
2014-09-18,65,56,74,60,77,42,90,1959.0,1891.0,0.0,0.14,1.91,Philadelphia,KPHL,2014,9,Sep,68.5,-3.5,False,False,-0.14
2014-09-19,65,58,72,59,77,43,92,1959.0,1983.0,0.0,0.13,1.95,Philadelphia,KPHL,2014,9,Sep,68.0,-3.0,False,False,-0.13
2014-09-20,68,56,79,59,77,45,90,1956.0,1983.0,0.0,0.13,3.04,Philadelphia,KPHL,2014,9,Sep,68.0,0.0,False,False,-0.13
2014-09-21,72,65,79,58,76,38,97,1956.0,1895.0,0.0,0.13,2.44,Philadelphia,KPHL,2014,9,Sep,67.0,5.0,False,False,-0.13
2014-09-22,65,57,73,58,76,39,97,1962.0,1895.0,0.0,0.13,4.65,Philadelphia,KPHL,2014,9,Sep,67.0,-2.0,False,False,-0.13
2014-09-23,61,50,72,58,75,40,97,1983.0,1895.0,0.0,0.12,3.72,Philadelphia,KPHL,2014,9,Sep,66.5,-5.5,False,False,-0.12
2014-09-24,64,55,73,57,75,40,95,1963.0,1970.0,0.04,0.14,2.08,Philadelphia,KPHL,2014,9,Sep,66.0,-2.0,False,False,-0.1
2014-09-25,62,59,64,57,75,35,92,1963.0,1970.0,0.89,0.13,1.66,Philadelphia,KPHL,2014,9,Sep,66.0,-4.0,False,False,0.76
2014-09-26,67,55,78,56,74,38,92,1963.0,1970.0,0.0,0.13,2.79,Philadelphia,KPHL,2014,9,Sep,65.0,2.0,False,False,-0.13
2014-09-27,72,59,84,56,74,36,91,1947.0,1998.0,0.0,0.14,1.85,Philadelphia,KPHL,2014,9,Sep,65.0,7.0,False,False,-0.14
2014-09-28,73,60,86,55,73,37,91,1957.0,1886.0,0.0,0.13,3.22,Philadelphia,KPHL,2014,9,Sep,64.0,9.0,False,False,-0.13
2014-09-29,70,64,76,55,73,37,89,1942.0,1921.0,0.0,0.14,1.87,Philadelphia,KPHL,2014,9,Sep,64.0,6.0,False,False,-0.14
2014-09-30,71,63,79,54,72,38,88,1942.0,1881.0,0.0,0.13,2.41,Philadelphia,KPHL,2014,9,Sep,63.0,8.0,False,False,-0.13
2014-10-01,68,62,73,54,72,34,89,1947.0,1927.0,0.0,0.11,3.0,Philadelphia,KPHL,2014,10,Oct,63.0,5.0,False,False,-0.11
2014-10-02,68,62,73,54,72,39,87,1966.0,2002.0,0.0,0.11,1.52,Philadelphia,KPHL,2014,10,Oct,63.0,5.0,False,False,-0.11
2014-10-03,66,59,72,53,71,33,90,1974.0,1919.0,0.06,0.12,1.11,Philadelphia,KPHL,2014,10,Oct,62.0,4.0,False,False,-0.06
2014-10-04,60,50,70,53,71,34,88,1974.0,1941.0,0.17,0.1,2.73,Philadelphia,KPHL,2014,10,Oct,62.0,-2.0,False,False,0.07
2014-10-05,52,43,61,52,70,31,96,1961.0,1941.0,0.0,0.12,1.71,Philadelphia,KPHL,2014,10,Oct,61.0,-9.0,False,False,-0.12
2014-10-06,60,47,72,52,70,32,95,1965.0,1941.0,0.0,0.11,1.48,Philadelphia,KPHL,2014,10,Oct,61.0,-1.0,False,False,-0.11
2014-10-07,67,63,71,52,70,37,93,1954.0,1941.0,0.38,0.1,1.6,Philadelphia,KPHL,2014,10,Oct,61.0,6.0,False,False,0.28
2014-10-08,66,56,75,51,69,32,89,1964.0,2007.0,0.0,0.11,5.53,Philadelphia,KPHL,2014,10,Oct,60.0,6.0,False,False,-0.11
2014-10-09,61,51,70,51,69,35,86,1978.0,1939.0,0.0,0.11,2.17,Philadelphia,KPHL,2014,10,Oct,60.0,1.0,False,False,-0.11
2014-10-10,57,53,61,50,69,33,90,1979.0,1939.0,0.0,0.11,2.1,Philadelphia,KPHL,2014,10,Oct,59.5,-2.5,False,False,-0.11
2014-10-11,54,50,57,50,68,28,86,1964.0,1949.0,0.48,0.1,2.04,Philadelphia,KPHL,2014,10,Oct,59.0,-5.0,False,False,0.38
2014-10-12,55,46,64,50,68,28,88,1964.0,1954.0,0.0,0.11,1.62,Philadelphia,KPHL,2014,10,Oct,59.0,-4.0,False,False,-0.11
2014-10-13,61,56,66,49,68,32,87,1988.0,1954.0,0.02,0.1,0.9,Philadelphia,KPHL,2014,10,Oct,58.5,2.5,False,False,-0.08
2014-10-14,72,65,79,49,67,30,88,1988.0,1975.0,0.0,0.11,1.66,Philadelphia,KPHL,2014,10,Oct,58.0,14.0,False,False,-0.11
2014-10-15,72,67,77,49,67,32,87,1876.0,1975.0,0.66,0.1,1.04,Philadelphia,KPHL,2014,10,Oct,58.0,14.0,False,False,0.56
2014-10-16,66,60,72,48,67,31,88,1876.0,1897.0,0.24,0.1,1.6,Philadelphia,KPHL,2014,10,Oct,57.5,8.5,False,False,0.13999999999999999
2014-10-17,65,57,73,48,66,34,89,1961.0,1938.0,0.0,0.1,1.87,Philadelphia,KPHL,2014,10,Oct,57.0,8.0,False,False,-0.1
2014-10-18,63,54,72,48,66,32,85,1982.0,1908.0,0.0,0.1,1.11,Philadelphia,KPHL,2014,10,Oct,57.0,6.0,False,False,-0.1
2014-10-19,51,45,56,47,66,29,80,1976.0,1947.0,0.0,0.09,3.59,Philadelphia,KPHL,2014,10,Oct,56.5,-5.5,False,False,-0.09
2014-10-20,51,39,63,47,65,27,80,1974.0,1938.0,0.0,0.1,2.72,Philadelphia,KPHL,2014,10,Oct,56.0,-5.0,False,False,-0.1
2014-10-21,61,52,70,47,65,28,86,1952.0,1947.0,0.0,0.1,2.21,Philadelphia,KPHL,2014,10,Oct,56.0,5.0,False,False,-0.1
2014-10-22,55,52,58,46,65,26,83,1940.0,1920.0,0.44,0.1,2.71,Philadelphia,KPHL,2014,10,Oct,55.5,-0.5,False,False,0.33999999999999997
2014-10-23,54,51,57,46,64,31,87,1969.0,1947.0,0.05,0.1,1.92,Philadelphia,KPHL,2014,10,Oct,55.0,-1.0,False,False,-0.05
2014-10-24,62,53,70,46,64,25,83,1969.0,2001.0,0.0,0.09,2.26,Philadelphia,KPHL,2014,10,Oct,55.0,7.0,False,False,-0.09
2014-10-25,58,46,70,45,64,25,76,1962.0,1993.0,0.0,0.1,3.82,Philadelphia,KPHL,2014,10,Oct,54.5,3.5,False,False,-0.1
2014-10-26,59,50,67,45,63,29,78,1960.0,1920.0,0.0,0.09,2.11,Philadelphia,KPHL,2014,10,Oct,54.0,5.0,False,False,-0.09
2014-10-27,57,46,67,45,63,29,80,1936.0,1963.0,0.0,0.09,1.45,Philadelphia,KPHL,2014,10,Oct,54.0,3.0,False,False,-0.09
2014-10-28,63,49,76,44,63,28,85,1976.0,1919.0,0.0,0.1,2.03,Philadelphia,KPHL,2014,10,Oct,53.5,9.5,False,False,-0.1
2014-10-29,60,50,70,44,62,30,79,1965.0,1918.0,0.03,0.1,2.68,Philadelphia,KPHL,2014,10,Oct,53.0,7.0,False,False,-0.07
2014-10-30,53,45,60,44,62,27,81,1962.0,1946.0,0.0,0.1,1.77,Philadelphia,KPHL,2014,10,Oct,53.0,0.0,False,False,-0.1
2014-10-31,47,40,54,44,62,26,82,1966.0,1946.0,0.0,0.1,1.32,Philadelphia,KPHL,2014,10,Oct,53.0,-6.0,False,False,-0.1
2014-11-01,49,45,52,43,61,30,84,1968.0,1950.0,0.92,0.1,1.81,Philadelphia,KPHL,2014,11,Nov,52.0,-3.0,False,False,0.8200000000000001
2014-11-02,46,42,49,43,61,27,81,1976.0,1950.0,0.0,0.1,1.65,Philadelphia,KPHL,2014,11,Nov,52.0,-6.0,False,False,-0.1
2014-11-03,48,36,60,43,61,28,80,1951.0,1990.0,0.0,0.1,1.58,Philadelphia,KPHL,2014,11,Nov,52.0,-4.0,False,False,-0.1
2014-11-04,60,49,71,43,60,26,81,1951.0,1974.0,0.0,0.09,1.36,Philadelphia,KPHL,2014,11,Nov,51.5,8.5,False,False,-0.09
2014-11-05,61,52,69,42,60,26,80,1879.0,1961.0,0.01,0.1,1.48,Philadelphia,KPHL,2014,11,Nov,51.0,10.0,False,False,-0.09000000000000001
2014-11-06,53,49,56,42,60,26,79,1962.0,1948.0,0.52,0.09,1.41,Philadelphia,KPHL,2014,11,Nov,51.0,2.0,False,False,0.43000000000000005
2014-11-07,46,38,53,42,59,20,76,1962.0,1938.0,0.0,0.1,3.99,Philadelphia,KPHL,2014,11,Nov,50.5,-4.5,False,False,-0.1
2014-11-08,42,34,50,41,59,25,78,1960.0,1975.0,0.0,0.09,3.07,Philadelphia,KPHL,2014,11,Nov,50.0,-8.0,False,False,-0.09
2014-11-09,50,42,57,41,59,23,78,1976.0,1975.0,0.0,0.09,1.57,Philadelphia,KPHL,2014,11,Nov,50.0,0.0,False,False,-0.09
2014-11-10,50,37,63,41,58,23,73,1961.0,1999.0,0.0,0.09,1.46,Philadelphia,KPHL,2014,11,Nov,49.5,0.5,False,False,-0.09
2014-11-11,57,43,70,41,58,21,74,1961.0,1949.0,0.0,0.09,1.03,Philadelphia,KPHL,2014,11,Nov,49.5,7.5,False,False,-0.09
2014-11-12,58,46,70,40,58,26,75,1960.0,1879.0,0.0,0.08,1.9,Philadelphia,KPHL,2014,11,Nov,49.0,9.0,False,False,-0.08
2014-11-13,41,35,47,40,57,24,74,1996.0,1902.0,0.16,0.09,1.83,Philadelphia,KPHL,2014,11,Nov,48.5,-7.5,False,False,0.07
2014-11-14,39,35,43,40,57,19,76,1986.0,1955.0,0.0,0.09,2.64,Philadelphia,KPHL,2014,11,Nov,48.5,-9.5,False,False,-0.09
2014-11-15,38,32,44,39,56,19,81,1942.0,1993.0,0.0,0.1,2.0,Philadelphia,KPHL,2014,11,Nov,47.5,-9.5,False,False,-0.1
2014-11-16,39,33,45,39,56,20,76,1933.0,2005.0,0.09,0.09,1.46,Philadelphia,KPHL,2014,11,Nov,47.5,-8.5,False,False,0.0
2014-11-17,46,40,51,39,56,21,72,1933.0,1987.0,1.05,0.1,1.58,Philadelphia,KPHL,2014,11,Nov,47.5,-1.5,False,False,0.9500000000000001
2014-11-18,34,24,44,39,55,20,75,1936.0,1921.0,0.0,0.1,1.07,Philadelphia,KPHL,2014,11,Nov,47.0,-13.0,False,False,-0.1
2014-11-19,28,20,36,38,55,20,75,1936.0,1921.0,0.0,0.11,2.13,Philadelphia,KPHL,2014,11,Nov,46.5,-18.5,False,True,-0.11
2014-11-20,41,32,50,38,54,21,76,1984.0,1985.0,0.0,0.1,2.59,Philadelphia,KPHL,2014,11,Nov,46.0,-5.0,False,False,-0.1
2014-11-21,32,27,37,38,54,19,74,1879.0,1931.0,0.0,0.1,2.3,Philadelphia,KPHL,2014,11,Nov,46.0,-14.0,False,False,-0.1
2014-11-22,35,23,46,37,54,14,73,1880.0,1883.0,0.0,0.11,1.66,Philadelphia,KPHL,2014,11,Nov,45.5,-10.5,False,False,-0.11
2014-11-23,48,38,57,37,53,10,72,1880.0,1931.0,0.0,0.1,1.8,Philadelphia,KPHL,2014,11,Nov,45.0,3.0,False,False,-0.1
2014-11-24,64,56,72,37,53,16,72,1880.0,2014.0,0.37,0.11,2.22,Philadelphia,KPHL,2014,11,Nov,45.0,19.0,True,False,0.26
2014-11-25,58,47,68,36,52,20,73,2013.0,1973.0,0.0,0.11,3.46,Philadelphia,KPHL,2014,11,Nov,44.0,14.0,False,False,-0.11
2014-11-26,42,34,50,36,52,18,70,1938.0,1999.0,0.95,0.1,1.69,Philadelphia,KPHL,2014,11,Nov,44.0,-2.0,False,False,0.85
2014-11-27,36,30,42,36,52,16,73,1932.0,1896.0,0.0,0.11,1.95,Philadelphia,KPHL,2014,11,Nov,44.0,-8.0,False,False,-0.11
2014-11-28,34,28,39,35,51,17,71,1930.0,1990.0,0.0,0.11,2.78,Philadelphia,KPHL,2014,11,Nov,43.0,-9.0,False,False,-0.11
2014-11-29,36,26,45,35,51,15,70,1955.0,1927.0,0.0,0.12,1.68,Philadelphia,KPHL,2014,11,Nov,43.0,-7.0,False,False,-0.12
2014-11-30,51,42,59,35,50,8,73,1875.0,1933.0,0.0,0.12,0.96,Philadelphia,KPHL,2014,11,Nov,42.5,8.5,False,False,-0.12
2014-12-01,54,42,65,34,50,11,72,1875.0,2001.0,0.05,0.12,1.38,Philadelphia,KPHL,2014,12,Dec,42.0,12.0,False,False,-0.06999999999999999
2014-12-02,41,36,45,34,49,11,66,1875.0,1970.0,0.2,0.13,1.48,Philadelphia,KPHL,2014,12,Dec,41.5,-0.5,False,False,0.07
2014-12-03,44,40,48,34,49,9,68,1976.0,1950.0,0.11,0.12,1.6,Philadelphia,KPHL,2014,12,Dec,41.5,2.5,False,False,-0.009999999999999995
2014-12-04,39,32,45,34,49,12,73,1966.0,1998.0,0.0,0.13,1.69,Philadelphia,KPHL,2014,12,Dec,41.5,-2.5,False,False,-0.13
2014-12-05,41,36,46,33,48,13,71,1886.0,2001.0,0.07,0.12,1.52,Philadelphia,KPHL,2014,12,Dec,40.5,0.5,False,False,-0.04999999999999999
2014-12-06,46,42,50,33,48,15,72,1901.0,2001.0,1.02,0.13,1.16,Philadelphia,KPHL,2014,12,Dec,40.5,5.5,False,False,0.89
2014-12-07,40,32,48,33,48,15,73,1926.0,1998.0,0.0,0.12,3.71,Philadelphia,KPHL,2014,12,Dec,40.5,-0.5,False,False,-0.12
2014-12-08,32,27,37,32,47,14,67,1882.0,1980.0,0.0,0.12,1.22,Philadelphia,KPHL,2014,12,Dec,39.5,-7.5,False,False,-0.12
2014-12-09,41,37,45,32,47,6,70,1876.0,1966.0,0.66,0.13,2.13,Philadelphia,KPHL,2014,12,Dec,39.5,1.5,False,False,0.53
2014-12-10,40,36,43,32,46,4,71,1876.0,1966.0,0.0,0.13,1.45,Philadelphia,KPHL,2014,12,Dec,39.0,1.0,False,False,-0.13
2014-12-11,36,33,38,31,46,8,65,1880.0,1971.0,0.04,0.12,2.72,Philadelphia,KPHL,2014,12,Dec,38.5,-2.5,False,False,-0.07999999999999999
2014-12-12,38,34,42,31,46,8,65,1988.0,1931.0,0.0,0.13,1.45,Philadelphia,KPHL,2014,12,Dec,38.5,-0.5,False,False,-0.13
2014-12-13,39,35,42,31,45,8,65,1960.0,1923.0,0.0,0.12,2.9,Philadelphia,KPHL,2014,12,Dec,38.0,1.0,False,False,-0.12
2014-12-14,42,37,47,30,45,10,69,1960.0,1881.0,0.0,0.12,2.02,Philadelphia,KPHL,2014,12,Dec,37.5,4.5,False,False,-0.12
2014-12-15,42,36,48,30,45,7,66,1960.0,1971.0,0.0,0.11,1.13,Philadelphia,KPHL,2014,12,Dec,37.5,4.5,False,False,-0.11
2014-12-16,43,32,53,30,44,9,68,1876.0,1971.0,0.12,0.12,1.54,Philadelphia,KPHL,2014,12,Dec,37.0,6.0,False,False,0.0
2014-12-17,46,39,53,30,44,7,65,1919.0,2000.0,0.0,0.11,2.23,Philadelphia,KPHL,2014,12,Dec,37.0,9.0,False,False,-0.11
2014-12-18,38,34,41,29,44,4,70,1919.0,2006.0,0.0,0.11,1.72,Philadelphia,KPHL,2014,12,Dec,36.5,1.5,False,False,-0.11
2014-12-19,38,33,42,29,44,4,65,1884.0,1929.0,0.0,0.11,1.7,Philadelphia,KPHL,2014,12,Dec,36.5,1.5,False,False,-0.11
2014-12-20,34,33,35,29,43,1,64,1942.0,1957.0,0.0,0.11,1.32,Philadelphia,KPHL,2014,12,Dec,36.0,-2.0,False,False,-0.11
2014-12-21,35,29,40,29,43,1,67,1942.0,2013.0,0.0,0.11,1.4,Philadelphia,KPHL,2014,12,Dec,36.0,-1.0,False,False,-0.11
2014-12-22,36,27,45,28,43,6,68,1989.0,2013.0,0.02,0.11,1.77,Philadelphia,KPHL,2014,12,Dec,35.5,0.5,False,False,-0.09
2014-12-23,48,44,52,28,43,7,66,1989.0,1990.0,0.11,0.12,1.62,Philadelphia,KPHL,2014,12,Dec,35.5,12.5,False,False,-0.009999999999999995
2014-12-24,56,47,64,28,42,3,64,1983.0,1990.0,0.82,0.11,1.74,Philadelphia,KPHL,2014,12,Dec,35.0,21.0,True,False,0.71
2014-12-25,52,39,65,28,42,1,68,1980.0,1964.0,0.03,0.11,1.11,Philadelphia,KPHL,2014,12,Dec,35.0,17.0,True,False,-0.08
2014-12-26,42,34,50,28,42,3,68,1983.0,1964.0,0.0,0.11,1.9,Philadelphia,KPHL,2014,12,Dec,35.0,7.0,False,False,-0.11
2014-12-27,45,32,57,27,42,8,64,1989.0,1949.0,0.0,0.1,1.55,Philadelphia,KPHL,2014,12,Dec,34.5,10.5,False,False,-0.1
2014-12-28,48,39,56,27,42,9,66,1950.0,2008.0,0.02,0.1,1.45,Philadelphia,KPHL,2014,12,Dec,34.5,13.5,False,False,-0.08
2014-12-29,43,37,48,27,41,-1,72,1917.0,1984.0,0.0,0.1,2.8,Philadelphia,KPHL,2014,12,Dec,34.0,9.0,False,False,-0.1
2014-12-30,33,28,38,27,41,-5,65,1880.0,1990.0,0.0,0.09,2.3,Philadelphia,KPHL,2014,12,Dec,34.0,-1.0,False,False,-0.09
2014-12-31,29,25,33,27,41,0,66,1880.0,1884.0,0.0,0.09,1.09,Philadelphia,KPHL,2014,12,Dec,34.0,-5.0,False,False,-0.09
2015-01-01,35,28,42,27,41,4,64,1881.0,2005.0,0.0,0.09,1.6,Philadelphia,KPHL,2015,1,Jan,34.0,1.0,False,False,-0.09
2015-01-02,37,29,44,26,41,7,67,1968.0,1876.0,0.0,0.1,1.68,Philadelphia,KPHL,2015,1,Jan,33.5,3.5,False,False,-0.1
2015-01-03,36,28,44,26,41,-3,63,1879.0,2000.0,0.72,0.09,1.5,Philadelphia,KPHL,2015,1,Jan,33.5,2.5,False,False,0.63
2015-01-04,50,42,58,26,41,2,68,1918.0,1950.0,0.37,0.1,1.51,Philadelphia,KPHL,2015,1,Jan,33.5,16.5,False,False,0.27
2015-01-05,37,24,50,26,40,-2,66,1904.0,1997.0,0.0,0.1,2.24,Philadelphia,KPHL,2015,1,Jan,33.0,4.0,False,False,-0.1
2015-01-06,20,16,24,26,40,4,73,1896.0,2007.0,0.12,0.09,2.0,Philadelphia,KPHL,2015,1,Jan,33.0,-13.0,False,False,0.03
2015-01-07,19,13,24,26,40,4,65,2014.0,1950.0,0.0,0.1,2.49,Philadelphia,KPHL,2015,1,Jan,33.0,-14.0,False,False,-0.1
2015-01-08,15,9,21,26,40,2,69,1970.0,1998.0,0.0,0.09,1.2,Philadelphia,KPHL,2015,1,Jan,33.0,-18.0,False,False,-0.09
2015-01-09,29,21,36,26,40,1,69,1970.0,1930.0,0.01,0.1,1.54,Philadelphia,KPHL,2015,1,Jan,33.0,-4.0,False,False,-0.09000000000000001
2015-01-10,21,16,25,26,40,-5,63,1875.0,1950.0,0.0,0.1,1.28,Philadelphia,KPHL,2015,1,Jan,33.0,-12.0,False,False,-0.1
2015-01-11,28,15,40,26,40,1,66,1982.0,1975.0,0.0,0.1,1.29,Philadelphia,KPHL,2015,1,Jan,33.0,-5.0,False,False,-0.1
2015-01-12,36,33,38,25,40,1,72,1981.0,1890.0,0.59,0.1,2.19,Philadelphia,KPHL,2015,1,Jan,32.5,3.5,False,False,0.49
2015-01-13,30,21,38,25,40,0,70,1981.0,1932.0,0.0,0.1,1.46,Philadelphia,KPHL,2015,1,Jan,32.5,-2.5,False,False,-0.1
2015-01-14,26,20,32,25,40,0,73,1914.0,1932.0,0.0,0.1,2.27,Philadelphia,KPHL,2015,1,Jan,32.5,-6.5,False,False,-0.1
2015-01-15,33,29,36,25,40,2,71,1964.0,1932.0,0.0,0.1,1.23,Philadelphia,KPHL,2015,1,Jan,32.5,0.5,False,False,-0.1
2015-01-16,34,25,43,25,40,0,62,1977.0,2007.0,0.0,0.1,1.09,Philadelphia,KPHL,2015,1,Jan,32.5,1.5,False,False,-0.1
2015-01-17,26,18,33,25,40,-7,63,1982.0,1913.0,0.0,0.1,1.66,Philadelphia,KPHL,2015,1,Jan,32.5,-6.5,False,False,-0.1
2015-01-18,34,24,43,25,40,-4,64,1982.0,1990.0,1.84,0.1,1.84,Philadelphia,KPHL,2015,1,Jan,32.5,1.5,False,False,1.74
2015-01-19,38,30,45,25,40,-5,65,1994.0,1951.0,0.0,0.09,1.4,Philadelphia,KPHL,2015,1,Jan,32.5,5.5,False,False,-0.09
2015-01-20,38,29,46,25,40,-3,65,1984.0,1951.0,0.0,0.1,1.89,Philadelphia,KPHL,2015,1,Jan,32.5,5.5,False,False,-0.1
2015-01-21,31,27,34,25,40,-6,62,1985.0,1959.0,0.06,0.1,1.32,Philadelphia,KPHL,2015,1,Jan,32.5,-1.5,False,False,-0.04000000000000001
2015-01-22,36,30,41,25,40,-7,70,1984.0,1906.0,0.03,0.09,1.03,Philadelphia,KPHL,2015,1,Jan,32.5,3.5,False,False,-0.06
2015-01-23,34,25,42,25,40,-2,71,1936.0,1906.0,0.16,0.1,2.32,Philadelphia,KPHL,2015,1,Jan,32.5,1.5,False,False,0.06
2015-01-24,36,33,39,25,40,0,69,1882.0,1950.0,0.55,0.1,1.61,Philadelphia,KPHL,2015,1,Jan,32.5,3.5,False,False,0.45000000000000007
2015-01-25,40,33,46,25,40,-2,66,1963.0,1967.0,0.0,0.1,1.83,Philadelphia,KPHL,2015,1,Jan,32.5,7.5,False,False,-0.1
2015-01-26,31,27,34,26,40,4,74,1961.0,1950.0,0.0,0.09,1.57,Philadelphia,KPHL,2015,1,Jan,33.0,-2.0,False,False,-0.09
2015-01-27,28,21,34,26,41,4,69,1927.0,1916.0,0.07,0.1,1.64,Philadelphia,KPHL,2015,1,Jan,33.5,-5.5,False,False,-0.03
2015-01-28,28,20,35,26,41,3,67,1961.0,1916.0,0.0,0.09,1.63,Philadelphia,KPHL,2015,1,Jan,33.5,-5.5,False,False,-0.09
2015-01-29,28,21,34,26,41,-5,72,1963.0,2002.0,0.0,0.11,1.23,Philadelphia,KPHL,2015,1,Jan,33.5,-5.5,False,False,-0.11
2015-01-30,31,20,42,26,41,8,70,1948.0,1947.0,0.0,0.1,1.79,Philadelphia,KPHL,2015,1,Jan,33.5,-2.5,False,False,-0.1
2015-01-31,22,14,29,26,41,3,65,1948.0,1947.0,0.0,0.1,1.3,Philadelphia,KPHL,2015,1,Jan,33.5,-11.5,False,False,-0.1
2015-02-01,30,21,39,26,41,2,70,1920.0,2002.0,0.06,0.1,2.92,Philadelphia,KPHL,2015,2,Feb,33.5,-3.5,False,False,-0.04000000000000001
2015-02-02,32,23,41,26,41,-4,61,1961.0,1988.0,0.93,0.1,1.49,Philadelphia,KPHL,2015,2,Feb,33.5,-1.5,False,False,0.8300000000000001
2015-02-03,25,20,30,26,41,4,62,1881.0,1991.0,0.0,0.09,1.64,Philadelphia,KPHL,2015,2,Feb,33.5,-8.5,False,False,-0.09
2015-02-04,35,23,47,26,42,2,69,1886.0,1991.0,0.0,0.1,1.34,Philadelphia,KPHL,2015,2,Feb,34.0,1.0,False,False,-0.1
2015-02-05,29,17,41,26,42,-2,69,1918.0,1991.0,0.0,0.1,1.62,Philadelphia,KPHL,2015,2,Feb,34.0,-5.0,False,False,-0.1
2015-02-06,23,14,32,26,42,-3,68,1895.0,2008.0,0.0,0.1,3.86,Philadelphia,KPHL,2015,2,Feb,34.0,-11.0,False,False,-0.1
2015-02-07,33,21,44,27,42,5,67,1910.0,2008.0,0.0,0.09,1.35,Philadelphia,KPHL,2015,2,Feb,34.5,-1.5,False,False,-0.09
2015-02-08,42,33,51,27,42,-2,63,1934.0,1925.0,0.0,0.09,1.15,Philadelphia,KPHL,2015,2,Feb,34.5,7.5,False,False,-0.09
2015-02-09,33,28,37,27,42,-11,64,1934.0,1990.0,0.03,0.1,1.17,Philadelphia,KPHL,2015,2,Feb,34.5,-1.5,False,False,-0.07
2015-02-10,35,28,42,27,43,-6,65,1899.0,1925.0,0.0,0.09,1.1,Philadelphia,KPHL,2015,2,Feb,35.0,0.0,False,False,-0.09
2015-02-11,33,26,39,27,43,-6,69,1899.0,2009.0,0.0,0.09,1.85,Philadelphia,KPHL,2015,2,Feb,35.0,-2.0,False,False,-0.09
2015-02-12,31,20,41,27,43,2,70,1979.0,1999.0,0.0,0.09,1.35,Philadelphia,KPHL,2015,2,Feb,35.0,-4.0,False,False,-0.09
2015-02-13,17,10,24,27,43,3,66,1983.0,1951.0,0.0,0.09,2.04,Philadelphia,KPHL,2015,2,Feb,35.0,-18.0,False,False,-0.09
2015-02-14,25,18,32,28,44,2,67,1979.0,1990.0,0.04,0.09,1.26,Philadelphia,KPHL,2015,2,Feb,36.0,-11.0,False,False,-0.049999999999999996
2015-02-15,15,9,21,28,44,3,74,1943.0,1949.0,0.0,0.1,1.09,Philadelphia,KPHL,2015,2,Feb,36.0,-21.0,False,False,-0.1
2015-02-16,10,3,17,28,44,2,73,1888.0,1954.0,0.02,0.09,1.84,Philadelphia,KPHL,2015,2,Feb,36.0,-26.0,False,True,-0.06999999999999999
2015-02-17,21,13,28,28,44,-2,68,1896.0,1976.0,0.24,0.09,1.1,Philadelphia,KPHL,2015,2,Feb,36.0,-15.0,False,False,0.15
2015-02-18,22,11,32,28,44,0,69,1979.0,1991.0,0.0,0.1,1.35,Philadelphia,KPHL,2015,2,Feb,36.0,-14.0,False,False,-0.1
2015-02-19,16,8,23,28,45,3,68,1903.0,1948.0,0.0,0.09,1.65,Philadelphia,KPHL,2015,2,Feb,36.5,-20.5,False,False,-0.09
2015-02-20,10,2,18,29,45,1,70,1979.0,1939.0,0.0,0.09,2.4,Philadelphia,KPHL,2015,2,Feb,37.0,-27.0,False,True,-0.09
2015-02-21,22,9,34,29,45,6,72,1968.0,1930.0,0.76,0.09,1.44,Philadelphia,KPHL,2015,2,Feb,37.0,-15.0,False,True,0.67
2015-02-22,40,33,47,29,46,7,68,1963.0,1974.0,0.28,0.1,1.88,Philadelphia,KPHL,2015,2,Feb,37.5,2.5,False,False,0.18000000000000002
2015-02-23,25,13,37,29,46,6,75,1963.0,1874.0,0.0,0.1,1.65,Philadelphia,KPHL,2015,2,Feb,37.5,-12.5,False,False,-0.1
2015-02-24,16,7,25,29,46,2,74,1889.0,1985.0,0.0,0.09,1.84,Philadelphia,KPHL,2015,2,Feb,37.5,-21.5,False,False,-0.09
2015-02-25,27,15,38,30,46,4,79,1894.0,1930.0,0.0,0.1,0.9,Philadelphia,KPHL,2015,2,Feb,38.0,-11.0,False,False,-0.1
2015-02-26,29,26,32,30,47,10,69,1970.0,1890.0,0.0,0.1,2.16,Philadelphia,KPHL,2015,2,Feb,38.5,-9.5,False,False,-0.1
2015-02-27,27,22,31,30,47,6,74,1900.0,1997.0,0.0,0.09,1.55,Philadelphia,KPHL,2015,2,Feb,38.5,-11.5,False,False,-0.09
2015-02-28,24,16,32,30,47,9,68,1934.0,1976.0,0.0,0.1,1.4,Philadelphia,KPHL,2015,2,Feb,38.5,-14.5,False,False,-0.1
2015-03-01,27,21,32,30,48,9,76,1980.0,1972.0,0.52,0.1,1.46,Philadelphia,KPHL,2015,3,Mar,39.0,-12.0,False,False,0.42000000000000004
2015-03-02,35,29,40,31,48,8,77,1886.0,1972.0,0.0,0.11,1.22,Philadelphia,KPHL,2015,3,Mar,39.5,-4.5,False,False,-0.11
2015-03-03,30,25,34,31,48,10,73,1886.0,1991.0,0.61,0.1,2.2,Philadelphia,KPHL,2015,3,Mar,39.5,-9.5,False,False,0.51
2015-03-04,38,33,43,31,49,7,74,1943.0,1974.0,0.49,0.11,1.61,Philadelphia,KPHL,2015,3,Mar,40.0,-2.0,False,False,0.38
2015-03-05,30,20,40,31,49,5,79,1872.0,1976.0,0.78,0.1,1.4,Philadelphia,KPHL,2015,3,Mar,40.0,-10.0,False,False,0.68
2015-03-06,19,11,26,32,49,10,71,1978.0,1935.0,0.0,0.11,2.06,Philadelphia,KPHL,2015,3,Mar,40.5,-21.5,False,True,-0.11
2015-03-07,26,11,41,32,50,9,74,1960.0,1974.0,0.0,0.12,1.71,Philadelphia,KPHL,2015,3,Mar,41.0,-15.0,False,True,-0.12
2015-03-08,38,26,50,32,50,12,80,1986.0,2000.0,0.0,0.12,1.51,Philadelphia,KPHL,2015,3,Mar,41.0,-3.0,False,False,-0.12
2015-03-09,45,32,57,32,50,12,73,1960.0,2000.0,0.0,0.11,0.94,Philadelphia,KPHL,2015,3,Mar,41.0,4.0,False,False,-0.11
2015-03-10,46,32,59,33,51,7,76,1984.0,2006.0,0.71,0.12,1.43,Philadelphia,KPHL,2015,3,Mar,42.0,4.0,False,False,0.59
2015-03-11,53,44,61,33,51,12,72,1960.0,1977.0,0.0,0.11,1.69,Philadelphia,KPHL,2015,3,Mar,42.0,11.0,False,False,-0.11
2015-03-12,45,37,52,33,51,12,83,1900.0,1990.0,0.0,0.11,2.64,Philadelphia,KPHL,2015,3,Mar,42.0,3.0,False,False,-0.11
2015-03-13,40,30,49,33,52,8,84,1888.0,1990.0,0.08,0.12,2.57,Philadelphia,KPHL,2015,3,Mar,42.5,-2.5,False,False,-0.039999999999999994
2015-03-14,45,38,51,34,52,12,85,1888.0,1990.0,0.95,0.12,1.56,Philadelphia,KPHL,2015,3,Mar,43.0,2.0,False,False,0.83
2015-03-15,44,40,48,34,52,11,81,1993.0,1990.0,0.0,0.13,2.79,Philadelphia,KPHL,2015,3,Mar,43.0,1.0,False,False,-0.13
2015-03-16,44,33,55,34,53,16,82,1916.0,1945.0,0.0,0.13,1.72,Philadelphia,KPHL,2015,3,Mar,43.5,0.5,False,False,-0.13
2015-03-17,53,37,68,35,53,10,86,1885.0,1945.0,0.0,0.13,1.04,Philadelphia,KPHL,2015,3,Mar,44.0,9.0,False,False,-0.13
2015-03-18,39,32,45,35,53,10,78,1916.0,1989.0,0.0,0.13,1.13,Philadelphia,KPHL,2015,3,Mar,44.0,-5.0,False,False,-0.13
2015-03-19,37,28,46,35,54,9,78,1876.0,1918.0,0.0,0.13,2.27,Philadelphia,KPHL,2015,3,Mar,44.5,-7.5,False,False,-0.13
2015-03-20,35,32,37,35,54,8,83,1885.0,1945.0,0.7,0.13,1.76,Philadelphia,KPHL,2015,3,Mar,44.5,-9.5,False,False,0.57
2015-03-21,42,31,53,36,54,6,85,1885.0,1948.0,0.0,0.14,2.24,Philadelphia,KPHL,2015,3,Mar,45.0,-3.0,False,False,-0.14
2015-03-22,41,34,48,36,55,11,80,1885.0,1948.0,0.0,0.13,1.9,Philadelphia,KPHL,2015,3,Mar,45.5,-4.5,False,False,-0.13
2015-03-23,35,27,43,36,55,14,80,1958.0,2012.0,0.0,0.12,1.36,Philadelphia,KPHL,2015,3,Mar,45.5,-10.5,False,False,-0.12
2015-03-24,36,31,40,37,56,15,76,1896.0,1988.0,0.0,0.14,1.24,Philadelphia,KPHL,2015,3,Mar,46.5,-10.5,False,False,-0.14
2015-03-25,38,28,47,37,56,16,82,1878.0,1910.0,0.05,0.13,2.72,Philadelphia,KPHL,2015,3,Mar,46.5,-8.5,False,False,-0.08
2015-03-26,53,39,67,37,56,21,80,1960.0,1921.0,0.34,0.13,1.62,Philadelphia,KPHL,2015,3,Mar,46.5,6.5,False,False,0.21000000000000002
2015-03-27,44,39,48,38,57,21,83,1894.0,1921.0,0.2,0.14,1.78,Philadelphia,KPHL,2015,3,Mar,47.5,-3.5,False,False,0.06
2015-03-28,34,27,41,38,57,18,83,1923.0,1945.0,0.0,0.13,1.98,Philadelphia,KPHL,2015,3,Mar,47.5,-13.5,False,False,-0.13
2015-03-29,36,26,46,38,57,14,87,1923.0,1945.0,0.0,0.13,1.72,Philadelphia,KPHL,2015,3,Mar,47.5,-11.5,False,False,-0.13
2015-03-30,46,34,57,39,58,18,86,1887.0,1998.0,0.03,0.13,1.59,Philadelphia,KPHL,2015,3,Mar,48.5,-2.5,False,False,-0.1
2015-03-31,48,37,59,39,58,21,81,1923.0,1998.0,0.06,0.13,1.57,Philadelphia,KPHL,2015,3,Mar,48.5,-0.5,False,False,-0.07
2015-04-01,45,34,56,39,59,14,81,1923.0,1978.0,0.0,0.13,1.48,Philadelphia,KPHL,2015,4,Apr,49.0,-4.0,False,False,-0.13
2015-04-02,52,37,67,40,59,25,84,1964.0,1967.0,0.0,0.14,2.76,Philadelphia,KPHL,2015,4,Apr,49.5,2.5,False,False,-0.14
2015-04-03,60,57,63,40,59,27,87,1894.0,1963.0,0.12,0.13,2.28,Philadelphia,KPHL,2015,4,Apr,49.5,10.5,False,False,-0.010000000000000009
2015-04-04,53,42,63,40,60,25,80,1943.0,1892.0,0.0,0.13,1.26,Philadelphia,KPHL,2015,4,Apr,50.0,3.0,False,False,-0.13
2015-04-05,53,42,64,41,60,22,81,1981.0,1942.0,0.0,0.13,1.23,Philadelphia,KPHL,2015,4,Apr,50.5,2.5,False,False,-0.13
2015-04-06,57,39,75,41,60,24,87,1982.0,1942.0,0.0,0.12,1.76,Philadelphia,KPHL,2015,4,Apr,50.5,6.5,False,False,-0.12
2015-04-07,57,44,69,41,61,19,90,1982.0,1929.0,0.24,0.12,1.16,Philadelphia,KPHL,2015,4,Apr,51.0,6.0,False,False,0.12
2015-04-08,42,39,44,42,61,23,90,1982.0,1929.0,0.03,0.12,2.67,Philadelphia,KPHL,2015,4,Apr,51.5,-9.5,False,False,-0.09
2015-04-09,41,39,43,42,62,26,84,1977.0,1959.0,0.02,0.12,2.07,Philadelphia,KPHL,2015,4,Apr,52.0,-11.0,False,False,-0.09999999999999999
2015-04-10,49,41,57,42,62,22,89,1985.0,2013.0,0.07,0.13,1.78,Philadelphia,KPHL,2015,4,Apr,52.0,-3.0,False,False,-0.06
2015-04-11,55,47,63,43,62,28,84,1966.0,1887.0,0.0,0.12,1.03,Philadelphia,KPHL,2015,4,Apr,52.5,2.5,False,False,-0.12
2015-04-12,53,38,67,43,63,18,92,1874.0,1977.0,0.0,0.12,1.83,Philadelphia,KPHL,2015,4,Apr,53.0,0.0,False,False,-0.12
2015-04-13,60,44,75,43,63,26,89,1940.0,1977.0,0.0,0.12,1.88,Philadelphia,KPHL,2015,4,Apr,53.0,7.0,False,False,-0.12
2015-04-14,58,52,63,44,63,24,91,1950.0,1941.0,0.12,0.12,2.28,Philadelphia,KPHL,2015,4,Apr,53.5,4.5,False,False,0.0
2015-04-15,59,48,70,44,64,27,88,1943.0,1941.0,0.0,0.12,4.19,Philadelphia,KPHL,2015,4,Apr,54.0,5.0,False,False,-0.12
2015-04-16,61,50,71,44,64,27,90,1943.0,2002.0,0.0,0.11,3.11,Philadelphia,KPHL,2015,4,Apr,54.0,7.0,False,False,-0.11
2015-04-17,65,55,74,45,65,27,95,1962.0,2002.0,0.15,0.12,1.16,Philadelphia,KPHL,2015,4,Apr,55.0,10.0,False,False,0.03
2015-04-18,68,54,81,45,65,25,94,1875.0,1976.0,0.0,0.11,2.16,Philadelphia,KPHL,2015,4,Apr,55.0,13.0,False,False,-0.11
2015-04-19,58,49,67,45,65,20,91,1875.0,1896.0,0.0,0.11,1.44,Philadelphia,KPHL,2015,4,Apr,55.0,3.0,False,False,-0.11
2015-04-20,63,50,76,46,66,27,92,1897.0,1941.0,2.01,0.12,2.01,Philadelphia,KPHL,2015,4,Apr,56.0,7.0,False,False,1.8899999999999997
2015-04-21,59,51,66,46,66,27,89,1875.0,1976.0,0.82,0.11,2.11,Philadelphia,KPHL,2015,4,Apr,56.0,3.0,False,False,0.71
2015-04-22,60,47,73,46,66,30,90,1875.0,1985.0,0.0,0.11,1.87,Philadelphia,KPHL,2015,4,Apr,56.0,4.0,False,False,-0.11
2015-04-23,48,43,52,47,67,33,91,1982.0,1960.0,0.0,0.12,1.55,Philadelphia,KPHL,2015,4,Apr,57.0,-9.0,False,False,-0.12
2015-04-24,48,39,57,47,67,33,86,1930.0,1960.0,0.0,0.11,1.8,Philadelphia,KPHL,2015,4,Apr,57.0,-9.0,False,False,-0.11
2015-04-25,48,37,58,47,67,33,92,1956.0,1960.0,0.0,0.11,2.11,Philadelphia,KPHL,2015,4,Apr,57.0,-9.0,False,False,-0.11
2015-04-26,55,45,64,48,68,35,93,1967.0,2009.0,0.0,0.11,2.42,Philadelphia,KPHL,2015,4,Apr,58.0,-3.0,False,False,-0.11
2015-04-27,54,48,60,48,68,36,93,1967.0,1915.0,0.0,0.12,1.59,Philadelphia,KPHL,2015,4,Apr,58.0,-4.0,False,False,-0.12
2015-04-28,61,51,71,48,68,34,90,1946.0,1990.0,0.0,0.11,2.19,Philadelphia,KPHL,2015,4,Apr,58.0,3.0,False,False,-0.11
2015-04-29,64,51,77,49,69,29,90,1874.0,1974.0,0.0,0.12,0.85,Philadelphia,KPHL,2015,4,Apr,59.0,5.0,False,False,-0.12
2015-04-30,61,50,72,49,69,34,91,1874.0,1888.0,0.0,0.1,4.42,Philadelphia,KPHL,2015,4,Apr,59.0,2.0,False,False,-0.1
2015-05-01,57,49,64,49,69,34,90,1978.0,1942.0,0.0,0.1,1.77,Philadelphia,KPHL,2015,5,May,59.0,-2.0,False,False,-0.1
2015-05-02,61,47,74,50,70,35,89,1960.0,2010.0,0.0,0.11,2.49,Philadelphia,KPHL,2015,5,May,60.0,1.0,False,False,-0.11
2015-05-03,65,49,81,50,70,35,90,1966.0,2001.0,0.0,0.11,1.36,Philadelphia,KPHL,2015,5,May,60.0,5.0,False,False,-0.11
2015-05-04,70,54,85,50,70,35,91,1957.0,2001.0,0.0,0.11,1.88,Philadelphia,KPHL,2015,5,May,60.0,10.0,False,False,-0.11
2015-05-05,74,62,85,51,71,33,90,1966.0,1928.0,0.0,0.11,1.8,Philadelphia,KPHL,2015,5,May,61.0,13.0,False,False,-0.11
2015-05-06,67,57,77,51,71,36,90,1891.0,1986.0,0.0,0.12,2.0,Philadelphia,KPHL,2015,5,May,61.0,6.0,False,False,-0.12
2015-05-07,69,57,81,51,71,35,94,1970.0,1930.0,0.0,0.11,2.69,Philadelphia,KPHL,2015,5,May,61.0,8.0,False,False,-0.11
2015-05-08,69,55,83,51,71,37,93,1947.0,1936.0,0.0,0.12,1.42,Philadelphia,KPHL,2015,5,May,61.0,8.0,False,False,-0.12
2015-05-09,70,60,80,52,72,33,93,1947.0,1936.0,0.03,0.11,1.57,Philadelphia,KPHL,2015,5,May,62.0,8.0,False,False,-0.08
2015-05-10,76,67,84,52,72,33,93,1966.0,1896.0,0.0,0.12,1.35,Philadelphia,KPHL,2015,5,May,62.0,14.0,False,False,-0.12
2015-05-11,77,69,84,52,72,28,93,1966.0,1896.0,0.0,0.12,1.82,Philadelphia,KPHL,2015,5,May,62.0,15.0,False,False,-0.12
2015-05-12,77,66,88,53,73,37,91,1962.0,1881.0,0.0,0.11,1.58,Philadelphia,KPHL,2015,5,May,63.0,14.0,True,False,-0.11
2015-05-13,63,54,72,53,73,37,92,1967.0,1881.0,0.0,0.12,1.4,Philadelphia,KPHL,2015,5,May,63.0,0.0,False,False,-0.12
2015-05-14,61,50,72,53,73,40,92,1996.0,1956.0,0.0,0.12,1.48,Philadelphia,KPHL,2015,5,May,63.0,-2.0,False,False,-0.12
2015-05-15,65,54,76,54,74,39,93,1966.0,1900.0,0.0,0.12,1.4,Philadelphia,KPHL,2015,5,May,64.0,1.0,False,False,-0.12
2015-05-16,73,59,86,54,74,40,90,1959.0,1951.0,0.33,0.13,2.03,Philadelphia,KPHL,2015,5,May,64.0,9.0,False,False,0.2
2015-05-17,76,68,84,54,74,37,92,1956.0,1974.0,0.01,0.12,1.33,Philadelphia,KPHL,2015,5,May,64.0,12.0,False,False,-0.11
2015-05-18,74,61,87,55,74,41,94,1973.0,1962.0,0.03,0.12,1.47,Philadelphia,KPHL,2015,5,May,64.5,9.5,False,False,-0.09
2015-05-19,72,61,83,55,75,41,96,1882.0,1962.0,0.01,0.12,2.36,Philadelphia,KPHL,2015,5,May,65.0,7.0,False,False,-0.11
2015-05-20,67,58,75,55,75,43,94,2002.0,1962.0,0.0,0.13,1.64,Philadelphia,KPHL,2015,5,May,65.0,2.0,False,False,-0.13
2015-05-21,55,51,58,56,75,41,95,2002.0,1934.0,0.18,0.13,2.94,Philadelphia,KPHL,2015,5,May,65.5,-10.5,False,False,0.04999999999999999
2015-05-22,65,53,77,56,76,43,96,1895.0,1941.0,0.0,0.13,1.67,Philadelphia,KPHL,2015,5,May,66.0,-1.0,False,False,-0.13
2015-05-23,61,51,71,56,76,41,96,1961.0,1925.0,0.0,0.13,1.77,Philadelphia,KPHL,2015,5,May,66.0,-5.0,False,False,-0.13
2015-05-24,67,52,82,57,76,40,90,1963.0,1964.0,0.0,0.12,2.49,Philadelphia,KPHL,2015,5,May,66.5,0.5,False,False,-0.12
2015-05-25,75,63,87,57,77,40,96,1963.0,1991.0,0.0,0.12,1.77,Philadelphia,KPHL,2015,5,May,67.0,8.0,False,False,-0.12
2015-05-26,77,65,89,57,77,43,96,1961.0,1880.0,0.0,0.13,1.7,Philadelphia,KPHL,2015,5,May,67.0,10.0,False,False,-0.13
2015-05-27,80,71,89,58,77,42,95,1961.0,1991.0,0.6,0.12,3.16,Philadelphia,KPHL,2015,5,May,67.5,12.5,False,False,0.48
2015-05-28,80,70,89,58,77,41,94,1961.0,1941.0,0.0,0.12,2.28,Philadelphia,KPHL,2015,5,May,67.5,12.5,False,False,-0.12
2015-05-29,77,66,87,58,78,42,95,1884.0,1991.0,0.0,0.12,2.25,Philadelphia,KPHL,2015,5,May,68.0,9.0,False,False,-0.12
2015-05-30,78,68,87,59,78,41,97,1961.0,1991.0,0.0,0.13,1.74,Philadelphia,KPHL,2015,5,May,68.5,9.5,False,False,-0.13
2015-05-31,81,70,92,59,78,42,97,1965.0,1991.0,0.0,0.13,1.65,Philadelphia,KPHL,2015,5,May,68.5,12.5,False,False,-0.13
2015-06-01,67,58,76,59,79,44,97,1967.0,1895.0,1.96,0.12,1.96,Philadelphia,KPHL,2015,6,Jun,69.0,-2.0,False,False,1.8399999999999999
2015-06-02,56,53,58,60,79,46,98,1907.0,1925.0,0.3,0.12,2.96,Philadelphia,KPHL,2015,6,Jun,69.5,-13.5,False,False,0.18
2015-06-03,63,55,70,60,79,48,97,1986.0,1919.0,0.01,0.12,1.6,Philadelphia,KPHL,2015,6,Jun,69.5,-6.5,False,False,-0.11
2015-06-04,64,57,70,60,80,47,98,1977.0,1925.0,0.0,0.12,1.96,Philadelphia,KPHL,2015,6,Jun,70.0,-6.0,False,False,-0.12
2015-06-05,66,56,76,61,80,48,100,1990.0,1925.0,0.13,0.13,2.31,Philadelphia,KPHL,2015,6,Jun,70.5,-4.5,False,False,0.0
2015-06-06,73,64,81,61,80,45,100,1945.0,1925.0,0.05,0.12,1.95,Philadelphia,KPHL,2015,6,Jun,70.5,2.5,False,False,-0.06999999999999999
2015-06-07,68,58,77,61,80,47,98,1958.0,1925.0,0.0,0.13,3.5,Philadelphia,KPHL,2015,6,Jun,70.5,-2.5,False,False,-0.13
2015-06-08,75,64,86,62,81,44,97,1977.0,2011.0,0.88,0.12,2.0,Philadelphia,KPHL,2015,6,Jun,71.5,3.5,False,False,0.76
2015-06-09,78,69,86,62,81,44,99,1957.0,2011.0,0.02,0.12,2.03,Philadelphia,KPHL,2015,6,Jun,71.5,6.5,False,False,-0.09999999999999999
2015-06-10,76,65,86,62,81,47,98,1988.0,2008.0,0.0,0.12,2.59,Philadelphia,KPHL,2015,6,Jun,71.5,4.5,False,False,-0.12
2015-06-11,81,70,92,63,82,44,95,1972.0,1986.0,0.0,0.11,2.04,Philadelphia,KPHL,2015,6,Jun,72.5,8.5,True,False,-0.11
2015-06-12,85,75,95,63,82,48,95,1979.0,1947.0,0.0,0.11,3.05,Philadelphia,KPHL,2015,6,Jun,72.5,12.5,True,False,-0.11
2015-06-13,83,77,88,63,82,50,95,1979.0,1956.0,0.0,0.11,2.21,Philadelphia,KPHL,2015,6,Jun,72.5,10.5,False,False,-0.11
2015-06-14,81,72,90,64,83,48,96,1965.0,1988.0,0.09,0.12,1.88,Philadelphia,KPHL,2015,6,Jun,73.5,7.5,False,False,-0.03
2015-06-15,82,74,89,64,83,47,100,1884.0,1994.0,0.0,0.11,2.27,Philadelphia,KPHL,2015,6,Jun,73.5,8.5,False,False,-0.11
2015-06-16,83,74,91,64,83,49,100,1963.0,1991.0,0.0,0.11,3.3,Philadelphia,KPHL,2015,6,Jun,73.5,9.5,False,False,-0.11
2015-06-17,78,69,86,64,83,44,98,1964.0,1957.0,0.0,0.1,2.41,Philadelphia,KPHL,2015,6,Jun,73.5,4.5,False,False,-0.1
2015-06-18,70,65,74,65,84,48,96,1950.0,1957.0,0.65,0.11,1.93,Philadelphia,KPHL,2015,6,Jun,74.5,-4.5,False,False,0.54
2015-06-19,79,70,87,65,84,53,100,1946.0,1994.0,0.27,0.1,1.64,Philadelphia,KPHL,2015,6,Jun,74.5,4.5,False,False,0.17
2015-06-20,79,71,86,65,84,51,98,1956.0,1931.0,0.48,0.11,1.64,Philadelphia,KPHL,2015,6,Jun,74.5,4.5,False,False,0.37
2015-06-21,82,73,91,66,84,48,99,1968.0,1923.0,0.3,0.11,1.62,Philadelphia,KPHL,2015,6,Jun,75.0,7.0,False,False,0.19
2015-06-22,82,73,91,66,85,48,100,1963.0,1988.0,0.0,0.11,2.47,Philadelphia,KPHL,2015,6,Jun,75.5,6.5,False,False,-0.11
2015-06-23,83,70,95,66,85,47,97,1963.0,1888.0,0.55,0.11,2.12,Philadelphia,KPHL,2015,6,Jun,75.5,7.5,True,False,0.44000000000000006
2015-06-24,77,69,85,66,85,52,99,1947.0,1923.0,0.0,0.11,2.61,Philadelphia,KPHL,2015,6,Jun,75.5,1.5,False,False,-0.11
2015-06-25,76,68,84,67,85,52,98,1979.0,1952.0,0.13,0.11,2.55,Philadelphia,KPHL,2015,6,Jun,76.0,0.0,False,False,0.020000000000000004
2015-06-26,76,68,84,67,85,51,100,1960.0,1952.0,0.0,0.12,2.77,Philadelphia,KPHL,2015,6,Jun,76.0,0.0,False,False,-0.12
2015-06-27,67,63,71,67,86,50,97,1965.0,1963.0,1.34,0.1,3.27,Philadelphia,KPHL,2015,6,Jun,76.5,-9.5,False,False,1.24
2015-06-28,73,66,79,67,86,54,97,1961.0,1963.0,0.22,0.11,2.48,Philadelphia,KPHL,2015,6,Jun,76.5,-3.5,False,False,0.11
2015-06-29,72,63,81,68,86,52,102,1888.0,1934.0,0.0,0.12,4.62,Philadelphia,KPHL,2015,6,Jun,77.0,-5.0,False,False,-0.12
2015-06-30,77,67,86,68,86,52,100,1988.0,1964.0,1.5,0.12,1.56,Philadelphia,KPHL,2015,6,Jun,77.0,0.0,False,False,1.38
2014-07-01,98,86,109,82,107,65,115,1927.0,1990.0,0.0,0.02,2.68,Phoenix,KPHX,2014,7,Jul,94.5,3.5,False,False,-0.02
2014-07-02,98,86,109,82,107,65,118,1911.0,2011.0,0.0,0.01,2.81,Phoenix,KPHX,2014,7,Jul,94.5,3.5,False,False,-0.01
2014-07-03,94,79,108,82,107,64,117,1916.0,1907.0,0.0,0.02,0.22,Phoenix,KPHX,2014,7,Jul,94.5,-0.5,False,False,-0.02
2014-07-04,90,81,98,83,107,63,118,1912.0,1989.0,0.0,0.02,0.22,Phoenix,KPHX,2014,7,Jul,95.0,-5.0,False,False,-0.02
2014-07-05,94,84,103,83,107,63,116,1912.0,1983.0,0.01,0.02,0.18,Phoenix,KPHX,2014,7,Jul,95.0,-1.0,False,False,-0.01
2014-07-06,95,84,105,83,107,65,116,1902.0,1942.0,0.0,0.02,0.6,Phoenix,KPHX,2014,7,Jul,95.0,0.0,False,False,-0.02
2014-07-07,98,88,108,83,107,66,115,1915.0,1905.0,0.0,0.02,0.75,Phoenix,KPHX,2014,7,Jul,95.0,3.0,False,False,-0.02
2014-07-08,96,86,105,83,107,67,115,1955.0,1985.0,0.0,0.03,0.53,Phoenix,KPHX,2014,7,Jul,95.0,1.0,False,False,-0.03
2014-07-09,92,83,101,83,107,66,116,1926.0,1958.0,0.0,0.02,0.44,Phoenix,KPHX,2014,7,Jul,95.0,-3.0,False,False,-0.02
2014-07-10,96,87,105,83,107,67,115,1926.0,1958.0,0.0,0.03,0.64,Phoenix,KPHX,2014,7,Jul,95.0,1.0,False,False,-0.03
2014-07-11,98,88,107,84,107,68,118,1944.0,1958.0,0.0,0.03,0.48,Phoenix,KPHX,2014,7,Jul,95.5,2.5,False,False,-0.03
2014-07-12,99,88,110,84,107,69,115,1944.0,2005.0,0.0,0.03,1.02,Phoenix,KPHX,2014,7,Jul,95.5,3.5,False,False,-0.03
2014-07-13,95,80,110,84,107,66,114,1944.0,1989.0,0.03,0.03,1.3,Phoenix,KPHX,2014,7,Jul,95.5,-0.5,False,False,0.0
2014-07-14,92,81,103,84,106,68,116,1962.0,2003.0,0.02,0.04,1.24,Phoenix,KPHX,2014,7,Jul,95.0,-3.0,False,False,-0.02
2014-07-15,95,86,103,84,106,66,117,1944.0,1998.0,0.0,0.04,0.72,Phoenix,KPHX,2014,7,Jul,95.0,0.0,False,False,-0.04
2014-07-16,96,84,107,84,106,68,118,1907.0,1925.0,0.0,0.04,1.48,Phoenix,KPHX,2014,7,Jul,95.0,1.0,False,False,-0.04
2014-07-17,96,86,105,84,106,65,116,1908.0,2005.0,0.0,0.04,1.31,Phoenix,KPHX,2014,7,Jul,95.0,1.0,False,False,-0.04
2014-07-18,94,83,105,84,106,68,115,1946.0,1989.0,0.0,0.04,1.04,Phoenix,KPHX,2014,7,Jul,95.0,-1.0,False,False,-0.04
2014-07-19,96,88,104,84,106,68,116,1913.0,1989.0,0.0,0.04,0.8,Phoenix,KPHX,2014,7,Jul,95.0,1.0,False,False,-0.04
2014-07-20,96,85,106,84,106,67,114,1900.0,1978.0,0.0,0.04,1.7,Phoenix,KPHX,2014,7,Jul,95.0,1.0,False,False,-0.04
2014-07-21,96,85,107,84,106,65,118,1924.0,2006.0,0.0,0.05,1.54,Phoenix,KPHX,2014,7,Jul,95.0,1.0,False,False,-0.05
2014-07-22,101,89,113,84,106,66,116,1924.0,2006.0,0.0,0.04,1.15,Phoenix,KPHX,2014,7,Jul,95.0,6.0,True,False,-0.04
2014-07-23,104,94,114,84,106,69,114,1913.0,2006.0,0.0,0.04,0.41,Phoenix,KPHX,2014,7,Jul,95.0,9.0,True,False,-0.04
2014-07-24,105,93,116,84,106,68,116,1913.0,2014.0,0.0,0.04,1.66,Phoenix,KPHX,2014,7,Jul,95.0,10.0,True,False,-0.04
2014-07-25,98,87,109,84,106,67,115,1897.0,1943.0,0.0,0.05,1.1,Phoenix,KPHX,2014,7,Jul,95.0,3.0,False,False,-0.05
2014-07-26,96,83,108,84,105,65,116,1952.0,1995.0,0.0,0.04,1.38,Phoenix,KPHX,2014,7,Jul,94.5,1.5,False,False,-0.04
2014-07-27,94,83,104,84,105,65,118,1913.0,1995.0,0.0,0.04,1.23,Phoenix,KPHX,2014,7,Jul,94.5,-0.5,False,False,-0.04
2014-07-28,96,85,107,84,105,66,121,1913.0,1995.0,0.0,0.05,1.9,Phoenix,KPHX,2014,7,Jul,94.5,1.5,False,False,-0.05
2014-07-29,101,92,110,84,105,68,115,1913.0,1995.0,0.0,0.04,2.05,Phoenix,KPHX,2014,7,Jul,94.5,6.5,False,False,-0.04
2014-07-30,102,92,111,84,105,66,115,1913.0,1934.0,0.0,0.04,1.16,Phoenix,KPHX,2014,7,Jul,94.5,7.5,False,False,-0.04
2014-07-31,98,87,109,84,105,70,115,1921.0,1972.0,0.0,0.04,1.33,Phoenix,KPHX,2014,7,Jul,94.5,3.5,False,False,-0.04
2014-08-01,90,81,99,84,105,68,116,1950.0,1972.0,0.0,0.03,1.48,Phoenix,KPHX,2014,8,Aug,94.5,-4.5,False,False,-0.03
2014-08-02,90,78,102,84,105,70,113,1946.0,1918.0,0.0,0.04,1.09,Phoenix,KPHX,2014,8,Aug,94.5,-4.5,False,False,-0.04
2014-08-03,92,80,103,84,105,66,114,1956.0,1975.0,0.0,0.04,2.12,Phoenix,KPHX,2014,8,Aug,94.5,-2.5,False,False,-0.04
2014-08-04,92,79,105,84,105,68,116,1956.0,1975.0,0.0,0.03,0.78,Phoenix,KPHX,2014,8,Aug,94.5,-2.5,False,False,-0.03
2014-08-05,94,83,105,84,105,69,114,1965.0,1969.0,0.0,0.04,1.16,Phoenix,KPHX,2014,8,Aug,94.5,-0.5,False,False,-0.04
2014-08-06,96,84,108,84,105,68,114,1949.0,1995.0,0.0,0.03,2.01,Phoenix,KPHX,2014,8,Aug,94.5,1.5,False,False,-0.03
2014-08-07,94,82,105,83,105,66,112,1928.0,1905.0,0.0,0.04,0.87,Phoenix,KPHX,2014,8,Aug,94.0,0.0,False,False,-0.04
2014-08-08,95,85,105,83,105,67,116,1903.0,2012.0,0.0,0.03,0.58,Phoenix,KPHX,2014,8,Aug,94.0,1.0,False,False,-0.03
2014-08-09,94,84,104,83,105,70,114,1930.0,2012.0,0.0,0.03,0.45,Phoenix,KPHX,2014,8,Aug,94.0,0.0,False,False,-0.03
2014-08-10,94,84,104,83,105,68,116,1949.0,2003.0,0.0,0.04,0.32,Phoenix,KPHX,2014,8,Aug,94.0,0.0,False,False,-0.04
2014-08-11,98,87,109,83,105,65,113,1949.0,1962.0,0.0,0.03,0.54,Phoenix,KPHX,2014,8,Aug,94.0,4.0,False,False,-0.03
2014-08-12,88,77,98,83,105,64,115,1949.0,2012.0,0.44,0.03,0.84,Phoenix,KPHX,2014,8,Aug,94.0,-6.0,False,False,0.41000000000000003
2014-08-13,84,73,95,83,105,69,115,1949.0,2012.0,0.11,0.04,0.3,Phoenix,KPHX,2014,8,Aug,94.0,-10.0,False,False,0.07
2014-08-14,93,83,102,83,105,69,113,1925.0,1988.0,0.0,0.03,1.2,Phoenix,KPHX,2014,8,Aug,94.0,-1.0,False,False,-0.03
2014-08-15,94,83,104,83,105,66,112,1968.0,1992.0,0.0,0.03,1.84,Phoenix,KPHX,2014,8,Aug,94.0,0.0,False,False,-0.03
2014-08-16,97,87,106,83,105,64,113,1918.0,1992.0,0.0,0.03,1.32,Phoenix,KPHX,2014,8,Aug,94.0,3.0,False,False,-0.03
2014-08-17,99,88,109,83,104,64,114,1949.0,2013.0,0.0,0.03,0.89,Phoenix,KPHX,2014,8,Aug,93.5,5.5,False,False,-0.03
2014-08-18,91,83,98,83,104,62,112,1918.0,2011.0,0.0,0.03,1.73,Phoenix,KPHX,2014,8,Aug,93.5,-2.5,False,False,-0.03
2014-08-19,83,74,91,83,104,63,113,1918.0,1986.0,0.43,0.03,0.78,Phoenix,KPHX,2014,8,Aug,93.5,-10.5,False,False,0.4
2014-08-20,87,75,98,83,104,58,112,1917.0,1982.0,0.0,0.04,1.59,Phoenix,KPHX,2014,8,Aug,93.5,-6.5,False,False,-0.04
2014-08-21,81,71,90,82,104,62,110,1916.0,2007.0,0.19,0.03,0.72,Phoenix,KPHX,2014,8,Aug,93.0,-12.0,False,False,0.16
2014-08-22,83,72,93,82,104,65,113,1917.0,2011.0,0.0,0.03,0.5,Phoenix,KPHX,2014,8,Aug,93.0,-10.0,False,False,-0.03
2014-08-23,87,76,97,82,104,61,114,1968.0,2011.0,0.0,0.03,0.8,Phoenix,KPHX,2014,8,Aug,93.0,-6.0,False,False,-0.03
2014-08-24,91,79,103,82,104,61,115,1965.0,1985.0,0.0,0.04,1.16,Phoenix,KPHX,2014,8,Aug,93.0,-2.0,False,False,-0.04
2014-08-25,92,83,101,82,104,65,113,1965.0,2011.0,0.0,0.03,0.9,Phoenix,KPHX,2014,8,Aug,93.0,-1.0,False,False,-0.03
2014-08-26,90,80,100,82,104,65,117,1928.0,2011.0,0.0,0.03,0.65,Phoenix,KPHX,2014,8,Aug,93.0,-3.0,False,False,-0.03
2014-08-27,93,83,103,82,104,64,113,1920.0,1981.0,0.0,0.03,2.43,Phoenix,KPHX,2014,8,Aug,93.0,0.0,False,False,-0.03
2014-08-28,95,83,106,82,104,64,113,1920.0,1998.0,0.0,0.03,0.94,Phoenix,KPHX,2014,8,Aug,93.0,2.0,False,False,-0.03
2014-08-29,96,83,108,82,104,64,113,1920.0,1981.0,0.0,0.03,0.68,Phoenix,KPHX,2014,8,Aug,93.0,3.0,False,False,-0.03
2014-08-30,97,83,111,81,104,64,113,1920.0,2011.0,0.0,0.03,0.34,Phoenix,KPHX,2014,8,Aug,92.5,4.5,True,False,-0.03
2014-08-31,96,83,109,81,104,62,113,1962.0,1950.0,0.0,0.02,0.61,Phoenix,KPHX,2014,8,Aug,92.5,3.5,False,False,-0.02
2014-09-01,95,81,108,81,104,63,116,1962.0,1950.0,0.0,0.03,1.21,Phoenix,KPHX,2014,9,Sep,92.5,2.5,False,False,-0.03
2014-09-02,96,82,109,81,103,64,112,1964.0,1982.0,0.0,0.02,1.36,Phoenix,KPHX,2014,9,Sep,92.0,4.0,True,False,-0.02
2014-09-03,96,84,108,81,103,64,112,1964.0,1983.0,0.0,0.03,0.35,Phoenix,KPHX,2014,9,Sep,92.0,4.0,False,False,-0.03
2014-09-04,95,83,107,80,103,60,112,1921.0,1948.0,0.0,0.02,2.91,Phoenix,KPHX,2014,9,Sep,91.5,3.5,False,False,-0.02
2014-09-05,91,80,101,80,103,61,113,1912.0,1945.0,0.0,0.03,2.43,Phoenix,KPHX,2014,9,Sep,91.5,-0.5,False,False,-0.03
2014-09-06,96,86,105,80,103,63,111,1921.0,1986.0,0.0,0.02,0.43,Phoenix,KPHX,2014,9,Sep,91.5,4.5,False,False,-0.02
2014-09-07,94,84,104,80,102,61,111,1895.0,1979.0,0.0,0.03,0.82,Phoenix,KPHX,2014,9,Sep,91.0,3.0,False,False,-0.03
2014-09-08,81,71,90,80,102,62,110,1912.0,1979.0,3.29,0.02,3.29,Phoenix,KPHX,2014,9,Sep,91.0,-10.0,False,False,3.27
2014-09-09,86,79,92,79,102,61,110,1920.0,1974.0,0.0,0.03,0.66,Phoenix,KPHX,2014,9,Sep,90.5,-4.5,False,False,-0.03
2014-09-10,88,79,97,79,102,59,111,1912.0,1990.0,0.0,0.02,1.01,Phoenix,KPHX,2014,9,Sep,90.5,-2.5,False,False,-0.02
2014-09-11,90,79,100,79,102,58,112,1912.0,1990.0,0.0,0.02,1.08,Phoenix,KPHX,2014,9,Sep,90.5,-0.5,False,False,-0.02
2014-09-12,91,78,104,78,101,58,110,1920.0,1971.0,0.0,0.02,1.9,Phoenix,KPHX,2014,9,Sep,89.5,1.5,False,False,-0.02
2014-09-13,92,83,100,78,101,55,109,1952.0,2000.0,0.0,0.02,1.25,Phoenix,KPHX,2014,9,Sep,89.5,2.5,False,False,-0.02
2014-09-14,92,81,102,78,101,58,112,1915.0,2000.0,0.0,0.02,1.5,Phoenix,KPHX,2014,9,Sep,89.5,2.5,False,False,-0.02
2014-09-15,96,87,105,77,100,53,110,1915.0,2000.0,0.0,0.02,0.07,Phoenix,KPHX,2014,9,Sep,88.5,7.5,False,False,-0.02
2014-09-16,86,80,92,77,100,56,109,1906.0,1928.0,0.01,0.03,1.33,Phoenix,KPHX,2014,9,Sep,88.5,-2.5,False,False,-0.019999999999999997
2014-09-17,84,78,89,77,100,56,109,1906.0,1962.0,0.14,0.01,1.19,Phoenix,KPHX,2014,9,Sep,88.5,-4.5,False,False,0.13
2014-09-18,86,76,96,76,99,58,109,1950.0,2010.0,0.0,0.02,1.46,Phoenix,KPHX,2014,9,Sep,87.5,-1.5,False,False,-0.02
2014-09-19,90,82,98,76,99,54,111,1965.0,2010.0,0.0,0.02,1.06,Phoenix,KPHX,2014,9,Sep,87.5,2.5,False,False,-0.02
2014-09-20,90,81,99,76,99,47,107,1965.0,2010.0,0.0,0.02,0.49,Phoenix,KPHX,2014,9,Sep,87.5,2.5,False,False,-0.02
2014-09-21,90,80,99,75,98,47,107,1965.0,2003.0,0.0,0.02,0.63,Phoenix,KPHX,2014,9,Sep,86.5,3.5,False,False,-0.02
2014-09-22,91,80,101,75,98,47,109,1895.0,1989.0,0.0,0.02,0.41,Phoenix,KPHX,2014,9,Sep,86.5,4.5,False,False,-0.02
2014-09-23,90,77,102,75,98,54,108,1965.0,1982.0,0.0,0.02,0.72,Phoenix,KPHX,2014,9,Sep,86.5,3.5,False,False,-0.02
2014-09-24,91,77,104,74,97,55,108,1968.0,2002.0,0.0,0.02,0.68,Phoenix,KPHX,2014,9,Sep,85.5,5.5,False,False,-0.02
2014-09-25,92,81,103,74,97,49,108,1913.0,1979.0,0.0,0.01,0.42,Phoenix,KPHX,2014,9,Sep,85.5,6.5,False,False,-0.01
2014-09-26,92,82,101,73,96,50,108,1900.0,1989.0,0.0,0.02,2.62,Phoenix,KPHX,2014,9,Sep,84.5,7.5,False,False,-0.02
2014-09-27,82,69,95,73,96,51,107,1920.0,2009.0,1.64,0.02,1.64,Phoenix,KPHX,2014,9,Sep,84.5,-2.5,False,False,1.6199999999999999
2014-09-28,79,71,87,72,96,50,108,1923.0,1992.0,0.02,0.02,1.31,Phoenix,KPHX,2014,9,Sep,84.0,-5.0,False,False,0.0
2014-09-29,78,67,89,72,95,52,107,1923.0,2003.0,0.0,0.02,1.66,Phoenix,KPHX,2014,9,Sep,83.5,-5.5,False,False,-0.02
2014-09-30,78,66,89,72,95,49,107,1965.0,1980.0,0.0,0.02,0.31,Phoenix,KPHX,2014,9,Sep,83.5,-5.5,False,False,-0.02
2014-10-01,79,67,91,71,94,49,107,1927.0,1980.0,0.0,0.02,0.73,Phoenix,KPHX,2014,10,Oct,82.5,-3.5,False,False,-0.02
2014-10-02,81,69,92,71,94,49,107,1927.0,1980.0,0.0,0.02,0.6,Phoenix,KPHX,2014,10,Oct,82.5,-1.5,False,False,-0.02
2014-10-03,83,67,99,70,94,49,105,1907.0,1988.0,0.0,0.02,1.29,Phoenix,KPHX,2014,10,Oct,82.0,1.0,False,False,-0.02
2014-10-04,84,69,99,70,93,46,103,1908.0,1993.0,0.0,0.02,0.91,Phoenix,KPHX,2014,10,Oct,81.5,2.5,False,False,-0.02
2014-10-05,83,69,96,69,93,46,104,1908.0,1987.0,0.0,0.02,0.6,Phoenix,KPHX,2014,10,Oct,81.0,2.0,False,False,-0.02
2014-10-06,82,70,93,69,92,46,105,1913.0,1917.0,0.0,0.02,1.17,Phoenix,KPHX,2014,10,Oct,80.5,1.5,False,False,-0.02
2014-10-07,81,72,90,69,92,44,104,1913.0,1991.0,0.0,0.02,0.3,Phoenix,KPHX,2014,10,Oct,80.5,0.5,False,False,-0.02
2014-10-08,76,69,82,68,92,47,104,1913.0,1950.0,0.05,0.02,1.04,Phoenix,KPHX,2014,10,Oct,80.0,-4.0,False,False,0.030000000000000002
2014-10-09,77,70,84,68,91,48,103,1949.0,1996.0,0.0,0.02,0.62,Phoenix,KPHX,2014,10,Oct,79.5,-2.5,False,False,-0.02
2014-10-10,79,69,89,67,91,44,105,1961.0,1991.0,0.0,0.01,0.56,Phoenix,KPHX,2014,10,Oct,79.0,0.0,False,False,-0.01
2014-10-11,81,70,92,67,91,45,102,1920.0,1991.0,0.0,0.02,0.31,Phoenix,KPHX,2014,10,Oct,79.0,2.0,False,False,-0.02
2014-10-12,82,70,94,66,90,44,103,1924.0,1950.0,0.0,0.02,0.32,Phoenix,KPHX,2014,10,Oct,78.0,4.0,False,False,-0.02
2014-10-13,78,65,90,66,90,48,101,1969.0,1989.0,0.0,0.02,0.16,Phoenix,KPHX,2014,10,Oct,78.0,0.0,False,False,-0.02
2014-10-14,80,65,94,66,89,43,100,1920.0,1973.0,0.0,0.02,2.32,Phoenix,KPHX,2014,10,Oct,77.5,2.5,False,False,-0.02
2014-10-15,80,69,90,65,89,41,103,1899.0,1991.0,0.0,0.02,0.72,Phoenix,KPHX,2014,10,Oct,77.0,3.0,False,False,-0.02
2014-10-16,80,67,92,65,89,40,101,1899.0,1991.0,0.0,0.01,0.32,Phoenix,KPHX,2014,10,Oct,77.0,3.0,False,False,-0.01
2014-10-17,80,71,89,64,88,42,102,1938.0,2009.0,0.0,0.02,0.28,Phoenix,KPHX,2014,10,Oct,76.0,4.0,False,False,-0.02
2014-10-18,79,68,90,64,88,43,103,1966.0,2003.0,0.0,0.02,0.75,Phoenix,KPHX,2014,10,Oct,76.0,3.0,False,False,-0.02
2014-10-19,82,69,94,64,87,40,101,1917.0,2003.0,0.08,0.02,1.69,Phoenix,KPHX,2014,10,Oct,75.5,6.5,False,False,0.06
2014-10-20,78,66,90,63,87,40,103,1949.0,2003.0,0.0,0.02,0.41,Phoenix,KPHX,2014,10,Oct,75.0,3.0,False,False,-0.02
2014-10-21,80,69,91,63,87,39,103,1949.0,2003.0,0.0,0.02,0.4,Phoenix,KPHX,2014,10,Oct,75.0,5.0,False,False,-0.02
2014-10-22,80,67,93,62,86,37,102,1906.0,2003.0,0.0,0.02,0.38,Phoenix,KPHX,2014,10,Oct,74.0,6.0,False,False,-0.02
2014-10-23,81,67,94,62,86,37,100,1906.0,2003.0,0.0,0.01,0.52,Phoenix,KPHX,2014,10,Oct,74.0,7.0,False,False,-0.01
2014-10-24,82,68,96,62,85,41,96,1920.0,1959.0,0.0,0.02,0.22,Phoenix,KPHX,2014,10,Oct,73.5,8.5,True,False,-0.02
2014-10-25,83,70,96,61,85,40,96,1956.0,1990.0,0.0,0.02,0.36,Phoenix,KPHX,2014,10,Oct,73.0,10.0,True,False,-0.02
2014-10-26,80,71,89,61,85,42,98,1920.0,2001.0,0.0,0.02,0.33,Phoenix,KPHX,2014,10,Oct,73.0,7.0,False,False,-0.02
2014-10-27,80,71,88,60,84,39,98,1918.0,2001.0,0.0,0.02,1.12,Phoenix,KPHX,2014,10,Oct,72.0,8.0,False,False,-0.02
2014-10-28,77,65,88,60,84,41,97,1908.0,2007.0,0.0,0.01,0.92,Phoenix,KPHX,2014,10,Oct,72.0,5.0,False,False,-0.01
2014-10-29,78,64,91,60,83,40,95,1971.0,2007.0,0.0,0.02,0.48,Phoenix,KPHX,2014,10,Oct,71.5,6.5,False,False,-0.02
2014-10-30,79,64,94,59,83,34,94,1971.0,1990.0,0.0,0.02,1.0,Phoenix,KPHX,2014,10,Oct,71.0,8.0,True,False,-0.02
2014-10-31,81,67,95,59,83,36,96,1900.0,1988.0,0.0,0.02,1.05,Phoenix,KPHX,2014,10,Oct,71.0,10.0,True,False,-0.02
2014-11-01,76,69,83,58,82,37,96,1971.0,1924.0,0.0,0.02,1.25,Phoenix,KPHX,2014,11,Nov,70.0,6.0,False,False,-0.02
2014-11-02,67,60,73,58,82,34,96,1956.0,1924.0,0.0,0.02,0.44,Phoenix,KPHX,2014,11,Nov,70.0,-3.0,False,False,-0.02
2014-11-03,64,53,75,58,81,36,96,1956.0,2009.0,0.0,0.02,0.31,Phoenix,KPHX,2014,11,Nov,69.5,-5.5,False,False,-0.02
2014-11-04,67,53,81,57,81,32,95,1956.0,2001.0,0.0,0.02,0.32,Phoenix,KPHX,2014,11,Nov,69.0,-2.0,False,False,-0.02
2014-11-05,73,60,85,57,80,32,93,1922.0,2007.0,0.0,0.02,0.63,Phoenix,KPHX,2014,11,Nov,68.5,4.5,False,False,-0.02
2014-11-06,73,60,86,56,80,34,94,1922.0,2007.0,0.0,0.02,0.5,Phoenix,KPHX,2014,11,Nov,68.0,5.0,False,False,-0.02
2014-11-07,72,59,84,56,79,34,92,1947.0,2007.0,0.0,0.02,0.39,Phoenix,KPHX,2014,11,Nov,67.5,4.5,False,False,-0.02
2014-11-08,74,58,90,56,79,32,91,1897.0,1906.0,0.0,0.02,0.36,Phoenix,KPHX,2014,11,Nov,67.5,6.5,True,False,-0.02
2014-11-09,74,61,87,55,79,31,88,1897.0,1973.0,0.0,0.02,0.55,Phoenix,KPHX,2014,11,Nov,67.0,7.0,True,False,-0.02
2014-11-10,72,59,84,55,78,33,91,1948.0,2009.0,0.0,0.02,2.24,Phoenix,KPHX,2014,11,Nov,66.5,5.5,False,False,-0.02
2014-11-11,71,58,84,54,78,35,91,1935.0,1934.0,0.0,0.01,1.41,Phoenix,KPHX,2014,11,Nov,66.0,5.0,False,False,-0.01
2014-11-12,70,60,80,54,77,33,93,1898.0,1999.0,0.0,0.02,1.02,Phoenix,KPHX,2014,11,Nov,65.5,4.5,False,False,-0.02
2014-11-13,71,61,80,54,77,31,91,1938.0,1999.0,0.0,0.02,0.96,Phoenix,KPHX,2014,11,Nov,65.5,5.5,False,False,-0.02
2014-11-14,67,61,73,53,76,28,91,1916.0,1999.0,0.0,0.02,1.58,Phoenix,KPHX,2014,11,Nov,64.5,2.5,False,False,-0.02
2014-11-15,67,57,77,53,76,33,90,1925.0,1999.0,0.0,0.02,0.58,Phoenix,KPHX,2014,11,Nov,64.5,2.5,False,False,-0.02
2014-11-16,62,53,71,52,75,32,89,1916.0,1999.0,0.0,0.02,0.94,Phoenix,KPHX,2014,11,Nov,63.5,-1.5,False,False,-0.02
2014-11-17,59,47,71,52,75,32,87,1964.0,2008.0,0.0,0.01,0.78,Phoenix,KPHX,2014,11,Nov,63.5,-4.5,False,False,-0.01
2014-11-18,61,47,74,52,74,31,88,1958.0,2008.0,0.0,0.02,0.65,Phoenix,KPHX,2014,11,Nov,63.0,-2.0,False,False,-0.02
2014-11-19,62,50,74,51,74,30,88,1921.0,1897.0,0.0,0.02,0.65,Phoenix,KPHX,2014,11,Nov,62.5,-0.5,False,False,-0.02
2014-11-20,61,48,74,51,73,31,89,1956.0,2006.0,0.0,0.03,1.16,Phoenix,KPHX,2014,11,Nov,62.0,-1.0,False,False,-0.03
2014-11-21,63,53,72,51,73,30,88,1948.0,1924.0,0.0,0.02,0.6,Phoenix,KPHX,2014,11,Nov,62.0,1.0,False,False,-0.02
2014-11-22,59,46,72,50,72,30,89,1953.0,1950.0,0.0,0.02,1.6,Phoenix,KPHX,2014,11,Nov,61.0,-2.0,False,False,-0.02
2014-11-23,61,48,74,50,72,27,87,1931.0,1950.0,0.0,0.03,0.98,Phoenix,KPHX,2014,11,Nov,61.0,0.0,False,False,-0.03
2014-11-24,57,42,71,49,72,28,88,1931.0,1950.0,0.0,0.03,0.54,Phoenix,KPHX,2014,11,Nov,60.5,-3.5,False,False,-0.03
2014-11-25,58,46,69,49,71,32,88,1938.0,1950.0,0.0,0.03,0.64,Phoenix,KPHX,2014,11,Nov,60.0,-2.0,False,False,-0.03
2014-11-26,59,44,74,49,71,32,88,1966.0,1950.0,0.0,0.02,1.02,Phoenix,KPHX,2014,11,Nov,60.0,-1.0,False,False,-0.02
2014-11-27,67,47,87,48,70,31,87,1966.0,2014.0,0.0,0.03,1.29,Phoenix,KPHX,2014,11,Nov,59.0,8.0,True,False,-0.03
2014-11-28,68,52,84,48,70,32,86,1896.0,1901.0,0.0,0.03,0.51,Phoenix,KPHX,2014,11,Nov,59.0,9.0,True,False,-0.03
2014-11-29,66,51,80,48,70,29,85,1919.0,1999.0,0.0,0.03,0.72,Phoenix,KPHX,2014,11,Nov,59.0,7.0,False,False,-0.03
2014-11-30,67,53,80,47,69,30,84,1911.0,1949.0,0.0,0.02,1.23,Phoenix,KPHX,2014,11,Nov,58.0,9.0,False,False,-0.02
2014-12-01,62,51,73,47,69,31,83,1918.0,1949.0,0.0,0.03,0.4,Phoenix,KPHX,2014,12,Dec,58.0,4.0,False,False,-0.03
2014-12-02,62,54,70,47,68,30,81,1913.0,1940.0,0.03,0.02,0.41,Phoenix,KPHX,2014,12,Dec,57.5,4.5,False,False,0.009999999999999998
2014-12-03,68,60,76,47,68,30,81,1934.0,1940.0,0.01,0.03,0.69,Phoenix,KPHX,2014,12,Dec,57.5,10.5,False,False,-0.019999999999999997
2014-12-04,64,60,68,46,68,28,83,1909.0,1979.0,0.61,0.03,0.91,Phoenix,KPHX,2014,12,Dec,57.0,7.0,False,False,0.58
2014-12-05,65,57,72,46,68,25,82,1909.0,1965.0,0.0,0.03,0.67,Phoenix,KPHX,2014,12,Dec,57.0,8.0,False,False,-0.03
2014-12-06,64,57,71,46,67,27,83,1960.0,1939.0,0.0,0.03,0.5,Phoenix,KPHX,2014,12,Dec,56.5,7.5,False,False,-0.03
2014-12-07,64,51,77,46,67,27,83,1948.0,1939.0,0.0,0.02,1.08,Phoenix,KPHX,2014,12,Dec,56.5,7.5,False,False,-0.02
2014-12-08,66,55,76,45,67,24,84,1916.0,1939.0,0.0,0.03,1.06,Phoenix,KPHX,2014,12,Dec,56.0,10.0,False,False,-0.03
2014-12-09,66,54,78,45,67,24,84,1916.0,1981.0,0.0,0.03,0.77,Phoenix,KPHX,2014,12,Dec,56.0,10.0,False,False,-0.03
2014-12-10,66,54,77,45,66,29,87,1967.0,1950.0,0.0,0.03,1.12,Phoenix,KPHX,2014,12,Dec,55.5,10.5,False,False,-0.03
2014-12-11,66,56,76,45,66,26,81,1916.0,1950.0,0.0,0.03,0.87,Phoenix,KPHX,2014,12,Dec,55.5,10.5,False,False,-0.03
2014-12-12,68,57,78,45,66,28,79,1971.0,2010.0,0.0,0.03,0.72,Phoenix,KPHX,2014,12,Dec,55.5,12.5,True,False,-0.03
2014-12-13,59,51,66,45,66,26,82,1911.0,2010.0,0.08,0.03,1.04,Phoenix,KPHX,2014,12,Dec,55.5,3.5,False,False,0.05
2014-12-14,55,46,63,45,66,24,78,1901.0,2010.0,0.0,0.03,1.43,Phoenix,KPHX,2014,12,Dec,55.5,-0.5,False,False,-0.03
2014-12-15,55,46,64,44,66,26,79,1916.0,1952.0,0.0,0.03,0.86,Phoenix,KPHX,2014,12,Dec,55.0,0.0,False,False,-0.03
2014-12-16,57,49,65,44,65,28,86,1931.0,1980.0,0.0,0.03,0.26,Phoenix,KPHX,2014,12,Dec,54.5,2.5,False,False,-0.03
2014-12-17,56,51,61,44,65,28,82,1927.0,2013.0,0.07,0.03,1.35,Phoenix,KPHX,2014,12,Dec,54.5,1.5,False,False,0.04000000000000001
2014-12-18,56,50,62,44,65,29,79,1933.0,1950.0,0.0,0.03,1.02,Phoenix,KPHX,2014,12,Dec,54.5,1.5,False,False,-0.03
2014-12-19,55,45,64,44,65,25,79,1968.0,1917.0,0.0,0.03,0.98,Phoenix,KPHX,2014,12,Dec,54.5,0.5,False,False,-0.03
2014-12-20,56,45,66,44,65,24,78,1897.0,1954.0,0.0,0.02,0.28,Phoenix,KPHX,2014,12,Dec,54.5,1.5,False,False,-0.02
2014-12-21,56,47,65,44,65,27,77,1897.0,1985.0,0.0,0.03,0.52,Phoenix,KPHX,2014,12,Dec,54.5,1.5,False,False,-0.03
2014-12-22,57,47,66,44,65,23,79,1897.0,1917.0,0.0,0.03,0.96,Phoenix,KPHX,2014,12,Dec,54.5,2.5,False,False,-0.03
2014-12-23,58,47,68,44,65,26,79,1990.0,1950.0,0.0,0.02,0.83,Phoenix,KPHX,2014,12,Dec,54.5,3.5,False,False,-0.02
2014-12-24,55,43,66,44,65,25,81,1953.0,1955.0,0.0,0.03,0.93,Phoenix,KPHX,2014,12,Dec,54.5,0.5,False,False,-0.03
2014-12-25,55,45,64,44,65,27,78,1953.0,1950.0,0.0,0.03,0.63,Phoenix,KPHX,2014,12,Dec,54.5,0.5,False,False,-0.03
2014-12-26,48,38,57,44,65,22,78,1911.0,1980.0,0.0,0.02,0.56,Phoenix,KPHX,2014,12,Dec,54.5,-6.5,False,False,-0.02
2014-12-27,48,35,60,44,65,24,82,1911.0,1980.0,0.0,0.03,1.05,Phoenix,KPHX,2014,12,Dec,54.5,-6.5,False,False,-0.03
2014-12-28,48,36,60,44,65,24,78,1954.0,1917.0,0.0,0.03,0.79,Phoenix,KPHX,2014,12,Dec,54.5,-6.5,False,False,-0.03
2014-12-29,49,36,61,44,65,26,85,1966.0,1980.0,0.0,0.03,0.47,Phoenix,KPHX,2014,12,Dec,54.5,-5.5,False,False,-0.03
2014-12-30,50,37,63,44,65,23,81,1895.0,1980.0,0.0,0.03,1.5,Phoenix,KPHX,2014,12,Dec,54.5,-4.5,False,False,-0.03
2014-12-31,43,36,50,44,66,22,79,1900.0,1897.0,0.11,0.03,0.8,Phoenix,KPHX,2014,12,Dec,55.0,-12.0,False,False,0.08
2015-01-01,41,35,46,44,66,24,81,1919.0,1981.0,0.0,0.03,0.22,Phoenix,KPHX,2015,1,Jan,55.0,-14.0,False,False,-0.03
2015-01-02,43,31,54,45,66,23,81,1919.0,1981.0,0.0,0.03,0.99,Phoenix,KPHX,2015,1,Jan,55.5,-12.5,False,False,-0.03
2015-01-03,44,34,54,45,66,25,79,1950.0,1956.0,0.0,0.03,0.82,Phoenix,KPHX,2015,1,Jan,55.5,-11.5,False,False,-0.03
2015-01-04,50,35,65,45,66,23,83,1950.0,1927.0,0.0,0.03,0.65,Phoenix,KPHX,2015,1,Jan,55.5,-5.5,False,False,-0.03
2015-01-05,57,40,74,45,66,23,80,1950.0,1927.0,0.0,0.03,0.31,Phoenix,KPHX,2015,1,Jan,55.5,1.5,False,False,-0.03
2015-01-06,62,44,79,45,66,17,81,1913.0,2006.0,0.0,0.03,0.76,Phoenix,KPHX,2015,1,Jan,55.5,6.5,True,False,-0.03
2015-01-07,64,47,81,45,66,16,81,1913.0,2015.0,0.0,0.03,0.67,Phoenix,KPHX,2015,1,Jan,55.5,8.5,True,False,-0.03
2015-01-08,63,54,71,45,66,19,81,1913.0,2002.0,0.0,0.03,1.22,Phoenix,KPHX,2015,1,Jan,55.5,7.5,False,False,-0.03
2015-01-09,63,51,75,45,66,24,84,1964.0,1923.0,0.0,0.03,1.18,Phoenix,KPHX,2015,1,Jan,55.5,7.5,False,False,-0.03
2015-01-10,60,54,65,45,67,25,84,1964.0,1990.0,0.0,0.03,1.51,Phoenix,KPHX,2015,1,Jan,56.0,4.0,False,False,-0.03
2015-01-11,63,54,72,45,67,20,83,1964.0,1953.0,0.01,0.03,1.74,Phoenix,KPHX,2015,1,Jan,56.0,7.0,False,False,-0.019999999999999997
2015-01-12,62,56,67,45,67,22,80,1962.0,1996.0,0.02,0.03,1.04,Phoenix,KPHX,2015,1,Jan,56.0,6.0,False,False,-0.009999999999999998
2015-01-13,57,51,63,45,67,20,79,1963.0,1904.0,0.11,0.03,0.81,Phoenix,KPHX,2015,1,Jan,56.0,1.0,False,False,0.08
2015-01-14,57,46,67,45,67,22,81,1963.0,2000.0,0.0,0.04,0.77,Phoenix,KPHX,2015,1,Jan,56.0,1.0,False,False,-0.04
2015-01-15,60,47,72,46,67,23,81,1964.0,2000.0,0.0,0.03,0.69,Phoenix,KPHX,2015,1,Jan,56.5,3.5,False,False,-0.03
2015-01-16,62,49,74,46,67,22,83,1964.0,1976.0,0.0,0.03,1.05,Phoenix,KPHX,2015,1,Jan,56.5,5.5,False,False,-0.03
2015-01-17,60,47,73,46,67,26,83,1964.0,1976.0,0.0,0.03,1.07,Phoenix,KPHX,2015,1,Jan,56.5,3.5,False,False,-0.03
2015-01-18,62,48,75,46,68,27,80,1915.0,1971.0,0.0,0.03,0.51,Phoenix,KPHX,2015,1,Jan,57.0,5.0,False,False,-0.03
2015-01-19,63,50,75,46,68,27,88,1915.0,1971.0,0.0,0.03,0.87,Phoenix,KPHX,2015,1,Jan,57.0,6.0,False,False,-0.03
2015-01-20,62,48,75,46,68,22,84,1963.0,1950.0,0.0,0.03,0.77,Phoenix,KPHX,2015,1,Jan,57.0,5.0,False,False,-0.03
2015-01-21,64,53,74,46,68,24,81,1922.0,2014.0,0.0,0.02,1.33,Phoenix,KPHX,2015,1,Jan,57.0,7.0,False,False,-0.02
2015-01-22,57,48,65,46,68,21,81,1937.0,2013.0,0.0,0.03,0.35,Phoenix,KPHX,2015,1,Jan,57.0,0.0,False,False,-0.03
2015-01-23,54,43,64,46,68,24,81,1937.0,2013.0,0.0,0.03,0.25,Phoenix,KPHX,2015,1,Jan,57.0,-3.0,False,False,-0.03
2015-01-24,64,50,77,46,68,24,80,1937.0,1951.0,0.0,0.02,0.51,Phoenix,KPHX,2015,1,Jan,57.0,7.0,True,False,-0.02
2015-01-25,63,48,78,46,68,23,83,1898.0,1951.0,0.0,0.03,0.71,Phoenix,KPHX,2015,1,Jan,57.0,6.0,False,False,-0.03
2015-01-26,62,53,71,46,68,26,81,1950.0,1987.0,0.01,0.03,1.18,Phoenix,KPHX,2015,1,Jan,57.0,5.0,False,False,-0.019999999999999997
2015-01-27,64,53,74,47,68,26,82,1950.0,2003.0,0.0,0.03,0.87,Phoenix,KPHX,2015,1,Jan,57.5,6.5,False,False,-0.03
2015-01-28,64,52,75,47,69,30,83,1937.0,1971.0,0.0,0.02,0.57,Phoenix,KPHX,2015,1,Jan,58.0,6.0,False,False,-0.02
2015-01-29,65,58,71,47,69,27,83,1948.0,1935.0,0.24,0.03,1.45,Phoenix,KPHX,2015,1,Jan,58.0,7.0,False,False,0.21
2015-01-30,58,55,60,47,69,28,82,1970.0,1935.0,0.35,0.03,1.19,Phoenix,KPHX,2015,1,Jan,58.0,0.0,False,False,0.31999999999999995
2015-01-31,57,53,60,47,69,27,86,1949.0,2003.0,0.07,0.03,0.59,Phoenix,KPHX,2015,1,Jan,58.0,-1.0,False,False,0.04000000000000001
2015-02-01,60,50,69,47,69,28,83,1985.0,2003.0,0.0,0.03,1.13,Phoenix,KPHX,2015,2,Feb,58.0,2.0,False,False,-0.03
2015-02-02,61,48,73,47,69,29,82,1922.0,1925.0,0.0,0.03,0.35,Phoenix,KPHX,2015,2,Feb,58.0,3.0,False,False,-0.03
2015-02-03,63,50,76,47,69,28,86,1922.0,1925.0,0.0,0.03,1.06,Phoenix,KPHX,2015,2,Feb,58.0,5.0,False,False,-0.03
2015-02-04,65,52,77,47,69,27,85,1955.0,1963.0,0.0,0.02,0.89,Phoenix,KPHX,2015,2,Feb,58.0,7.0,False,False,-0.02
2015-02-05,67,52,82,47,69,28,87,1964.0,1963.0,0.0,0.03,0.82,Phoenix,KPHX,2015,2,Feb,58.0,9.0,False,False,-0.03
2015-02-06,69,54,84,48,69,28,87,1955.0,1963.0,0.0,0.03,0.92,Phoenix,KPHX,2015,2,Feb,58.5,10.5,True,False,-0.03
2015-02-07,67,53,81,48,70,24,89,1899.0,1963.0,0.0,0.03,0.74,Phoenix,KPHX,2015,2,Feb,59.0,8.0,False,False,-0.03
2015-02-08,69,55,82,48,70,24,86,1933.0,1970.0,0.0,0.03,0.83,Phoenix,KPHX,2015,2,Feb,59.0,10.0,False,False,-0.03
2015-02-09,69,55,83,48,70,28,84,1933.0,1987.0,0.0,0.03,0.88,Phoenix,KPHX,2015,2,Feb,59.0,10.0,True,False,-0.03
2015-02-10,70,57,83,48,70,28,87,1939.0,1951.0,0.0,0.03,0.81,Phoenix,KPHX,2015,2,Feb,59.0,11.0,False,False,-0.03
2015-02-11,68,54,81,48,70,26,83,1933.0,1951.0,0.0,0.03,0.77,Phoenix,KPHX,2015,2,Feb,59.0,9.0,True,False,-0.03
2015-02-12,68,58,78,48,70,28,84,1965.0,1971.0,0.0,0.02,0.74,Phoenix,KPHX,2015,2,Feb,59.0,9.0,False,False,-0.02
2015-02-13,68,55,80,48,70,27,88,1948.0,1957.0,0.0,0.03,1.42,Phoenix,KPHX,2015,2,Feb,59.0,9.0,False,False,-0.03
2015-02-14,69,54,83,49,71,28,85,1966.0,1957.0,0.0,0.04,0.92,Phoenix,KPHX,2015,2,Feb,60.0,9.0,True,False,-0.04
2015-02-15,71,63,79,49,71,26,86,1949.0,2014.0,0.0,0.03,0.79,Phoenix,KPHX,2015,2,Feb,60.0,11.0,False,False,-0.03
2015-02-16,67,55,79,49,71,28,84,1964.0,1977.0,0.0,0.03,0.68,Phoenix,KPHX,2015,2,Feb,60.0,7.0,False,False,-0.03
2015-02-17,66,55,77,49,71,26,88,1910.0,2014.0,0.0,0.04,0.57,Phoenix,KPHX,2015,2,Feb,60.0,6.0,False,False,-0.04
2015-02-18,65,50,79,49,71,29,86,1964.0,1977.0,0.0,0.03,0.72,Phoenix,KPHX,2015,2,Feb,60.0,5.0,False,False,-0.03
2015-02-19,66,52,80,49,71,29,88,1955.0,1977.0,0.0,0.04,0.93,Phoenix,KPHX,2015,2,Feb,60.0,6.0,False,False,-0.04
2015-02-20,67,55,79,50,72,27,87,1955.0,1977.0,0.0,0.04,0.55,Phoenix,KPHX,2015,2,Feb,61.0,6.0,False,False,-0.04
2015-02-21,67,54,79,50,72,29,86,1955.0,1982.0,0.0,0.04,0.73,Phoenix,KPHX,2015,2,Feb,61.0,6.0,False,False,-0.04
2015-02-22,64,56,72,50,72,26,87,1955.0,1982.0,0.0,0.04,0.45,Phoenix,KPHX,2015,2,Feb,61.0,3.0,False,False,-0.04
2015-02-23,65,59,70,50,72,29,89,1955.0,1989.0,0.01,0.03,0.94,Phoenix,KPHX,2015,2,Feb,61.0,4.0,False,False,-0.019999999999999997
2015-02-24,59,51,67,50,72,29,91,1964.0,1904.0,0.0,0.04,1.46,Phoenix,KPHX,2015,2,Feb,61.0,-2.0,False,False,-0.04
2015-02-25,60,47,72,50,72,29,92,1960.0,1921.0,0.0,0.04,0.81,Phoenix,KPHX,2015,2,Feb,61.0,-1.0,False,False,-0.04
2015-02-26,64,51,77,51,73,33,91,1919.0,1986.0,0.0,0.04,0.62,Phoenix,KPHX,2015,2,Feb,62.0,2.0,False,False,-0.04
2015-02-27,64,50,78,51,73,28,92,1964.0,1986.0,0.0,0.03,0.57,Phoenix,KPHX,2015,2,Feb,62.0,2.0,False,False,-0.03
2015-02-28,65,60,70,51,73,30,89,1962.0,1986.0,0.0,0.04,0.75,Phoenix,KPHX,2015,2,Feb,62.0,3.0,False,False,-0.04
2015-03-01,69,61,77,51,73,31,89,1964.0,1986.0,0.0,0.04,0.94,Phoenix,KPHX,2015,3,Mar,62.0,7.0,False,False,-0.04
2015-03-02,59,52,66,51,74,30,90,1971.0,1921.0,0.23,0.04,0.74,Phoenix,KPHX,2015,3,Mar,62.5,-3.5,False,False,0.19
2015-03-03,56,47,65,51,74,28,91,1966.0,1921.0,0.07,0.04,1.98,Phoenix,KPHX,2015,3,Mar,62.5,-6.5,False,False,0.030000000000000006
2015-03-04,59,47,70,52,74,25,88,1966.0,1972.0,0.0,0.04,1.16,Phoenix,KPHX,2015,3,Mar,63.0,-4.0,False,False,-0.04
2015-03-05,61,46,75,52,74,31,93,1966.0,1972.0,0.0,0.03,0.97,Phoenix,KPHX,2015,3,Mar,63.0,-2.0,False,False,-0.03
2015-03-06,67,51,83,52,74,34,92,1967.0,1972.0,0.0,0.04,1.53,Phoenix,KPHX,2015,3,Mar,63.0,4.0,False,False,-0.04
2015-03-07,69,55,83,52,75,34,91,1931.0,1972.0,0.0,0.04,0.71,Phoenix,KPHX,2015,3,Mar,63.5,5.5,False,False,-0.04
2015-03-08,69,55,83,52,75,32,92,1969.0,1989.0,0.0,0.03,0.84,Phoenix,KPHX,2015,3,Mar,63.5,5.5,False,False,-0.03
2015-03-09,70,56,84,52,75,29,94,1964.0,1972.0,0.0,0.04,0.98,Phoenix,KPHX,2015,3,Mar,63.5,6.5,False,False,-0.04
2015-03-10,73,58,87,53,75,34,95,1964.0,1972.0,0.0,0.04,0.52,Phoenix,KPHX,2015,3,Mar,64.0,9.0,False,False,-0.04
2015-03-11,73,59,87,53,76,33,94,1899.0,1900.0,0.0,0.03,1.4,Phoenix,KPHX,2015,3,Mar,64.5,8.5,False,False,-0.03
2015-03-12,77,68,86,53,76,34,94,1909.0,1900.0,0.0,0.04,1.1,Phoenix,KPHX,2015,3,Mar,64.5,12.5,False,False,-0.04
2015-03-13,74,60,88,53,76,32,92,1954.0,1972.0,0.0,0.04,0.51,Phoenix,KPHX,2015,3,Mar,64.5,9.5,False,False,-0.04
2015-03-14,76,63,88,53,76,33,95,1969.0,2013.0,0.0,0.03,1.07,Phoenix,KPHX,2015,3,Mar,64.5,11.5,False,False,-0.03
2015-03-15,76,63,89,53,77,31,92,1962.0,2007.0,0.0,0.04,0.79,Phoenix,KPHX,2015,3,Mar,65.0,11.0,True,False,-0.04
2015-03-16,78,65,90,54,77,34,99,1917.0,2007.0,0.0,0.04,1.14,Phoenix,KPHX,2015,3,Mar,65.5,12.5,False,False,-0.04
2015-03-17,78,64,91,54,77,31,99,1917.0,2007.0,0.0,0.03,0.54,Phoenix,KPHX,2015,3,Mar,65.5,12.5,False,False,-0.03
2015-03-18,72,62,81,54,77,36,94,1954.0,2007.0,0.02,0.03,0.25,Phoenix,KPHX,2015,3,Mar,65.5,6.5,False,False,-0.009999999999999998
2015-03-19,65,60,70,54,78,34,92,1898.0,2004.0,0.01,0.04,0.54,Phoenix,KPHX,2015,3,Mar,66.0,-1.0,False,False,-0.03
2015-03-20,71,61,81,54,78,35,95,1898.0,2004.0,0.0,0.03,0.86,Phoenix,KPHX,2015,3,Mar,66.0,5.0,False,False,-0.03
2015-03-21,73,60,85,54,78,35,97,1955.0,2004.0,0.0,0.02,0.27,Phoenix,KPHX,2015,3,Mar,66.0,7.0,False,False,-0.02
2015-03-22,75,60,89,55,78,32,94,1897.0,1990.0,0.0,0.03,0.81,Phoenix,KPHX,2015,3,Mar,66.5,8.5,False,False,-0.03
2015-03-23,75,61,88,55,79,31,93,1897.0,1990.0,0.0,0.03,0.52,Phoenix,KPHX,2015,3,Mar,67.0,8.0,False,False,-0.03
2015-03-24,73,59,86,55,79,36,94,1949.0,1990.0,0.0,0.03,0.4,Phoenix,KPHX,2015,3,Mar,67.0,6.0,False,False,-0.03
2015-03-25,75,62,88,55,79,34,93,1929.0,1990.0,0.0,0.02,0.64,Phoenix,KPHX,2015,3,Mar,67.0,8.0,False,False,-0.02
2015-03-26,77,64,89,55,79,35,100,1913.0,1988.0,0.0,0.03,1.19,Phoenix,KPHX,2015,3,Mar,67.0,10.0,False,False,-0.03
2015-03-27,79,63,95,55,80,33,98,1898.0,1986.0,0.0,0.02,0.65,Phoenix,KPHX,2015,3,Mar,67.5,11.5,True,False,-0.02
2015-03-28,80,64,95,56,80,34,95,1898.0,1986.0,0.0,0.02,0.91,Phoenix,KPHX,2015,3,Mar,68.0,12.0,True,False,-0.02
2015-03-29,81,65,97,56,80,36,97,1907.0,2015.0,0.0,0.02,0.42,Phoenix,KPHX,2015,3,Mar,68.0,13.0,True,False,-0.02
2015-03-30,83,70,96,56,81,38,97,1898.0,2004.0,0.0,0.02,0.14,Phoenix,KPHX,2015,3,Mar,68.5,14.5,True,False,-0.02
2015-03-31,82,68,95,56,81,32,95,1897.0,2015.0,0.0,0.02,0.27,Phoenix,KPHX,2015,3,Mar,68.5,13.5,True,False,-0.02
2015-04-01,79,67,91,56,81,37,100,1904.0,2011.0,0.0,0.02,0.46,Phoenix,KPHX,2015,4,Apr,68.5,10.5,False,False,-0.02
2015-04-02,76,64,87,57,81,37,98,1917.0,1943.0,0.0,0.01,0.68,Phoenix,KPHX,2015,4,Apr,69.0,7.0,False,False,-0.01
2015-04-03,73,60,86,57,82,38,97,1906.0,1943.0,0.0,0.02,0.69,Phoenix,KPHX,2015,4,Apr,69.5,3.5,False,False,-0.02
2015-04-04,76,62,89,57,82,39,98,1955.0,1961.0,0.0,0.02,0.43,Phoenix,KPHX,2015,4,Apr,69.5,6.5,False,False,-0.02
2015-04-05,75,61,89,57,82,37,98,1921.0,1989.0,0.0,0.01,1.3,Phoenix,KPHX,2015,4,Apr,69.5,5.5,False,False,-0.01
2015-04-06,74,61,86,57,82,38,102,1909.0,1989.0,0.0,0.02,0.56,Phoenix,KPHX,2015,4,Apr,69.5,4.5,False,False,-0.02
2015-04-07,71,58,84,58,83,38,104,1922.0,1989.0,0.0,0.02,0.19,Phoenix,KPHX,2015,4,Apr,70.5,0.5,False,False,-0.02
2015-04-08,70,61,78,58,83,39,104,1929.0,1989.0,0.0,0.01,0.99,Phoenix,KPHX,2015,4,Apr,70.5,-0.5,False,False,-0.01
2015-04-09,69,54,83,58,83,40,102,1953.0,1989.0,0.0,0.02,0.36,Phoenix,KPHX,2015,4,Apr,70.5,-1.5,False,False,-0.02
2015-04-10,72,57,87,58,84,35,100,1922.0,1989.0,0.0,0.01,0.83,Phoenix,KPHX,2015,4,Apr,71.0,1.0,False,False,-0.01
2015-04-11,73,60,86,59,84,39,98,1979.0,1989.0,0.0,0.01,1.05,Phoenix,KPHX,2015,4,Apr,71.5,1.5,False,False,-0.01
2015-04-12,76,65,86,59,84,40,99,1967.0,1936.0,0.0,0.01,0.27,Phoenix,KPHX,2015,4,Apr,71.5,4.5,False,False,-0.01
2015-04-13,77,63,90,59,84,39,99,1927.0,1962.0,0.0,0.01,0.16,Phoenix,KPHX,2015,4,Apr,71.5,5.5,False,False,-0.01
2015-04-14,81,67,94,60,85,40,103,1945.0,1925.0,0.0,0.01,0.38,Phoenix,KPHX,2015,4,Apr,72.5,8.5,False,False,-0.01
2015-04-15,75,65,84,60,85,40,101,1970.0,1962.0,0.0,0.0,0.3,Phoenix,KPHX,2015,4,Apr,72.5,2.5,False,False,0.0
2015-04-16,66,56,75,60,85,40,101,1924.0,1984.0,0.0,0.01,0.67,Phoenix,KPHX,2015,4,Apr,72.5,-6.5,False,False,-0.01
2015-04-17,69,55,82,61,86,38,100,1924.0,1987.0,0.0,0.01,0.45,Phoenix,KPHX,2015,4,Apr,73.5,-4.5,False,False,-0.01
2015-04-18,75,59,90,61,86,38,100,1896.0,1962.0,0.0,0.0,0.21,Phoenix,KPHX,2015,4,Apr,73.5,1.5,False,False,0.0
2015-04-19,77,62,92,61,86,37,103,1968.0,1989.0,0.0,0.01,0.82,Phoenix,KPHX,2015,4,Apr,73.5,3.5,False,False,-0.01
2015-04-20,79,65,93,61,87,38,105,1933.0,1989.0,0.0,0.01,0.41,Phoenix,KPHX,2015,4,Apr,74.0,5.0,False,False,-0.01
2015-04-21,78,65,91,62,87,42,103,1967.0,1989.0,0.0,0.0,0.44,Phoenix,KPHX,2015,4,Apr,74.5,3.5,False,False,0.0
2015-04-22,77,65,89,62,87,39,105,1904.0,2012.0,0.0,0.01,0.9,Phoenix,KPHX,2015,4,Apr,74.5,2.5,False,False,-0.01
2015-04-23,73,62,83,62,87,40,103,1923.0,2012.0,0.0,0.0,0.57,Phoenix,KPHX,2015,4,Apr,74.5,-1.5,False,False,0.0
2015-04-24,70,62,78,63,88,41,99,1923.0,1987.0,0.02,0.0,0.17,Phoenix,KPHX,2015,4,Apr,75.5,-5.5,False,False,0.02
2015-04-25,69,56,81,63,88,41,102,1964.0,1898.0,0.02,0.01,0.33,Phoenix,KPHX,2015,4,Apr,75.5,-6.5,False,False,0.01
2015-04-26,65,54,75,63,88,42,101,1964.0,1992.0,0.14,0.0,0.2,Phoenix,KPHX,2015,4,Apr,75.5,-10.5,False,False,0.14
2015-04-27,72,57,87,64,89,45,104,1963.0,1992.0,0.0,0.01,0.34,Phoenix,KPHX,2015,4,Apr,76.5,-4.5,False,False,-0.01
2015-04-28,81,68,93,64,89,45,104,1896.0,1992.0,0.0,0.0,0.65,Phoenix,KPHX,2015,4,Apr,76.5,4.5,False,False,0.0
2015-04-29,84,71,96,64,89,43,105,1970.0,1992.0,0.0,0.01,0.22,Phoenix,KPHX,2015,4,Apr,76.5,7.5,False,False,-0.01
2015-04-30,85,70,99,65,90,39,102,1967.0,1943.0,0.0,0.0,0.17,Phoenix,KPHX,2015,4,Apr,77.5,7.5,True,False,0.0
2015-05-01,86,70,101,65,90,42,103,1915.0,1985.0,0.0,0.0,0.27,Phoenix,KPHX,2015,5,May,77.5,8.5,True,False,0.0
2015-05-02,85,72,98,65,90,40,107,1967.0,1947.0,0.0,0.01,0.47,Phoenix,KPHX,2015,5,May,77.5,7.5,False,False,-0.01
2015-05-03,86,75,96,66,91,39,109,1899.0,1947.0,0.0,0.0,0.09,Phoenix,KPHX,2015,5,May,78.5,7.5,False,False,0.0
2015-05-04,75,65,85,66,91,45,106,1899.0,1947.0,0.24,0.01,0.91,Phoenix,KPHX,2015,5,May,78.5,-3.5,False,False,0.22999999999999998
2015-05-05,77,67,86,66,91,45,105,1964.0,1989.0,0.0,0.0,0.46,Phoenix,KPHX,2015,5,May,78.5,-1.5,False,False,0.0
2015-05-06,80,69,90,67,92,44,105,1964.0,1947.0,0.0,0.0,0.12,Phoenix,KPHX,2015,5,May,79.5,0.5,False,False,0.0
2015-05-07,76,65,86,67,92,45,108,1896.0,1989.0,0.0,0.01,0.15,Phoenix,KPHX,2015,5,May,79.5,-3.5,False,False,-0.01
2015-05-08,68,61,75,67,92,40,110,1965.0,1989.0,0.0,0.0,0.12,Phoenix,KPHX,2015,5,May,79.5,-11.5,False,False,0.0
2015-05-09,67,57,77,68,93,45,108,1950.0,1934.0,0.0,0.0,0.46,Phoenix,KPHX,2015,5,May,80.5,-13.5,False,False,0.0
2015-05-10,75,61,89,68,93,46,111,1930.0,1934.0,0.0,0.01,0.78,Phoenix,KPHX,2015,5,May,80.5,-5.5,False,False,-0.01
2015-05-11,82,67,96,68,93,43,110,1905.0,1934.0,0.0,0.0,0.17,Phoenix,KPHX,2015,5,May,80.5,1.5,False,False,0.0
2015-05-12,81,70,91,68,94,48,109,1905.0,1996.0,0.0,0.01,0.22,Phoenix,KPHX,2015,5,May,81.0,0.0,False,False,-0.01
2015-05-13,80,69,91,69,94,48,108,1962.0,1978.0,0.0,0.0,0.08,Phoenix,KPHX,2015,5,May,81.5,-1.5,False,False,0.0
2015-05-14,79,70,87,69,94,50,107,1907.0,1927.0,0.0,0.0,0.21,Phoenix,KPHX,2015,5,May,81.5,-2.5,False,False,0.0
2015-05-15,67,57,76,69,95,50,107,1968.0,1937.0,0.93,0.01,0.93,Phoenix,KPHX,2015,5,May,82.0,-15.0,False,False,0.92
2015-05-16,66,57,75,70,95,49,106,1955.0,1997.0,0.0,0.0,0.08,Phoenix,KPHX,2015,5,May,82.5,-16.5,False,False,0.0
2015-05-17,75,64,86,70,95,49,108,1943.0,1970.0,0.0,0.01,0.09,Phoenix,KPHX,2015,5,May,82.5,-7.5,False,False,-0.01
2015-05-18,78,65,90,70,95,44,107,1903.0,1970.0,0.0,0.0,0.06,Phoenix,KPHX,2015,5,May,82.5,-4.5,False,False,0.0
2015-05-19,76,65,87,70,96,48,110,1903.0,2008.0,0.0,0.0,0.23,Phoenix,KPHX,2015,5,May,83.0,-7.0,False,False,0.0
2015-05-20,80,67,93,71,96,49,108,1902.0,2008.0,0.0,0.01,0.73,Phoenix,KPHX,2015,5,May,83.5,-3.5,False,False,-0.01
2015-05-21,82,72,91,71,96,48,109,1902.0,2005.0,0.0,0.0,0.42,Phoenix,KPHX,2015,5,May,83.5,-1.5,False,False,0.0
2015-05-22,74,66,82,71,97,48,109,1962.0,2000.0,0.0,0.0,0.28,Phoenix,KPHX,2015,5,May,84.0,-10.0,False,False,0.0
2015-05-23,74,64,83,71,97,49,109,1965.0,2001.0,0.0,0.01,0.12,Phoenix,KPHX,2015,5,May,84.0,-10.0,False,False,-0.01
2015-05-24,76,66,85,72,97,52,109,1944.0,1983.0,0.0,0.0,0.34,Phoenix,KPHX,2015,5,May,84.5,-8.5,False,False,0.0
2015-05-25,80,67,92,72,98,48,108,1965.0,2001.0,0.0,0.0,0.05,Phoenix,KPHX,2015,5,May,85.0,-5.0,False,False,0.0
2015-05-26,84,71,96,72,98,48,112,1916.0,1951.0,0.0,0.01,0.14,Phoenix,KPHX,2015,5,May,85.0,-1.0,False,False,-0.01
2015-05-27,85,73,97,72,98,48,111,1917.0,1951.0,0.0,0.0,0.05,Phoenix,KPHX,2015,5,May,85.0,0.0,False,False,0.0
2015-05-28,85,71,98,73,99,53,113,1929.0,1983.0,0.0,0.0,0.27,Phoenix,KPHX,2015,5,May,86.0,-1.0,False,False,0.0
2015-05-29,88,73,103,73,99,50,112,1918.0,1910.0,0.0,0.0,0.08,Phoenix,KPHX,2015,5,May,86.0,2.0,False,False,0.0
2015-05-30,90,74,105,73,99,51,114,1918.0,1910.0,0.0,0.01,0.01,Phoenix,KPHX,2015,5,May,86.0,4.0,False,False,-0.01
2015-05-31,93,78,107,73,100,54,109,1918.0,2001.0,0.0,0.0,0.1,Phoenix,KPHX,2015,5,May,86.5,6.5,True,False,0.0
2015-06-01,92,78,105,74,100,50,111,1917.0,2012.0,0.0,0.0,0.02,Phoenix,KPHX,2015,6,Jun,87.0,5.0,False,False,0.0
2015-06-02,90,76,104,74,100,53,110,1917.0,1977.0,0.0,0.0,0.14,Phoenix,KPHX,2015,6,Jun,87.0,3.0,False,False,0.0
2015-06-03,88,74,102,74,101,51,112,1965.0,2006.0,0.0,0.0,0.41,Phoenix,KPHX,2015,6,Jun,87.5,0.5,False,False,0.0
2015-06-04,85,73,97,75,101,49,113,1908.0,1990.0,0.0,0.0,0.16,Phoenix,KPHX,2015,6,Jun,88.0,-3.0,False,False,0.0
2015-06-05,81,72,90,75,101,55,112,1932.0,1990.0,0.16,0.0,0.16,Phoenix,KPHX,2015,6,Jun,88.0,-7.0,False,False,0.16
2015-06-06,85,73,97,75,102,58,110,1967.0,2002.0,0.03,0.0,0.11,Phoenix,KPHX,2015,6,Jun,88.5,-3.5,False,False,0.03
2015-06-07,86,71,100,75,102,56,115,1963.0,1985.0,0.0,0.0,0.06,Phoenix,KPHX,2015,6,Jun,88.5,-2.5,False,False,0.0
2015-06-08,92,78,105,76,102,55,115,1950.0,1985.0,0.0,0.0,0.15,Phoenix,KPHX,2015,6,Jun,89.0,3.0,False,False,0.0
2015-06-09,89,83,95,76,103,54,114,1907.0,1985.0,0.0,0.0,0.07,Phoenix,KPHX,2015,6,Jun,89.5,-0.5,False,False,0.0
2015-06-10,88,80,95,76,103,55,111,1965.0,1978.0,0.0,0.0,0.26,Phoenix,KPHX,2015,6,Jun,89.5,-1.5,False,False,0.0
2015-06-11,91,82,100,76,103,55,114,1913.0,1918.0,0.0,0.0,0.02,Phoenix,KPHX,2015,6,Jun,89.5,1.5,False,False,0.0
2015-06-12,91,78,104,77,103,59,112,1913.0,1974.0,0.0,0.0,0.92,Phoenix,KPHX,2015,6,Jun,90.0,1.0,False,False,0.0
2015-06-13,93,80,105,77,104,59,114,1917.0,1936.0,0.0,0.0,0.04,Phoenix,KPHX,2015,6,Jun,90.5,2.5,False,False,0.0
2015-06-14,95,83,107,77,104,56,115,1922.0,1974.0,0.0,0.0,0.02,Phoenix,KPHX,2015,6,Jun,90.5,4.5,False,False,0.0
2015-06-15,99,86,112,78,104,54,115,1907.0,1974.0,0.0,0.0,0.08,Phoenix,KPHX,2015,6,Jun,91.0,8.0,True,False,0.0
2015-06-16,99,85,112,78,104,54,115,1907.0,1974.0,0.0,0.0,0.01,Phoenix,KPHX,2015,6,Jun,91.0,8.0,True,False,0.0
2015-06-17,100,86,114,78,105,54,114,1965.0,1896.0,0.0,0.0,0.19,Phoenix,KPHX,2015,6,Jun,91.5,8.5,True,False,0.0
2015-06-18,101,86,115,78,105,54,115,1921.0,1989.0,0.0,0.01,0.25,Phoenix,KPHX,2015,6,Jun,91.5,9.5,True,False,-0.01
2015-06-19,100,85,114,79,105,61,115,1965.0,1968.0,0.0,0.0,0.19,Phoenix,KPHX,2015,6,Jun,92.0,8.0,True,False,0.0
2015-06-20,96,80,112,79,105,61,115,1964.0,1968.0,0.0,0.0,0.15,Phoenix,KPHX,2015,6,Jun,92.0,4.0,True,False,0.0
2015-06-21,99,88,109,79,105,57,115,1923.0,1968.0,0.0,0.0,0.27,Phoenix,KPHX,2015,6,Jun,92.0,7.0,False,False,0.0
2015-06-22,97,85,109,80,106,56,116,1965.0,1988.0,0.0,0.0,1.37,Phoenix,KPHX,2015,6,Jun,93.0,4.0,False,False,0.0
2015-06-23,99,87,111,80,106,61,116,1923.0,1974.0,0.0,0.0,0.84,Phoenix,KPHX,2015,6,Jun,93.0,6.0,False,False,0.0
2015-06-24,100,87,112,80,106,62,118,1945.0,1929.0,0.0,0.0,0.26,Phoenix,KPHX,2015,6,Jun,93.0,7.0,False,False,0.0
2015-06-25,100,90,110,80,106,60,120,1965.0,1990.0,0.0,0.0,0.34,Phoenix,KPHX,2015,6,Jun,93.0,7.0,False,False,0.0
2015-06-26,98,89,107,81,106,62,122,1963.0,1990.0,0.0,0.0,0.07,Phoenix,KPHX,2015,6,Jun,93.5,4.5,False,False,0.0
2015-06-27,99,90,108,81,106,55,118,1965.0,1990.0,0.01,0.0,0.04,Phoenix,KPHX,2015,6,Jun,93.5,5.5,False,False,0.01
2015-06-28,99,87,110,81,106,59,118,1965.0,1990.0,0.0,0.01,0.26,Phoenix,KPHX,2015,6,Jun,93.5,5.5,False,False,-0.01
2015-06-29,98,86,110,81,107,59,119,1913.0,2013.0,0.05,0.0,0.09,Phoenix,KPHX,2015,6,Jun,94.0,4.0,False,False,0.05
2015-06-30,96,85,107,82,107,64,115,1913.0,1950.0,0.0,0.0,0.21,Phoenix,KPHX,2015,6,Jun,94.5,1.5,False,False,0.0
2014-07-01,77,60,94,54,73,45,94,1948.0,2014.0,0.0,0.03,0.75,Seattle,KSEA,2014,7,Jul,63.5,13.5,True,False,-0.03
2014-07-02,70,58,81,54,73,43,93,1954.0,2015.0,0.0,0.03,0.5,Seattle,KSEA,2014,7,Jul,63.5,6.5,False,False,-0.03
2014-07-03,64,57,71,54,74,44,92,1954.0,2015.0,0.0,0.03,0.47,Seattle,KSEA,2014,7,Jul,64.0,0.0,False,False,-0.03
2014-07-04,66,57,75,54,74,43,92,1949.0,2015.0,0.0,0.03,0.57,Seattle,KSEA,2014,7,Jul,64.0,2.0,False,False,-0.03
2014-07-05,66,56,76,55,74,47,91,1951.0,1958.0,0.0,0.03,0.64,Seattle,KSEA,2014,7,Jul,64.5,1.5,False,False,-0.03
2014-07-06,72,59,84,55,74,45,94,1949.0,1960.0,0.0,0.03,0.44,Seattle,KSEA,2014,7,Jul,64.5,7.5,False,False,-0.03
2014-07-07,73,64,81,55,74,47,90,1955.0,2010.0,0.0,0.03,0.58,Seattle,KSEA,2014,7,Jul,64.5,8.5,False,False,-0.03
2014-07-08,73,60,86,55,75,47,95,1950.0,2010.0,0.0,0.03,0.8,Seattle,KSEA,2014,7,Jul,65.0,8.0,False,False,-0.03
2014-07-09,69,57,80,55,75,48,93,1960.0,2010.0,0.0,0.02,0.81,Seattle,KSEA,2014,7,Jul,65.0,4.0,False,False,-0.02
2014-07-10,70,55,84,55,75,46,90,1960.0,1945.0,0.0,0.03,0.38,Seattle,KSEA,2014,7,Jul,65.0,5.0,False,False,-0.03
2014-07-11,74,59,88,55,75,49,98,1960.0,2007.0,0.0,0.03,0.25,Seattle,KSEA,2014,7,Jul,65.0,9.0,False,False,-0.03
2014-07-12,76,62,90,55,75,47,97,1954.0,1961.0,0.0,0.02,0.64,Seattle,KSEA,2014,7,Jul,65.0,11.0,False,False,-0.02
2014-07-13,72,59,85,56,76,50,93,2010.0,1961.0,0.0,0.02,0.85,Seattle,KSEA,2014,7,Jul,66.0,6.0,False,False,-0.02
2014-07-14,71,59,82,56,76,50,91,1982.0,1996.0,0.0,0.03,0.74,Seattle,KSEA,2014,7,Jul,66.0,5.0,False,False,-0.03
2014-07-15,73,57,88,56,76,49,92,1982.0,1958.0,0.0,0.02,0.11,Seattle,KSEA,2014,7,Jul,66.0,7.0,False,False,-0.02
2014-07-16,73,58,88,56,76,50,98,1968.0,1979.0,0.0,0.02,0.65,Seattle,KSEA,2014,7,Jul,66.0,7.0,False,False,-0.02
2014-07-17,69,57,80,56,76,48,96,1950.0,1979.0,0.0,0.02,0.35,Seattle,KSEA,2014,7,Jul,66.0,3.0,False,False,-0.02
2014-07-18,64,53,75,56,76,47,93,1952.0,1995.0,0.0,0.02,0.29,Seattle,KSEA,2014,7,Jul,66.0,-2.0,False,False,-0.02
2014-07-19,69,59,78,56,77,48,95,1962.0,1988.0,0.0,0.02,0.45,Seattle,KSEA,2014,7,Jul,66.5,2.5,False,False,-0.02
2014-07-20,63,58,67,56,77,50,100,1953.0,1994.0,0.0,0.02,0.6,Seattle,KSEA,2014,7,Jul,66.5,-3.5,False,False,-0.02
2014-07-21,66,56,75,56,77,48,97,1951.0,2006.0,0.0,0.01,0.29,Seattle,KSEA,2014,7,Jul,66.5,-0.5,False,False,-0.01
2014-07-22,63,56,70,56,77,49,96,1973.0,2006.0,0.01,0.02,0.33,Seattle,KSEA,2014,7,Jul,66.5,-3.5,False,False,-0.01
2014-07-23,61,56,66,56,77,47,99,1955.0,1991.0,0.76,0.02,0.76,Seattle,KSEA,2014,7,Jul,66.5,-5.5,False,False,0.74
2014-07-24,62,55,69,56,77,43,95,1953.0,2004.0,0.0,0.02,0.28,Seattle,KSEA,2014,7,Jul,66.5,-4.5,False,False,-0.02
2014-07-25,64,54,73,56,77,47,94,1954.0,1988.0,0.0,0.02,0.4,Seattle,KSEA,2014,7,Jul,66.5,-2.5,False,False,-0.02
2014-07-26,68,56,79,56,77,49,92,1952.0,1971.0,0.0,0.02,0.73,Seattle,KSEA,2014,7,Jul,66.5,1.5,False,False,-0.02
2014-07-27,71,59,83,57,77,46,95,1956.0,1958.0,0.0,0.01,0.3,Seattle,KSEA,2014,7,Jul,67.0,4.0,False,False,-0.01
2014-07-28,73,59,87,57,77,47,97,1953.0,1958.0,0.0,0.02,0.22,Seattle,KSEA,2014,7,Jul,67.0,6.0,False,False,-0.02
2014-07-29,73,60,86,57,77,45,103,1954.0,2009.0,0.0,0.02,0.17,Seattle,KSEA,2014,7,Jul,67.0,6.0,False,False,-0.02
2014-07-30,72,58,85,57,77,48,96,1951.0,2009.0,0.0,0.01,0.39,Seattle,KSEA,2014,7,Jul,67.0,5.0,False,False,-0.01
2014-07-31,76,64,87,57,77,47,93,1954.0,1959.0,0.0,0.02,0.26,Seattle,KSEA,2014,7,Jul,67.0,9.0,False,False,-0.02
2014-08-01,72,59,84,57,77,50,92,1954.0,1949.0,0.0,0.02,0.52,Seattle,KSEA,2014,8,Aug,67.0,5.0,False,False,-0.02
2014-08-02,73,60,85,57,77,46,89,1953.0,1977.0,0.02,0.02,0.76,Seattle,KSEA,2014,8,Aug,67.0,6.0,False,False,0.0
2014-08-03,74,58,89,57,77,46,90,1956.0,1988.0,0.0,0.01,0.47,Seattle,KSEA,2014,8,Aug,67.0,7.0,True,False,-0.01
2014-08-04,76,61,91,57,77,44,95,1950.0,1993.0,0.0,0.02,0.61,Seattle,KSEA,2014,8,Aug,67.0,9.0,False,False,-0.02
2014-08-05,67,57,77,57,77,49,93,1950.0,2012.0,0.0,0.02,0.36,Seattle,KSEA,2014,8,Aug,67.0,0.0,False,False,-0.02
2014-08-06,69,59,79,57,77,50,91,1974.0,1972.0,0.0,0.02,0.57,Seattle,KSEA,2014,8,Aug,67.0,2.0,False,False,-0.02
2014-08-07,67,56,78,56,77,48,95,1948.0,1972.0,0.0,0.02,0.95,Seattle,KSEA,2014,8,Aug,66.5,0.5,False,False,-0.02
2014-08-08,67,56,78,56,77,47,98,1974.0,1960.0,0.0,0.02,0.13,Seattle,KSEA,2014,8,Aug,66.5,0.5,False,False,-0.02
2014-08-09,71,60,81,56,77,47,99,1950.0,1960.0,0.0,0.03,0.61,Seattle,KSEA,2014,8,Aug,66.5,4.5,False,False,-0.03
2014-08-10,72,57,87,56,77,46,98,1954.0,1981.0,0.0,0.02,0.28,Seattle,KSEA,2014,8,Aug,66.5,5.5,False,False,-0.02
2014-08-11,80,64,96,56,77,46,96,1954.0,2014.0,0.02,0.03,0.32,Seattle,KSEA,2014,8,Aug,66.5,13.5,True,False,-0.009999999999999998
2014-08-12,72,63,81,56,77,49,96,1949.0,1977.0,0.5,0.02,0.56,Seattle,KSEA,2014,8,Aug,66.5,5.5,False,False,0.48
2014-08-13,67,59,74,56,77,44,92,1955.0,2002.0,0.85,0.03,0.85,Seattle,KSEA,2014,8,Aug,66.5,0.5,False,False,0.82
2014-08-14,67,63,70,56,77,44,95,1955.0,2010.0,0.0,0.03,1.6,Seattle,KSEA,2014,8,Aug,66.5,0.5,False,False,-0.03
2014-08-15,69,62,76,56,77,47,96,1955.0,2010.0,0.04,0.03,1.2,Seattle,KSEA,2014,8,Aug,66.5,2.5,False,False,0.010000000000000002
2014-08-16,69,60,78,56,77,50,98,1986.0,1967.0,0.0,0.03,0.41,Seattle,KSEA,2014,8,Aug,66.5,2.5,False,False,-0.03
2014-08-17,71,59,82,56,76,45,96,1951.0,1977.0,0.0,0.03,0.93,Seattle,KSEA,2014,8,Aug,66.0,5.0,False,False,-0.03
2014-08-18,73,60,85,56,76,47,88,1951.0,1991.0,0.0,0.03,1.63,Seattle,KSEA,2014,8,Aug,66.0,7.0,True,False,-0.03
2014-08-19,71,60,81,56,76,48,88,1959.0,1967.0,0.0,0.03,0.88,Seattle,KSEA,2014,8,Aug,66.0,5.0,False,False,-0.03
2014-08-20,64,57,71,56,76,47,87,1952.0,1966.0,0.0,0.03,0.7,Seattle,KSEA,2014,8,Aug,66.0,-2.0,False,False,-0.03
2014-08-21,61,52,70,56,76,46,88,1973.0,1966.0,0.0,0.03,0.7,Seattle,KSEA,2014,8,Aug,66.0,-5.0,False,False,-0.03
2014-08-22,66,56,75,56,76,45,86,1960.0,1956.0,0.0,0.03,1.41,Seattle,KSEA,2014,8,Aug,66.0,0.0,False,False,-0.03
2014-08-23,70,57,82,56,76,46,91,1955.0,1988.0,0.0,0.04,1.49,Seattle,KSEA,2014,8,Aug,66.0,4.0,False,False,-0.04
2014-08-24,67,56,77,55,76,45,88,1951.0,1982.0,0.0,0.03,1.0,Seattle,KSEA,2014,8,Aug,65.5,1.5,False,False,-0.03
2014-08-25,71,58,84,55,75,45,87,1954.0,1982.0,0.0,0.03,0.59,Seattle,KSEA,2014,8,Aug,65.0,6.0,True,False,-0.03
2014-08-26,74,60,88,55,75,46,91,1957.0,1986.0,0.0,0.04,0.67,Seattle,KSEA,2014,8,Aug,65.0,9.0,True,False,-0.04
2014-08-27,73,61,84,55,75,44,88,1952.0,1986.0,0.0,0.04,0.76,Seattle,KSEA,2014,8,Aug,65.0,8.0,False,False,-0.04
2014-08-28,66,58,74,55,75,46,95,1952.0,1967.0,0.0,0.03,0.47,Seattle,KSEA,2014,8,Aug,65.0,1.0,False,False,-0.03
2014-08-29,66,59,73,55,75,44,91,1951.0,1974.0,0.0,0.04,0.87,Seattle,KSEA,2014,8,Aug,65.0,1.0,False,False,-0.04
2014-08-30,62,59,64,55,75,45,88,1950.0,1987.0,0.33,0.04,0.37,Seattle,KSEA,2014,8,Aug,65.0,-3.0,False,False,0.29000000000000004
2014-08-31,64,57,70,55,74,46,92,1950.0,1987.0,0.05,0.04,0.56,Seattle,KSEA,2014,8,Aug,64.5,-0.5,False,False,0.010000000000000002
2014-09-01,65,55,74,55,74,46,91,1973.0,1987.0,0.0,0.04,0.55,Seattle,KSEA,2014,9,Sep,64.5,0.5,False,False,-0.04
2014-09-02,63,57,68,55,74,41,98,1960.0,1988.0,0.12,0.03,0.71,Seattle,KSEA,2014,9,Sep,64.5,-1.5,False,False,0.09
2014-09-03,62,55,69,54,74,45,92,1956.0,1988.0,0.0,0.04,0.46,Seattle,KSEA,2014,9,Sep,64.0,-2.0,False,False,-0.04
2014-09-04,64,52,75,54,74,42,87,1952.0,1963.0,0.0,0.05,0.66,Seattle,KSEA,2014,9,Sep,64.0,0.0,False,False,-0.05
2014-09-05,70,57,82,54,74,44,88,1950.0,1973.0,0.0,0.04,1.09,Seattle,KSEA,2014,9,Sep,64.0,6.0,False,False,-0.04
2014-09-06,75,59,90,54,73,45,90,1948.0,2014.0,0.0,0.04,0.93,Seattle,KSEA,2014,9,Sep,63.5,11.5,True,False,-0.04
2014-09-07,70,56,83,54,73,45,94,1960.0,1981.0,0.0,0.04,0.26,Seattle,KSEA,2014,9,Sep,63.5,6.5,False,False,-0.04
2014-09-08,63,56,70,54,73,43,85,1950.0,1993.0,0.0,0.05,0.6,Seattle,KSEA,2014,9,Sep,63.5,-0.5,False,False,-0.05
2014-09-09,64,56,71,53,73,40,89,1952.0,1963.0,0.0,0.04,0.61,Seattle,KSEA,2014,9,Sep,63.0,1.0,False,False,-0.04
2014-09-10,63,54,72,53,72,39,85,1952.0,2007.0,0.0,0.04,0.64,Seattle,KSEA,2014,9,Sep,62.5,0.5,False,False,-0.04
2014-09-11,66,55,76,53,72,40,93,1952.0,2013.0,0.0,0.05,0.58,Seattle,KSEA,2014,9,Sep,62.5,3.5,False,False,-0.05
2014-09-12,66,55,76,53,72,44,85,1949.0,1961.0,0.0,0.04,0.6,Seattle,KSEA,2014,9,Sep,62.5,3.5,False,False,-0.04
2014-09-13,67,50,83,53,72,39,87,1952.0,1999.0,0.0,0.05,0.51,Seattle,KSEA,2014,9,Sep,62.5,4.5,False,False,-0.05
2014-09-14,70,53,86,53,71,46,93,1955.0,1979.0,0.0,0.04,0.73,Seattle,KSEA,2014,9,Sep,62.0,8.0,False,False,-0.04
2014-09-15,71,54,87,52,71,42,93,1952.0,1967.0,0.0,0.05,0.69,Seattle,KSEA,2014,9,Sep,61.5,9.5,False,False,-0.05
2014-09-16,65,57,72,52,71,44,91,1952.0,1967.0,0.0,0.05,0.76,Seattle,KSEA,2014,9,Sep,61.5,3.5,False,False,-0.05
2014-09-17,66,58,73,52,70,42,85,1965.0,1991.0,0.02,0.04,1.49,Seattle,KSEA,2014,9,Sep,61.0,5.0,False,False,-0.02
2014-09-18,63,59,67,52,70,41,85,1955.0,1991.0,0.01,0.05,0.78,Seattle,KSEA,2014,9,Sep,61.0,2.0,False,False,-0.04
2014-09-19,68,61,75,52,70,40,82,1957.0,1999.0,0.0,0.05,0.79,Seattle,KSEA,2014,9,Sep,61.0,7.0,False,False,-0.05
2014-09-20,67,58,76,51,69,40,88,1949.0,1974.0,0.0,0.06,1.05,Seattle,KSEA,2014,9,Sep,60.0,7.0,False,False,-0.06
2014-09-21,67,55,79,51,69,39,88,1955.0,1952.0,0.0,0.05,0.94,Seattle,KSEA,2014,9,Sep,60.0,7.0,False,False,-0.05
2014-09-22,66,59,72,51,69,37,92,1955.0,1990.0,0.01,0.06,1.65,Seattle,KSEA,2014,9,Sep,60.0,6.0,False,False,-0.049999999999999996
2014-09-23,62,58,66,51,68,40,83,1948.0,1957.0,0.72,0.05,0.72,Seattle,KSEA,2014,9,Sep,59.5,2.5,False,False,0.6699999999999999
2014-09-24,62,58,66,50,68,38,89,1948.0,1974.0,0.8,0.06,0.99,Seattle,KSEA,2014,9,Sep,59.0,3.0,False,False,0.74
2014-09-25,65,58,71,50,68,36,85,1972.0,1991.0,0.17,0.06,0.63,Seattle,KSEA,2014,9,Sep,59.0,6.0,False,False,0.11000000000000001
2014-09-26,63,57,68,50,67,39,78,1972.0,1967.0,0.35,0.07,1.51,Seattle,KSEA,2014,9,Sep,58.5,4.5,False,False,0.27999999999999997
2014-09-27,61,53,69,50,67,35,89,1972.0,1967.0,0.0,0.06,1.04,Seattle,KSEA,2014,9,Sep,58.5,2.5,False,False,-0.06
2014-09-28,60,54,66,50,67,38,84,1950.0,2003.0,0.0,0.07,1.71,Seattle,KSEA,2014,9,Sep,58.5,1.5,False,False,-0.07
2014-09-29,57,52,62,49,66,37,81,1954.0,1992.0,0.03,0.06,0.92,Seattle,KSEA,2014,9,Sep,57.5,-0.5,False,False,-0.03
2014-09-30,61,54,67,49,66,36,82,1950.0,1992.0,0.0,0.07,1.65,Seattle,KSEA,2014,9,Sep,57.5,3.5,False,False,-0.07
2014-10-01,59,52,65,49,65,35,89,1950.0,1987.0,0.0,0.07,0.56,Seattle,KSEA,2014,10,Oct,57.0,2.0,False,False,-0.07
2014-10-02,59,50,67,49,65,35,79,1950.0,1993.0,0.0,0.07,0.8,Seattle,KSEA,2014,10,Oct,57.0,2.0,False,False,-0.07
2014-10-03,60,48,72,48,65,39,80,1949.0,1993.0,0.0,0.07,0.67,Seattle,KSEA,2014,10,Oct,56.5,3.5,False,False,-0.07
2014-10-04,63,54,71,48,64,38,76,1957.0,1966.0,0.0,0.07,0.92,Seattle,KSEA,2014,10,Oct,56.0,7.0,False,False,-0.07
2014-10-05,64,53,75,48,64,38,82,1974.0,1980.0,0.0,0.08,1.26,Seattle,KSEA,2014,10,Oct,56.0,8.0,False,False,-0.08
2014-10-06,67,56,78,48,63,37,78,1955.0,1952.0,0.0,0.08,2.72,Seattle,KSEA,2014,10,Oct,55.5,11.5,True,False,-0.08
2014-10-07,62,57,66,48,63,37,75,1983.0,1951.0,0.0,0.09,0.71,Seattle,KSEA,2014,10,Oct,55.5,6.5,False,False,-0.09
2014-10-08,62,55,69,47,63,39,80,1949.0,1951.0,0.0,0.08,1.16,Seattle,KSEA,2014,10,Oct,55.0,7.0,False,False,-0.08
2014-10-09,58,52,63,47,62,35,79,1960.0,1996.0,0.0,0.09,1.27,Seattle,KSEA,2014,10,Oct,54.5,3.5,False,False,-0.09
2014-10-10,58,50,65,47,62,40,77,1972.0,1987.0,0.01,0.09,1.02,Seattle,KSEA,2014,10,Oct,54.5,3.5,False,False,-0.08
2014-10-11,59,53,65,47,61,37,83,1969.0,1991.0,0.29,0.09,0.89,Seattle,KSEA,2014,10,Oct,54.0,5.0,False,False,0.19999999999999998
2014-10-12,59,53,64,47,61,40,72,2002.0,2006.0,0.0,0.09,0.7,Seattle,KSEA,2014,10,Oct,54.0,5.0,False,False,-0.09
2014-10-13,60,50,70,46,61,35,75,1954.0,1961.0,0.3,0.1,0.66,Seattle,KSEA,2014,10,Oct,53.5,6.5,False,False,0.19999999999999998
2014-10-14,58,53,62,46,60,36,80,1949.0,1961.0,0.28,0.11,0.77,Seattle,KSEA,2014,10,Oct,53.0,5.0,False,False,0.17000000000000004
2014-10-15,57,53,61,46,60,35,77,1952.0,1991.0,0.34,0.1,0.93,Seattle,KSEA,2014,10,Oct,53.0,4.0,False,False,0.24000000000000002
2014-10-16,61,52,69,46,60,35,70,1980.0,1974.0,0.0,0.11,0.78,Seattle,KSEA,2014,10,Oct,53.0,8.0,True,False,-0.11
2014-10-17,58,53,62,46,59,34,74,1949.0,1989.0,0.13,0.11,1.24,Seattle,KSEA,2014,10,Oct,52.5,5.5,False,False,0.020000000000000004
2014-10-18,62,57,67,45,59,32,70,1949.0,1974.0,0.59,0.11,1.19,Seattle,KSEA,2014,10,Oct,52.0,10.0,True,False,0.48
2014-10-19,64,55,72,45,58,28,72,1949.0,2014.0,0.0,0.12,1.05,Seattle,KSEA,2014,10,Oct,51.5,12.5,True,False,-0.12
2014-10-20,58,54,61,45,58,29,69,1949.0,1987.0,0.46,0.12,5.02,Seattle,KSEA,2014,10,Oct,51.5,6.5,False,False,0.34
2014-10-21,57,53,61,45,58,32,72,1949.0,1965.0,0.04,0.13,1.29,Seattle,KSEA,2014,10,Oct,51.5,5.5,False,False,-0.09
2014-10-22,57,53,60,45,57,34,70,1950.0,1965.0,1.26,0.12,1.26,Seattle,KSEA,2014,10,Oct,51.0,6.0,False,False,1.1400000000000001
2014-10-23,53,47,58,45,57,32,73,1953.0,1965.0,0.37,0.14,1.24,Seattle,KSEA,2014,10,Oct,51.0,2.0,False,False,0.22999999999999998
2014-10-24,53,48,58,44,57,33,72,1954.0,1965.0,0.16,0.14,1.1,Seattle,KSEA,2014,10,Oct,50.5,2.5,False,False,0.01999999999999999
2014-10-25,55,47,62,44,57,31,67,1954.0,1965.0,0.24,0.14,1.16,Seattle,KSEA,2014,10,Oct,50.5,4.5,False,False,0.09999999999999998
2014-10-26,51,46,55,44,56,29,65,1954.0,1998.0,0.06,0.15,2.13,Seattle,KSEA,2014,10,Oct,50.0,1.0,False,False,-0.09
2014-10-27,52,44,60,44,56,31,67,1970.0,1968.0,0.03,0.15,1.23,Seattle,KSEA,2014,10,Oct,50.0,2.0,False,False,-0.12
2014-10-28,54,49,59,44,56,30,66,1971.0,1962.0,0.5,0.16,1.53,Seattle,KSEA,2014,10,Oct,50.0,4.0,False,False,0.33999999999999997
2014-10-29,58,53,62,43,55,31,65,1970.0,1986.0,0.02,0.16,1.24,Seattle,KSEA,2014,10,Oct,49.0,9.0,True,False,-0.14
2014-10-30,56,52,60,43,55,30,66,1991.0,1967.0,1.0,0.17,1.36,Seattle,KSEA,2014,10,Oct,49.0,7.0,False,False,0.83
2014-10-31,51,47,55,43,55,30,71,2003.0,1949.0,0.67,0.17,1.04,Seattle,KSEA,2014,10,Oct,49.0,2.0,False,False,0.5
2014-11-01,49,45,52,43,55,30,67,2003.0,1981.0,0.0,0.19,1.56,Seattle,KSEA,2014,11,Nov,49.0,0.0,False,False,-0.19
2014-11-02,51,45,56,43,54,31,72,1952.0,1970.0,0.07,0.19,2.18,Seattle,KSEA,2014,11,Nov,48.5,2.5,False,False,-0.12
2014-11-03,55,52,57,43,54,29,74,1953.0,2010.0,0.43,0.2,1.37,Seattle,KSEA,2014,11,Nov,48.5,6.5,False,False,0.22999999999999998
2014-11-04,55,51,58,42,54,30,74,1957.0,1949.0,0.16,0.2,1.91,Seattle,KSEA,2014,11,Nov,48.0,7.0,False,False,-0.04000000000000001
2014-11-05,55,51,59,42,53,31,65,2003.0,1960.0,0.19,0.2,1.01,Seattle,KSEA,2014,11,Nov,47.5,7.5,False,False,-0.010000000000000009
2014-11-06,57,51,62,42,53,30,65,2003.0,1976.0,0.16,0.21,3.29,Seattle,KSEA,2014,11,Nov,47.5,9.5,True,False,-0.04999999999999999
2014-11-07,52,45,58,42,53,31,62,1952.0,2008.0,0.0,0.2,1.93,Seattle,KSEA,2014,11,Nov,47.5,4.5,False,False,-0.2
2014-11-08,47,39,55,42,53,27,64,1948.0,1952.0,0.0,0.22,0.85,Seattle,KSEA,2014,11,Nov,47.5,-0.5,False,False,-0.22
2014-11-09,51,46,56,41,52,27,64,1948.0,1997.0,0.2,0.21,2.95,Seattle,KSEA,2014,11,Nov,46.5,4.5,False,False,-0.009999999999999981
2014-11-10,47,42,52,41,52,30,63,1948.0,1997.0,0.0,0.22,1.08,Seattle,KSEA,2014,11,Nov,46.5,0.5,False,False,-0.22
2014-11-11,40,34,46,41,52,15,65,1955.0,1990.0,0.0,0.23,1.48,Seattle,KSEA,2014,11,Nov,46.5,-6.5,False,False,-0.23
2014-11-12,38,32,44,41,52,13,60,1955.0,1953.0,0.0,0.23,1.52,Seattle,KSEA,2014,11,Nov,46.5,-8.5,False,False,-0.23
2014-11-13,39,33,45,41,51,14,62,1955.0,1997.0,0.0,0.23,1.68,Seattle,KSEA,2014,11,Nov,46.0,-7.0,False,False,-0.23
2014-11-14,37,28,45,40,51,9,65,1955.0,1995.0,0.0,0.23,2.61,Seattle,KSEA,2014,11,Nov,45.5,-8.5,False,False,-0.23
2014-11-15,38,29,47,40,51,6,62,1955.0,2001.0,0.0,0.23,1.09,Seattle,KSEA,2014,11,Nov,45.5,-7.5,False,False,-0.23
2014-11-16,39,28,49,40,51,21,68,1955.0,1965.0,0.0,0.23,1.08,Seattle,KSEA,2014,11,Nov,45.5,-6.5,False,False,-0.23
2014-11-17,40,28,51,40,51,23,61,1955.0,1995.0,0.0,0.23,1.06,Seattle,KSEA,2014,11,Nov,45.5,-5.5,False,False,-0.23
2014-11-18,38,31,45,40,50,29,59,2000.0,1965.0,0.0,0.23,2.06,Seattle,KSEA,2014,11,Nov,45.0,-7.0,False,True,-0.23
2014-11-19,44,36,52,39,50,25,60,1977.0,2008.0,0.0,0.24,2.13,Seattle,KSEA,2014,11,Nov,44.5,-0.5,False,False,-0.24
2014-11-20,47,42,52,39,50,25,64,1985.0,1987.0,0.14,0.23,3.41,Seattle,KSEA,2014,11,Nov,44.5,2.5,False,False,-0.09
2014-11-21,50,47,52,39,50,21,62,1977.0,1954.0,0.6,0.23,1.26,Seattle,KSEA,2014,11,Nov,44.5,5.5,False,False,0.37
2014-11-22,47,44,49,39,49,14,58,1985.0,1954.0,0.02,0.22,1.76,Seattle,KSEA,2014,11,Nov,44.0,3.0,False,False,-0.2
2014-11-23,49,42,55,38,49,10,58,1985.0,1959.0,0.47,0.22,2.49,Seattle,KSEA,2014,11,Nov,43.5,5.5,True,False,0.24999999999999997
2014-11-24,47,40,53,38,49,14,59,2010.0,1974.0,0.05,0.23,2.93,Seattle,KSEA,2014,11,Nov,43.5,3.5,False,False,-0.18
2014-11-25,53,49,57,38,49,18,59,1985.0,1949.0,0.72,0.22,3.04,Seattle,KSEA,2014,11,Nov,43.5,9.5,True,False,0.5
2014-11-26,57,54,59,38,48,25,61,1952.0,1949.0,0.01,0.22,1.34,Seattle,KSEA,2014,11,Nov,43.0,14.0,True,False,-0.21
2014-11-27,56,53,58,38,48,19,58,1985.0,2013.0,0.13,0.22,1.3,Seattle,KSEA,2014,11,Nov,43.0,13.0,True,False,-0.09
2014-11-28,47,38,55,37,48,17,59,1952.0,1999.0,1.35,0.21,1.55,Seattle,KSEA,2014,11,Nov,42.5,4.5,False,False,1.1400000000000001
2014-11-29,32,24,40,37,48,18,59,2006.0,1999.0,0.14,0.23,1.08,Seattle,KSEA,2014,11,Nov,42.5,-10.5,False,False,-0.09
2014-11-30,30,23,37,37,48,21,59,1985.0,2012.0,0.0,0.22,1.5,Seattle,KSEA,2014,11,Nov,42.5,-12.5,False,True,-0.22
2014-12-01,33,26,40,37,47,20,57,1985.0,1958.0,0.0,0.2,1.52,Seattle,KSEA,2014,12,Dec,42.0,-9.0,False,False,-0.2
2014-12-02,34,26,42,37,47,25,57,1985.0,1958.0,0.0,0.2,1.75,Seattle,KSEA,2014,12,Dec,42.0,-8.0,False,True,-0.2
2014-12-03,41,32,50,36,47,27,60,1994.0,1965.0,0.0,0.2,3.77,Seattle,KSEA,2014,12,Dec,41.5,-0.5,False,False,-0.2
2014-12-04,43,39,47,36,47,21,57,1994.0,1989.0,0.03,0.19,1.41,Seattle,KSEA,2014,12,Dec,41.5,1.5,False,False,-0.16
2014-12-05,50,44,55,36,47,23,55,1956.0,1954.0,0.12,0.19,1.67,Seattle,KSEA,2014,12,Dec,41.5,8.5,True,False,-0.07
2014-12-06,50,46,53,36,46,19,57,1956.0,1965.0,0.29,0.18,1.39,Seattle,KSEA,2014,12,Dec,41.0,9.0,False,False,0.10999999999999999
2014-12-07,51,43,58,36,46,18,58,1972.0,2014.0,0.0,0.19,0.88,Seattle,KSEA,2014,12,Dec,41.0,10.0,True,False,-0.19
2014-12-08,53,48,58,36,46,13,59,1972.0,1957.0,0.36,0.18,1.61,Seattle,KSEA,2014,12,Dec,41.0,12.0,True,False,0.18
2014-12-09,56,51,61,36,46,18,61,2009.0,2014.0,0.39,0.17,1.78,Seattle,KSEA,2014,12,Dec,41.0,15.0,True,False,0.22
2014-12-10,58,50,66,36,46,16,66,2009.0,2014.0,0.51,0.17,1.55,Seattle,KSEA,2014,12,Dec,41.0,17.0,True,False,0.33999999999999997
2014-12-11,53,47,58,35,46,21,58,2009.0,2014.0,0.27,0.17,1.42,Seattle,KSEA,2014,12,Dec,40.5,12.5,True,False,0.1
2014-12-12,49,45,52,35,46,22,60,1972.0,1960.0,0.0,0.16,2.19,Seattle,KSEA,2014,12,Dec,40.5,8.5,False,False,-0.16
2014-12-13,45,39,50,35,46,19,59,1972.0,1952.0,0.0,0.17,1.63,Seattle,KSEA,2014,12,Dec,40.5,4.5,False,False,-0.17
2014-12-14,45,35,55,35,45,22,59,2008.0,2002.0,0.0,0.17,1.67,Seattle,KSEA,2014,12,Dec,40.0,5.0,False,False,-0.17
2014-12-15,49,44,54,35,45,19,63,2008.0,1980.0,0.0,0.16,1.6,Seattle,KSEA,2014,12,Dec,40.0,9.0,False,False,-0.16
2014-12-16,49,47,50,35,45,10,57,1964.0,1974.0,0.0,0.17,1.32,Seattle,KSEA,2014,12,Dec,40.0,9.0,False,False,-0.17
2014-12-17,46,43,48,35,45,11,57,1964.0,1994.0,0.11,0.16,1.61,Seattle,KSEA,2014,12,Dec,40.0,6.0,False,False,-0.05
2014-12-18,47,44,49,35,45,18,54,1964.0,1958.0,0.51,0.16,1.23,Seattle,KSEA,2014,12,Dec,40.0,7.0,False,False,0.35
2014-12-19,49,45,52,35,45,17,56,1990.0,1994.0,0.12,0.17,1.19,Seattle,KSEA,2014,12,Dec,40.0,9.0,False,False,-0.05000000000000002
2014-12-20,50,44,55,35,45,14,57,1990.0,1973.0,0.77,0.16,1.93,Seattle,KSEA,2014,12,Dec,40.0,10.0,True,False,0.61
2014-12-21,53,50,55,35,45,12,56,1990.0,2005.0,0.0,0.17,0.99,Seattle,KSEA,2014,12,Dec,40.0,13.0,True,False,-0.17
2014-12-22,47,43,51,35,45,14,57,1983.0,2005.0,0.0,0.17,1.28,Seattle,KSEA,2014,12,Dec,40.0,7.0,False,False,-0.17
2014-12-23,48,41,54,35,45,9,58,1983.0,1950.0,0.81,0.17,1.14,Seattle,KSEA,2014,12,Dec,40.0,8.0,False,False,0.64
2014-12-24,42,39,45,35,45,16,62,1948.0,2005.0,0.21,0.17,0.75,Seattle,KSEA,2014,12,Dec,40.0,2.0,False,False,0.03999999999999998
2014-12-25,42,37,46,35,45,24,60,1995.0,1980.0,0.0,0.17,1.06,Seattle,KSEA,2014,12,Dec,40.0,2.0,False,False,-0.17
2014-12-26,39,35,42,36,45,22,62,1948.0,1980.0,0.0,0.17,2.14,Seattle,KSEA,2014,12,Dec,40.5,-1.5,False,False,-0.17
2014-12-27,45,40,49,36,45,20,58,1968.0,1994.0,0.13,0.17,1.53,Seattle,KSEA,2014,12,Dec,40.5,4.5,False,False,-0.04000000000000001
2014-12-28,41,37,44,36,45,12,56,1990.0,1980.0,0.16,0.16,0.89,Seattle,KSEA,2014,12,Dec,40.5,0.5,False,False,0.0
2014-12-29,38,33,43,36,45,8,54,1968.0,1949.0,0.0,0.16,1.92,Seattle,KSEA,2014,12,Dec,40.5,-2.5,False,False,-0.16
2014-12-30,33,28,38,36,45,6,56,1968.0,1958.0,0.0,0.16,1.06,Seattle,KSEA,2014,12,Dec,40.5,-7.5,False,False,-0.16
2014-12-31,33,27,38,36,46,13,56,1968.0,1963.0,0.0,0.16,1.3,Seattle,KSEA,2014,12,Dec,41.0,-8.0,False,False,-0.16
2015-01-01,34,26,42,36,46,10,58,1952.0,2006.0,0.0,0.18,1.37,Seattle,KSEA,2015,1,Jan,41.0,-7.0,False,False,-0.18
2015-01-02,37,32,42,36,46,6,56,1950.0,2003.0,0.06,0.18,1.77,Seattle,KSEA,2015,1,Jan,41.0,-4.0,False,False,-0.12
2015-01-03,38,35,41,36,46,6,58,1950.0,1984.0,0.0,0.19,1.01,Seattle,KSEA,2015,1,Jan,41.0,-3.0,False,False,-0.19
2015-01-04,45,38,51,36,46,14,61,1950.0,1984.0,0.4,0.19,1.56,Seattle,KSEA,2015,1,Jan,41.0,4.0,False,False,0.21000000000000002
2015-01-05,52,49,54,36,46,15,55,1982.0,2006.0,0.32,0.18,1.33,Seattle,KSEA,2015,1,Jan,41.0,11.0,True,False,0.14
2015-01-06,49,43,54,37,46,14,57,1982.0,2003.0,0.0,0.19,1.22,Seattle,KSEA,2015,1,Jan,41.5,7.5,True,False,-0.19
2015-01-07,44,42,46,37,46,19,59,1973.0,2002.0,0.0,0.19,2.29,Seattle,KSEA,2015,1,Jan,41.5,2.5,False,False,-0.19
2015-01-08,41,35,46,37,46,18,54,1949.0,1953.0,0.0,0.2,1.13,Seattle,KSEA,2015,1,Jan,41.5,-0.5,False,False,-0.2
2015-01-09,44,38,50,37,46,13,56,1949.0,2003.0,0.01,0.19,2.83,Seattle,KSEA,2015,1,Jan,41.5,2.5,False,False,-0.18
2015-01-10,45,43,46,37,47,12,59,1949.0,1981.0,0.23,0.2,0.94,Seattle,KSEA,2015,1,Jan,42.0,3.0,False,False,0.03
2015-01-11,47,45,49,37,47,12,59,1963.0,1987.0,0.06,0.19,1.26,Seattle,KSEA,2015,1,Jan,42.0,5.0,False,False,-0.13
2015-01-12,46,40,52,37,47,13,59,1963.0,1986.0,0.0,0.19,1.3,Seattle,KSEA,2015,1,Jan,42.0,4.0,False,False,-0.19
2015-01-13,43,37,49,37,47,11,56,1950.0,1986.0,0.0,0.18,1.63,Seattle,KSEA,2015,1,Jan,42.0,1.0,False,False,-0.18
2015-01-14,38,33,43,37,47,8,59,1950.0,1968.0,0.0,0.19,1.61,Seattle,KSEA,2015,1,Jan,42.0,-4.0,False,False,-0.19
2015-01-15,40,34,46,37,47,15,58,1950.0,1974.0,0.38,0.19,1.68,Seattle,KSEA,2015,1,Jan,42.0,-2.0,False,False,0.19
2015-01-16,48,42,53,37,47,13,55,1950.0,2011.0,0.0,0.2,1.78,Seattle,KSEA,2015,1,Jan,42.0,6.0,True,False,-0.2
2015-01-17,47,38,56,37,47,15,56,1950.0,2015.0,1.03,0.19,2.39,Seattle,KSEA,2015,1,Jan,42.0,5.0,True,False,0.8400000000000001
2015-01-18,51,45,57,37,48,9,60,1950.0,2005.0,0.84,0.19,2.98,Seattle,KSEA,2015,1,Jan,42.5,8.5,True,False,0.6499999999999999
2015-01-19,47,43,50,37,48,18,62,1954.0,2005.0,0.02,0.18,2.26,Seattle,KSEA,2015,1,Jan,42.5,4.5,False,False,-0.16
2015-01-20,44,38,50,37,48,16,64,1954.0,1981.0,0.0,0.19,1.66,Seattle,KSEA,2015,1,Jan,42.5,1.5,False,False,-0.19
2015-01-21,38,31,45,37,48,13,62,1962.0,1981.0,0.0,0.17,1.64,Seattle,KSEA,2015,1,Jan,42.5,-4.5,False,False,-0.17
2015-01-22,46,43,49,37,48,19,60,1962.0,1981.0,0.03,0.17,1.29,Seattle,KSEA,2015,1,Jan,42.5,3.5,False,False,-0.14
2015-01-23,51,47,54,37,48,16,56,1949.0,2001.0,0.23,0.17,1.36,Seattle,KSEA,2015,1,Jan,42.5,8.5,True,False,0.06
2015-01-24,55,52,58,37,48,10,58,1950.0,1995.0,0.02,0.16,1.36,Seattle,KSEA,2015,1,Jan,42.5,12.5,True,False,-0.14
2015-01-25,54,45,63,37,48,7,63,1950.0,2015.0,0.0,0.17,0.93,Seattle,KSEA,2015,1,Jan,42.5,11.5,True,False,-0.17
2015-01-26,52,43,61,37,48,9,61,1957.0,2015.0,0.0,0.16,1.03,Seattle,KSEA,2015,1,Jan,42.5,9.5,True,False,-0.16
2015-01-27,50,47,52,37,48,11,58,1957.0,1952.0,0.03,0.16,1.61,Seattle,KSEA,2015,1,Jan,42.5,7.5,False,False,-0.13
2015-01-28,48,41,54,37,48,7,57,1950.0,1976.0,0.0,0.16,1.23,Seattle,KSEA,2015,1,Jan,42.5,5.5,True,False,-0.16
2015-01-29,46,38,54,37,49,6,60,1950.0,1992.0,0.0,0.16,1.63,Seattle,KSEA,2015,1,Jan,43.0,3.0,False,False,-0.16
2015-01-30,41,34,47,37,49,7,59,1950.0,1992.0,0.0,0.15,1.0,Seattle,KSEA,2015,1,Jan,43.0,-2.0,False,False,-0.15
2015-01-31,42,38,45,37,49,0,61,1950.0,1960.0,0.0,0.16,1.93,Seattle,KSEA,2015,1,Jan,43.0,-1.0,False,False,-0.16
2015-02-01,45,40,49,37,49,1,63,1950.0,1962.0,0.06,0.13,1.34,Seattle,KSEA,2015,2,Feb,43.0,2.0,False,False,-0.07
2015-02-02,47,41,52,37,49,8,64,1950.0,1962.0,0.29,0.13,1.32,Seattle,KSEA,2015,2,Feb,43.0,4.0,False,False,0.15999999999999998
2015-02-03,46,42,50,37,49,8,63,1950.0,1992.0,0.05,0.14,1.29,Seattle,KSEA,2015,2,Feb,43.0,3.0,False,False,-0.09000000000000001
2015-02-04,46,40,51,37,49,7,63,1989.0,1993.0,0.33,0.13,0.91,Seattle,KSEA,2015,2,Feb,43.0,3.0,False,False,0.2
2015-02-05,52,47,56,37,49,14,62,1989.0,1987.0,1.03,0.14,1.03,Seattle,KSEA,2015,2,Feb,43.0,9.0,False,False,0.89
2015-02-06,54,50,58,37,49,18,64,1989.0,1993.0,0.68,0.13,1.54,Seattle,KSEA,2015,2,Feb,43.0,11.0,False,False,0.55
2015-02-07,52,49,54,37,49,20,66,1989.0,1963.0,0.93,0.14,2.58,Seattle,KSEA,2015,2,Feb,43.0,9.0,False,False,0.79
2015-02-08,53,47,59,37,49,22,68,1994.0,1963.0,0.14,0.13,3.06,Seattle,KSEA,2015,2,Feb,43.0,10.0,False,False,0.010000000000000009
2015-02-09,52,47,56,37,49,26,62,1989.0,1968.0,0.24,0.13,2.98,Seattle,KSEA,2015,2,Feb,43.0,9.0,False,False,0.10999999999999999
2015-02-10,51,47,55,37,49,24,65,1982.0,1963.0,0.01,0.13,0.96,Seattle,KSEA,2015,2,Feb,43.0,8.0,False,False,-0.12000000000000001
2015-02-11,49,42,55,37,50,23,62,1948.0,1963.0,0.0,0.13,0.81,Seattle,KSEA,2015,2,Feb,43.5,5.5,False,False,-0.13
2015-02-12,56,49,62,37,50,21,66,1949.0,1963.0,0.04,0.12,1.23,Seattle,KSEA,2015,2,Feb,43.5,12.5,False,False,-0.07999999999999999
2015-02-13,52,44,60,37,50,18,60,1949.0,2015.0,0.0,0.13,1.4,Seattle,KSEA,2015,2,Feb,43.5,8.5,True,False,-0.13
2015-02-14,51,44,58,37,50,22,63,1995.0,1991.0,0.01,0.11,0.74,Seattle,KSEA,2015,2,Feb,43.5,7.5,False,False,-0.1
2015-02-15,47,39,54,37,50,13,65,1956.0,1996.0,0.0,0.12,0.94,Seattle,KSEA,2015,2,Feb,43.5,3.5,False,False,-0.12
2015-02-16,51,42,59,37,50,13,59,1956.0,2015.0,0.0,0.12,1.83,Seattle,KSEA,2015,2,Feb,43.5,7.5,True,False,-0.12
2015-02-17,51,40,61,37,50,23,61,1990.0,2015.0,0.0,0.12,0.68,Seattle,KSEA,2015,2,Feb,43.5,7.5,True,False,-0.12
2015-02-18,47,40,54,37,50,20,62,1990.0,1977.0,0.0,0.11,1.63,Seattle,KSEA,2015,2,Feb,43.5,3.5,False,False,-0.11
2015-02-19,49,47,51,37,50,22,67,1986.0,1977.0,0.18,0.12,1.76,Seattle,KSEA,2015,2,Feb,43.5,5.5,False,False,0.06
2015-02-20,49,45,52,37,50,25,62,1955.0,1977.0,0.03,0.12,0.74,Seattle,KSEA,2015,2,Feb,43.5,5.5,False,False,-0.09
2015-02-21,48,42,54,37,51,25,67,1957.0,1973.0,0.0,0.12,0.97,Seattle,KSEA,2015,2,Feb,44.0,4.0,False,False,-0.12
2015-02-22,46,38,53,37,51,30,64,2005.0,1966.0,0.0,0.12,0.71,Seattle,KSEA,2015,2,Feb,44.0,2.0,False,False,-0.12
2015-02-23,44,33,55,37,51,27,61,2011.0,1983.0,0.0,0.11,1.16,Seattle,KSEA,2015,2,Feb,44.0,0.0,False,False,-0.11
2015-02-24,44,36,52,37,51,24,62,2011.0,1949.0,0.0,0.12,1.55,Seattle,KSEA,2015,2,Feb,44.0,0.0,False,False,-0.12
2015-02-25,47,44,50,37,51,20,64,2011.0,1992.0,0.16,0.13,0.98,Seattle,KSEA,2015,2,Feb,44.0,3.0,False,False,0.03
2015-02-26,50,46,53,37,51,18,67,1962.0,1992.0,0.37,0.12,1.19,Seattle,KSEA,2015,2,Feb,44.0,6.0,False,False,0.25
2015-02-27,47,44,50,37,51,20,70,1962.0,1968.0,0.72,0.13,2.23,Seattle,KSEA,2015,2,Feb,44.0,3.0,False,False,0.59
2015-02-28,46,38,54,38,51,24,68,1971.0,1968.0,0.0,0.12,1.46,Seattle,KSEA,2015,2,Feb,44.5,1.5,False,False,-0.12
2015-03-01,43,34,52,38,52,23,62,1971.0,1968.0,0.0,0.13,0.84,Seattle,KSEA,2015,3,Mar,45.0,-2.0,False,False,-0.13
2015-03-02,46,40,52,38,52,22,64,1989.0,1990.0,0.0,0.14,1.16,Seattle,KSEA,2015,3,Mar,45.0,1.0,False,False,-0.14
2015-03-03,42,32,51,38,52,20,69,1989.0,1965.0,0.0,0.12,2.08,Seattle,KSEA,2015,3,Mar,45.0,-3.0,False,False,-0.12
2015-03-04,43,31,55,38,52,11,68,1955.0,1965.0,0.0,0.13,0.92,Seattle,KSEA,2015,3,Mar,45.0,-2.0,False,False,-0.13
2015-03-05,47,37,56,38,52,13,66,1955.0,1965.0,0.0,0.13,2.7,Seattle,KSEA,2015,3,Mar,45.0,2.0,False,False,-0.13
2015-03-06,49,38,59,38,52,26,68,1951.0,2007.0,0.0,0.12,1.18,Seattle,KSEA,2015,3,Mar,45.0,4.0,False,False,-0.12
2015-03-07,51,39,62,38,52,26,66,1951.0,2001.0,0.0,0.12,0.67,Seattle,KSEA,2015,3,Mar,45.0,6.0,False,False,-0.12
2015-03-08,51,39,63,38,53,28,67,1951.0,2005.0,0.0,0.12,1.27,Seattle,KSEA,2015,3,Mar,45.5,5.5,False,False,-0.12
2015-03-09,49,40,58,39,53,28,67,1951.0,1995.0,0.0,0.12,1.47,Seattle,KSEA,2015,3,Mar,46.0,3.0,False,False,-0.12
2015-03-10,49,41,56,39,53,20,68,1956.0,1979.0,0.03,0.12,0.87,Seattle,KSEA,2015,3,Mar,46.0,3.0,False,False,-0.09
2015-03-11,53,48,58,39,53,23,65,1956.0,2005.0,0.1,0.12,1.01,Seattle,KSEA,2015,3,Mar,46.0,7.0,False,False,-0.01999999999999999
2015-03-12,57,49,64,39,53,25,68,1956.0,1998.0,0.0,0.13,0.99,Seattle,KSEA,2015,3,Mar,46.0,11.0,False,False,-0.13
2015-03-13,55,46,63,39,53,28,70,1967.0,1979.0,0.08,0.12,0.7,Seattle,KSEA,2015,3,Mar,46.0,9.0,False,False,-0.039999999999999994
2015-03-14,53,49,57,39,53,26,64,1953.0,1996.0,0.67,0.13,0.76,Seattle,KSEA,2015,3,Mar,46.0,7.0,False,False,0.54
2015-03-15,47,43,51,39,54,30,65,1955.0,2010.0,2.2,0.12,2.2,Seattle,KSEA,2015,3,Mar,46.5,0.5,False,False,2.08
2015-03-16,50,43,57,39,54,29,66,1952.0,2007.0,0.04,0.12,1.09,Seattle,KSEA,2015,3,Mar,46.5,3.5,False,False,-0.07999999999999999
2015-03-17,48,40,56,40,54,27,65,1951.0,1972.0,0.03,0.12,1.05,Seattle,KSEA,2015,3,Mar,47.0,1.0,False,False,-0.09
2015-03-18,53,45,60,40,54,29,70,1954.0,1996.0,0.0,0.12,1.86,Seattle,KSEA,2015,3,Mar,47.0,6.0,False,False,-0.12
2015-03-19,54,47,60,40,54,27,63,1965.0,1951.0,0.0,0.11,1.27,Seattle,KSEA,2015,3,Mar,47.0,7.0,True,False,-0.11
2015-03-20,53,48,57,40,54,26,69,1955.0,1968.0,0.16,0.12,0.76,Seattle,KSEA,2015,3,Mar,47.0,6.0,False,False,0.04000000000000001
2015-03-21,52,47,56,40,55,29,69,1952.0,1992.0,0.15,0.12,2.04,Seattle,KSEA,2015,3,Mar,47.5,4.5,False,False,0.03
2015-03-22,48,43,53,40,55,28,68,1952.0,1979.0,0.04,0.13,1.81,Seattle,KSEA,2015,3,Mar,47.5,0.5,False,False,-0.09
2015-03-23,47,42,52,40,55,28,68,1954.0,1979.0,0.32,0.12,0.94,Seattle,KSEA,2015,3,Mar,47.5,-0.5,False,False,0.2
2015-03-24,49,43,55,40,55,30,68,1965.0,2010.0,0.3,0.11,0.98,Seattle,KSEA,2015,3,Mar,47.5,1.5,False,False,0.19
2015-03-25,52,45,58,40,55,31,64,1954.0,1969.0,0.2,0.12,0.62,Seattle,KSEA,2015,3,Mar,47.5,4.5,False,False,0.08000000000000002
2015-03-26,60,50,69,40,55,32,70,1975.0,1969.0,0.0,0.11,1.51,Seattle,KSEA,2015,3,Mar,47.5,12.5,True,False,-0.11
2015-03-27,57,48,65,41,55,26,71,1975.0,1994.0,0.04,0.11,0.64,Seattle,KSEA,2015,3,Mar,48.0,9.0,False,False,-0.07
2015-03-28,55,49,60,41,56,26,73,1954.0,1994.0,0.0,0.11,0.87,Seattle,KSEA,2015,3,Mar,48.5,6.5,False,False,-0.11
2015-03-29,54,48,60,41,56,24,78,1954.0,2004.0,0.0,0.11,1.08,Seattle,KSEA,2015,3,Mar,48.5,5.5,False,False,-0.11
2015-03-30,58,51,64,41,56,27,72,1954.0,1995.0,0.07,0.11,0.65,Seattle,KSEA,2015,3,Mar,48.5,9.5,False,False,-0.039999999999999994
2015-03-31,49,43,55,41,56,30,75,1949.0,1987.0,0.04,0.11,0.57,Seattle,KSEA,2015,3,Mar,48.5,0.5,False,False,-0.07
2015-04-01,49,42,55,41,56,29,82,1953.0,1987.0,0.2,0.11,1.13,Seattle,KSEA,2015,4,Apr,48.5,0.5,False,False,0.09000000000000001
2015-04-02,49,42,56,41,56,30,76,1963.0,1992.0,0.0,0.11,0.92,Seattle,KSEA,2015,4,Apr,48.5,0.5,False,False,-0.11
2015-04-03,47,41,52,41,56,32,71,1948.0,2004.0,0.06,0.11,1.46,Seattle,KSEA,2015,4,Apr,48.5,-1.5,False,False,-0.05
2015-04-04,47,39,55,41,57,31,75,1948.0,1966.0,0.0,0.11,2.64,Seattle,KSEA,2015,4,Apr,49.0,-2.0,False,False,-0.11
2015-04-05,50,37,62,41,57,29,73,1975.0,1966.0,0.0,0.1,0.79,Seattle,KSEA,2015,4,Apr,49.0,1.0,False,False,-0.1
2015-04-06,51,44,57,41,57,31,78,1956.0,2007.0,0.04,0.1,0.63,Seattle,KSEA,2015,4,Apr,49.0,2.0,False,False,-0.060000000000000005
2015-04-07,51,44,58,41,57,29,78,1952.0,1996.0,0.02,0.1,1.54,Seattle,KSEA,2015,4,Apr,49.0,2.0,False,False,-0.08
2015-04-08,53,43,63,41,57,29,70,1952.0,2012.0,0.0,0.1,0.83,Seattle,KSEA,2015,4,Apr,49.0,4.0,False,False,-0.1
2015-04-09,53,43,63,41,57,34,73,1982.0,1959.0,0.0,0.1,0.96,Seattle,KSEA,2015,4,Apr,49.0,4.0,False,False,-0.1
2015-04-10,52,46,57,42,57,30,74,1953.0,2004.0,0.43,0.09,0.78,Seattle,KSEA,2015,4,Apr,49.5,2.5,False,False,0.33999999999999997
2015-04-11,48,42,53,42,58,35,80,1991.0,2004.0,0.0,0.1,1.04,Seattle,KSEA,2015,4,Apr,50.0,-2.0,False,False,-0.1
2015-04-12,49,42,56,42,58,33,79,1968.0,2008.0,0.0,0.09,0.83,Seattle,KSEA,2015,4,Apr,50.0,-1.0,False,False,-0.09
2015-04-13,46,39,53,42,58,33,75,1968.0,1980.0,0.55,0.09,1.45,Seattle,KSEA,2015,4,Apr,50.0,-4.0,False,False,0.4600000000000001
2015-04-14,45,37,53,42,58,33,83,1955.0,1984.0,0.13,0.1,0.52,Seattle,KSEA,2015,4,Apr,50.0,-5.0,False,False,0.03
2015-04-15,48,38,57,42,58,33,74,1967.0,1999.0,0.0,0.09,0.75,Seattle,KSEA,2015,4,Apr,50.0,-2.0,False,False,-0.09
2015-04-16,52,39,64,42,59,34,81,1960.0,1999.0,0.0,0.09,0.95,Seattle,KSEA,2015,4,Apr,50.5,1.5,False,False,-0.09
2015-04-17,55,43,66,42,59,33,74,1964.0,1983.0,0.0,0.09,0.73,Seattle,KSEA,2015,4,Apr,50.5,4.5,False,False,-0.09
2015-04-18,57,47,66,42,59,34,77,1950.0,1962.0,0.0,0.09,0.4,Seattle,KSEA,2015,4,Apr,50.5,6.5,False,False,-0.09
2015-04-19,59,47,70,42,59,33,74,1961.0,1950.0,0.0,0.09,1.85,Seattle,KSEA,2015,4,Apr,50.5,8.5,False,False,-0.09
2015-04-20,60,46,73,43,59,30,74,1961.0,2009.0,0.0,0.08,0.45,Seattle,KSEA,2015,4,Apr,51.0,9.0,True,False,-0.08
2015-04-21,54,44,63,43,59,29,76,1951.0,1982.0,0.22,0.09,0.87,Seattle,KSEA,2015,4,Apr,51.0,3.0,False,False,0.13
2015-04-22,51,41,60,43,60,35,78,1950.0,1977.0,0.0,0.08,1.28,Seattle,KSEA,2015,4,Apr,51.5,-0.5,False,False,-0.08
2015-04-23,49,44,54,43,60,31,72,1954.0,1977.0,0.12,0.08,1.71,Seattle,KSEA,2015,4,Apr,51.5,-2.5,False,False,0.039999999999999994
2015-04-24,49,43,54,43,60,30,76,1950.0,1977.0,0.13,0.08,0.7,Seattle,KSEA,2015,4,Apr,51.5,-2.5,False,False,0.05
2015-04-25,49,42,56,43,60,34,77,1948.0,1992.0,0.05,0.07,0.52,Seattle,KSEA,2015,4,Apr,51.5,-2.5,False,False,-0.020000000000000004
2015-04-26,50,40,60,44,61,32,78,1948.0,1987.0,0.0,0.08,0.37,Seattle,KSEA,2015,4,Apr,52.5,-2.5,False,False,-0.08
2015-04-27,64,51,77,44,61,31,81,1948.0,1987.0,0.01,0.08,0.7,Seattle,KSEA,2015,4,Apr,52.5,11.5,False,False,-0.07
2015-04-28,54,48,60,44,61,31,76,1955.0,1968.0,0.07,0.07,0.44,Seattle,KSEA,2015,4,Apr,52.5,1.5,False,False,0.0
2015-04-29,53,45,61,44,61,31,80,1952.0,1976.0,0.0,0.07,1.06,Seattle,KSEA,2015,4,Apr,52.5,0.5,False,False,-0.07
2015-04-30,55,46,63,44,61,32,85,1954.0,1976.0,0.0,0.07,0.87,Seattle,KSEA,2015,4,Apr,52.5,2.5,False,False,-0.07
2015-05-01,57,48,65,44,62,28,85,1954.0,2014.0,0.0,0.07,0.81,Seattle,KSEA,2015,5,May,53.0,4.0,False,False,-0.07
2015-05-02,56,46,65,45,62,33,74,1952.0,1966.0,0.0,0.06,0.47,Seattle,KSEA,2015,5,May,53.5,2.5,False,False,-0.06
2015-05-03,58,46,69,45,62,35,77,1950.0,1992.0,0.0,0.07,1.31,Seattle,KSEA,2015,5,May,53.5,4.5,False,False,-0.07
2015-05-04,54,45,63,45,62,33,85,1962.0,1992.0,0.0,0.06,0.66,Seattle,KSEA,2015,5,May,53.5,0.5,False,False,-0.06
2015-05-05,52,45,58,45,63,36,86,1965.0,1953.0,0.24,0.07,0.59,Seattle,KSEA,2015,5,May,54.0,-2.0,False,False,0.16999999999999998
2015-05-06,54,45,62,45,63,36,87,1965.0,2013.0,0.0,0.07,0.89,Seattle,KSEA,2015,5,May,54.0,0.0,False,False,-0.07
2015-05-07,56,43,69,46,63,33,81,1962.0,1987.0,0.0,0.06,0.66,Seattle,KSEA,2015,5,May,54.5,1.5,False,False,-0.06
2015-05-08,61,47,75,46,63,36,84,1999.0,1969.0,0.0,0.06,0.54,Seattle,KSEA,2015,5,May,54.5,6.5,False,False,-0.06
2015-05-09,65,49,80,46,63,38,81,1999.0,1976.0,0.0,0.06,0.74,Seattle,KSEA,2015,5,May,54.5,10.5,True,False,-0.06
2015-05-10,60,52,67,46,64,38,80,1999.0,1993.0,0.0,0.07,0.61,Seattle,KSEA,2015,5,May,55.0,5.0,False,False,-0.07
2015-05-11,54,50,57,46,64,35,87,1953.0,1971.0,0.0,0.06,0.47,Seattle,KSEA,2015,5,May,55.0,-1.0,False,False,-0.06
2015-05-12,56,51,60,47,64,38,81,1964.0,1959.0,0.17,0.06,0.71,Seattle,KSEA,2015,5,May,55.5,0.5,False,False,0.11000000000000001
2015-05-13,52,50,54,47,64,37,84,1956.0,1973.0,0.16,0.06,0.44,Seattle,KSEA,2015,5,May,55.5,-3.5,False,False,0.1
2015-05-14,57,49,64,47,65,36,87,1964.0,1973.0,0.01,0.06,0.97,Seattle,KSEA,2015,5,May,56.0,1.0,False,False,-0.049999999999999996
2015-05-15,59,49,68,47,65,38,85,1964.0,2007.0,0.0,0.06,0.81,Seattle,KSEA,2015,5,May,56.0,3.0,False,False,-0.06
2015-05-16,56,52,60,47,65,40,84,2003.0,1985.0,0.0,0.06,0.64,Seattle,KSEA,2015,5,May,56.0,0.0,False,False,-0.06
2015-05-17,59,51,67,48,65,39,90,1966.0,2008.0,0.0,0.06,0.72,Seattle,KSEA,2015,5,May,56.5,2.5,False,False,-0.06
2015-05-18,66,54,78,48,65,37,89,1950.0,1958.0,0.0,0.06,0.72,Seattle,KSEA,2015,5,May,56.5,9.5,False,False,-0.06
2015-05-19,62,53,71,48,65,38,88,1975.0,1963.0,0.0,0.06,0.7,Seattle,KSEA,2015,5,May,56.5,5.5,False,False,-0.06
2015-05-20,63,51,74,48,66,40,92,1960.0,1963.0,0.0,0.06,0.56,Seattle,KSEA,2015,5,May,57.0,6.0,False,False,-0.06
2015-05-21,66,53,78,48,66,39,93,1960.0,1963.0,0.0,0.06,0.55,Seattle,KSEA,2015,5,May,57.0,9.0,False,False,-0.06
2015-05-22,58,53,62,49,66,37,86,1960.0,1969.0,0.0,0.06,0.67,Seattle,KSEA,2015,5,May,57.5,0.5,False,False,-0.06
2015-05-23,57,53,61,49,66,37,90,1950.0,1969.0,0.0,0.06,0.7,Seattle,KSEA,2015,5,May,57.5,-0.5,False,False,-0.06
2015-05-24,58,52,64,49,66,37,89,1950.0,1992.0,0.0,0.06,0.65,Seattle,KSEA,2015,5,May,57.5,0.5,False,False,-0.06
2015-05-25,56,52,60,49,66,37,84,1964.0,2001.0,0.0,0.06,0.41,Seattle,KSEA,2015,5,May,57.5,-1.5,False,False,-0.06
2015-05-26,62,53,71,49,67,40,89,1952.0,2005.0,0.0,0.07,0.61,Seattle,KSEA,2015,5,May,58.0,4.0,False,False,-0.07
2015-05-27,65,53,76,49,67,37,89,1966.0,2005.0,0.0,0.06,0.83,Seattle,KSEA,2015,5,May,58.0,7.0,False,False,-0.06
2015-05-28,68,54,82,50,67,38,92,1954.0,1983.0,0.0,0.07,0.88,Seattle,KSEA,2015,5,May,58.5,9.5,False,False,-0.07
2015-05-29,67,55,79,50,67,35,85,1951.0,1973.0,0.0,0.06,1.83,Seattle,KSEA,2015,5,May,58.5,8.5,False,False,-0.06
2015-05-30,62,50,73,50,67,36,87,1951.0,1956.0,0.0,0.07,1.06,Seattle,KSEA,2015,5,May,58.5,3.5,False,False,-0.07
2015-05-31,65,53,77,50,67,35,90,1953.0,1964.0,0.0,0.06,0.97,Seattle,KSEA,2015,5,May,58.5,6.5,False,False,-0.06
2015-06-01,57,53,61,50,67,40,94,1951.0,1970.0,0.18,0.07,1.75,Seattle,KSEA,2015,6,Jun,58.5,-1.5,False,False,0.10999999999999999
2015-06-02,60,55,64,50,68,40,94,1951.0,1970.0,0.02,0.06,0.48,Seattle,KSEA,2015,6,Jun,59.0,1.0,False,False,-0.039999999999999994
2015-06-03,61,53,68,50,68,42,89,1962.0,2009.0,0.0,0.06,1.08,Seattle,KSEA,2015,6,Jun,59.0,2.0,False,False,-0.06
2015-06-04,63,53,73,50,68,41,91,1962.0,2009.0,0.0,0.07,0.83,Seattle,KSEA,2015,6,Jun,59.0,4.0,False,False,-0.07
2015-06-05,68,55,80,51,68,41,92,1953.0,1978.0,0.0,0.06,0.63,Seattle,KSEA,2015,6,Jun,59.5,8.5,False,False,-0.06
2015-06-06,71,56,85,51,68,42,90,1962.0,2003.0,0.0,0.06,1.54,Seattle,KSEA,2015,6,Jun,59.5,11.5,False,False,-0.06
2015-06-07,74,60,88,51,68,44,90,2002.0,2003.0,0.0,0.06,0.81,Seattle,KSEA,2015,6,Jun,59.5,14.5,True,False,-0.06
2015-06-08,73,58,87,51,69,42,87,2002.0,1948.0,0.0,0.07,0.81,Seattle,KSEA,2015,6,Jun,60.0,13.0,True,False,-0.07
2015-06-09,71,58,84,51,69,44,96,1971.0,1955.0,0.0,0.06,0.72,Seattle,KSEA,2015,6,Jun,60.0,11.0,False,False,-0.06
2015-06-10,65,52,78,51,69,44,83,2008.0,1982.0,0.0,0.06,0.88,Seattle,KSEA,2015,6,Jun,60.0,5.0,False,False,-0.06
2015-06-11,64,52,76,51,69,40,84,1952.0,1989.0,0.0,0.06,1.16,Seattle,KSEA,2015,6,Jun,60.0,4.0,False,False,-0.06
2015-06-12,61,53,68,51,69,38,85,1952.0,1999.0,0.0,0.06,0.6,Seattle,KSEA,2015,6,Jun,60.0,1.0,False,False,-0.06
2015-06-13,62,49,75,52,69,42,94,1952.0,2002.0,0.0,0.05,0.37,Seattle,KSEA,2015,6,Jun,60.5,1.5,False,False,-0.05
2015-06-14,68,53,82,52,70,43,86,1955.0,1988.0,0.0,0.06,0.39,Seattle,KSEA,2015,6,Jun,61.0,7.0,False,False,-0.06
2015-06-15,74,61,86,52,70,43,88,1949.0,1963.0,0.0,0.05,0.37,Seattle,KSEA,2015,6,Jun,61.0,13.0,True,False,-0.05
2015-06-16,63,52,73,52,70,42,88,1954.0,1961.0,0.0,0.06,0.52,Seattle,KSEA,2015,6,Jun,61.0,2.0,False,False,-0.06
2015-06-17,65,52,77,52,70,43,91,1954.0,1969.0,0.0,0.05,0.51,Seattle,KSEA,2015,6,Jun,61.0,4.0,False,False,-0.05
2015-06-18,67,57,76,52,70,43,94,1954.0,1982.0,0.0,0.05,0.41,Seattle,KSEA,2015,6,Jun,61.0,6.0,False,False,-0.05
2015-06-19,66,56,75,52,70,43,92,1951.0,1982.0,0.02,0.05,0.33,Seattle,KSEA,2015,6,Jun,61.0,5.0,False,False,-0.030000000000000002
2015-06-20,66,55,77,53,71,43,88,1960.0,2004.0,0.0,0.05,1.14,Seattle,KSEA,2015,6,Jun,62.0,4.0,False,False,-0.05
2015-06-21,68,57,78,53,71,45,89,1960.0,1992.0,0.0,0.05,1.0,Seattle,KSEA,2015,6,Jun,62.0,6.0,False,False,-0.05
2015-06-22,66,55,77,53,71,45,92,1952.0,1992.0,0.0,0.04,0.62,Seattle,KSEA,2015,6,Jun,62.0,4.0,False,False,-0.04
2015-06-23,66,53,79,53,71,40,92,1952.0,1992.0,0.0,0.04,0.58,Seattle,KSEA,2015,6,Jun,62.0,4.0,False,False,-0.04
2015-06-24,70,61,78,53,72,45,92,1952.0,1992.0,0.0,0.05,1.0,Seattle,KSEA,2015,6,Jun,62.5,7.5,False,False,-0.05
2015-06-25,74,60,87,53,72,45,88,1949.0,2006.0,0.0,0.04,0.39,Seattle,KSEA,2015,6,Jun,62.5,11.5,True,False,-0.04
2015-06-26,77,64,89,53,72,46,90,1949.0,2006.0,0.0,0.03,0.32,Seattle,KSEA,2015,6,Jun,62.5,14.5,True,False,-0.03
2015-06-27,78,63,92,53,72,45,92,1949.0,2015.0,0.0,0.04,0.61,Seattle,KSEA,2015,6,Jun,62.5,15.5,True,False,-0.04
2015-06-28,74,65,83,54,72,45,91,1949.0,1995.0,0.01,0.04,0.79,Seattle,KSEA,2015,6,Jun,63.0,11.0,False,False,-0.03
2015-06-29,74,63,84,54,73,45,93,1949.0,1987.0,0.0,0.03,0.64,Seattle,KSEA,2015,6,Jun,63.5,10.5,False,False,-0.03
2015-06-30,73,59,87,54,73,43,96,1949.0,1995.0,0.0,0.04,0.84,Seattle,KSEA,2015,6,Jun,63.5,9.5,False,False,-0.04
